1403636579763555584.000000 0.000000000 0.000000000 0.000000000 -0.000000000 -0.000000000 -0.000000000 1.000000000
1403636579813555456.000000 0.000877806 0.015409647 0.005901602 0.001464585 0.002729961 -0.000763599 0.999994934
1403636579863555584.000000 0.001516115 0.034982868 0.012085654 -0.000904877 0.004964317 -0.002346300 0.999984562
1403636579913555456.000000 0.001934868 0.056678470 0.018025866 -0.006330199 0.005921331 -0.002795975 0.999958575
1403636579963555584.000000 0.001244323 0.080880865 0.023338266 -0.012682960 0.005899768 -0.002598995 0.999898791
1403636580013555456.000000 0.001415257 0.106057681 0.029933639 -0.018023556 0.005788735 -0.000918936 0.999820411
1403636580063555584.000000 0.001245680 0.130594417 0.036293462 -0.022050079 0.006127539 -0.000416225 0.999738038
1403636580113555456.000000 0.001333817 0.158053592 0.040219914 -0.024599966 0.005606034 0.002257508 0.999679148
1403636580163555584.000000 0.000855601 0.183147371 0.045466930 -0.026455402 0.005372890 0.003281861 0.999630213
1403636580213555456.000000 0.000272045 0.206828281 0.049724739 -0.028828604 0.005019046 0.003058142 0.999567151
1403636580263555584.000000 -0.000021732 0.228272930 0.053797565 -0.031592555 0.004857551 0.002578766 0.999485791
1403636580313555456.000000 0.000558507 0.248604104 0.057666752 -0.035737433 0.004652482 0.000516710 0.999350250
1403636580363555584.000000 0.000026739 0.266978383 0.059907004 -0.041629929 0.003446068 0.000067898 0.999127209
1403636580413555456.000000 -0.000693517 0.283121616 0.061177734 -0.049472015 0.003475096 -0.001540811 0.998768270
1403636580463555584.000000 -0.002041286 0.295990169 0.061874706 -0.058647711 0.003182455 -0.001846217 0.998272002
1403636580513555456.000000 -0.002836247 0.302495927 0.062435981 -0.067691430 0.002818384 -0.001809736 0.997700691
1403636580563555584.000000 -0.003605047 0.301034123 0.060871065 -0.074660964 0.001782436 -0.000730717 0.997207105
1403636580613555456.000000 -0.004236669 0.291425169 0.058497269 -0.076955721 -0.000094245 0.000542158 0.997034371
1403636580663555584.000000 -0.005188912 0.272790670 0.054887809 -0.075757787 -0.000418273 0.001057447 0.997125626
1403636580713555456.000000 -0.006056702 0.247069493 0.049827620 -0.071839049 0.000819077 -0.000748087 0.997415662
1403636580763555584.000000 -0.006466408 0.216600731 0.045574244 -0.066295952 0.003125372 -0.003967536 0.997787297
1403636580813555456.000000 -0.007152840 0.180616990 0.039850224 -0.059716105 0.006543708 -0.007490115 0.998165905
1403636580863555584.000000 -0.009138710 0.141680002 0.034107499 -0.052173693 0.011881283 -0.011201092 0.998504519
1403636580913555456.000000 -0.010052674 0.100983940 0.028180076 -0.044619940 0.017441595 -0.015498902 0.998731494
1403636580963555584.000000 -0.012553491 0.061816096 0.021041272 -0.036876537 0.019736916 -0.017813081 0.998966157
1403636581013555456.000000 -0.014139909 0.026385128 0.014900385 -0.029562574 0.019826625 -0.019346057 0.999179006
1403636581063555584.000000 -0.017432529 -0.008007206 0.010133861 -0.022223700 0.019212432 -0.019052420 0.999386847
1403636581113555456.000000 -0.018983429 -0.038957044 0.004643572 -0.015087924 0.019861393 -0.018040178 0.999526143
1403636581163555584.000000 -0.020357624 -0.068142727 -0.001575660 -0.006692125 0.020635346 -0.015228847 0.999648750
1403636581213555456.000000 -0.021139493 -0.095418662 -0.008937794 0.001609563 0.021267587 -0.013528756 0.999680996
1403636581263555584.000000 -0.022189910 -0.117425643 -0.015259926 0.011116391 0.021641459 -0.011382082 0.999639273
1403636581313555456.000000 -0.021830380 -0.131849006 -0.019373452 0.019135959 0.021282600 -0.012330742 0.999514341
1403636581363555584.000000 -0.020114787 -0.139000058 -0.020320578 0.024660928 0.021783099 -0.012888043 0.999375463
1403636581413555456.000000 -0.020779606 -0.139862701 -0.023085613 0.025879791 0.024081228 -0.015400675 0.999256313
1403636581463555584.000000 -0.019599985 -0.133161977 -0.024413453 0.023003398 0.025197348 -0.018061699 0.999254644
1403636581513555456.000000 -0.017680634 -0.114201963 -0.021123869 0.017520411 0.026442232 -0.020836163 0.999279678
1403636581563555584.000000 -0.016050147 -0.092157014 -0.015330700 0.011014014 0.027242595 -0.019446459 0.999379098
1403636581613555456.000000 -0.013057248 -0.063814856 -0.008204941 0.004330631 0.026111254 -0.017923022 0.999489009
1403636581663555584.000000 -0.010238748 -0.034195758 0.001773873 -0.000854964 0.025513977 -0.015699018 0.999550879
1403636581713555456.000000 -0.006197586 -0.004231533 0.007775230 -0.005041334 0.024546714 -0.016981190 0.999541759
1403636581763555584.000000 -0.003192915 0.028788166 0.015118867 -0.006566957 0.023199784 -0.015489122 0.999589264
1403636581813555456.000000 -0.000712811 0.061469026 0.020857342 -0.008112254 0.019981779 -0.015312275 0.999650180
1403636581863555584.000000 0.000164399 0.094710626 0.026046781 -0.010556230 0.018956324 -0.014911524 0.999653399
1403636581913555456.000000 0.001765782 0.127378270 0.031489581 -0.015648123 0.017097488 -0.012175658 0.999657273
1403636581963555584.000000 0.003430468 0.161512092 0.036516167 -0.022678763 0.019253837 -0.010979052 0.999497116
1403636582013555456.000000 0.004563047 0.192127973 0.043275535 -0.030846223 0.021238472 -0.009160426 0.999256492
1403636582063555584.000000 0.004886042 0.217973724 0.047780607 -0.040109817 0.022823906 -0.009107707 0.998893082
1403636582113555456.000000 0.005310192 0.240333751 0.051946551 -0.049103409 0.022320114 -0.009920865 0.998495042
1403636582163555584.000000 0.003988616 0.255862802 0.053893995 -0.056630790 0.020394659 -0.008835328 0.998147786
1403636582213555456.000000 0.002624929 0.263701856 0.054883480 -0.062784456 0.018413737 -0.009133980 0.997815430
1403636582263555584.000000 0.001493539 0.262941420 0.054761272 -0.066739783 0.017340951 -0.009106764 0.997578204
1403636582313555456.000000 -0.000324785 0.253613859 0.052762430 -0.067624561 0.015801990 -0.009000054 0.997545123
1403636582363555584.000000 -0.002151585 0.236044109 0.049395531 -0.064775854 0.014836659 -0.008222698 0.997755706
1403636582413555456.000000 -0.005080253 0.211396679 0.045035381 -0.058173150 0.014521119 -0.008559423 0.998164177
1403636582463555584.000000 -0.008659709 0.183703631 0.038585950 -0.049944799 0.015002863 -0.008515912 0.998603046
1403636582513555456.000000 -0.009995030 0.152200893 0.033034619 -0.043324471 0.016299412 -0.010632682 0.998871565
1403636582563555584.000000 -0.012028185 0.120744087 0.027452642 -0.037935104 0.018260008 -0.011341035 0.999049008
1403636582613555456.000000 -0.011850784 0.086918831 0.021508077 -0.034991790 0.020961555 -0.013338063 0.999078751
1403636582663555584.000000 -0.014020484 0.052929092 0.015214477 -0.032384466 0.024043327 -0.013711761 0.999092221
1403636582713555456.000000 -0.013829830 0.020643046 0.009513859 -0.029888185 0.025458420 -0.013141567 0.999142647
1403636582763555584.000000 -0.013648234 -0.012446127 0.003761851 -0.026241012 0.027787007 -0.011365296 0.999204814
1403636582813555456.000000 -0.012925062 -0.043916821 -0.003125893 -0.020944519 0.031457774 -0.009173221 0.999243498
1403636582863555584.000000 -0.012112476 -0.075784013 -0.008216925 -0.013502416 0.036519676 -0.007346443 0.999214768
1403636582913555456.000000 -0.010293345 -0.105157755 -0.014447387 -0.004779858 0.039853301 -0.004868103 0.999182284
1403636582963555584.000000 -0.009238093 -0.131868467 -0.020831250 0.004046576 0.041811936 -0.004924904 0.999105155
1403636583013555456.000000 -0.008520067 -0.152417392 -0.025828887 0.012898672 0.043572050 -0.004851926 0.998955250
1403636583063555584.000000 -0.008016029 -0.165150285 -0.030655133 0.018299405 0.043577265 -0.006458109 0.998861551
1403636583113555456.000000 -0.008423594 -0.171996340 -0.034325868 0.020588504 0.044644292 -0.007407246 0.998763323
1403636583163555584.000000 -0.005891364 -0.167896673 -0.033697464 0.020568129 0.046466861 -0.009700833 0.998660982
1403636583213555456.000000 -0.004717587 -0.155571997 -0.029220313 0.019340904 0.046948679 -0.011633771 0.998642325
1403636583263555584.000000 -0.004226275 -0.140692711 -0.026239775 0.017084645 0.046038799 -0.012448087 0.998716056
1403636583313555456.000000 -0.002272854 -0.116338357 -0.019211393 0.015334449 0.045034926 -0.012365550 0.998791218
1403636583363555584.000000 -0.000610582 -0.090871729 -0.013103270 0.012623779 0.044074766 -0.012841618 0.998865962
1403636583413555456.000000 0.001504991 -0.061459977 -0.004914122 0.010334124 0.041886277 -0.012214568 0.998994350
1403636583463555584.000000 0.004253113 -0.028914165 0.003140884 0.006687575 0.039289463 -0.013901784 0.999108791
1403636583513555456.000000 0.007357872 0.003911955 0.012309111 0.003390850 0.037641443 -0.014369079 0.999182284
1403636583563555584.000000 0.010852817 0.036940381 0.018943025 -0.001597421 0.037017349 -0.015857825 0.999187589
1403636583613555456.000000 0.014229060 0.072690330 0.027463617 -0.007637682 0.039342739 -0.017502736 0.999043345
1403636583663555584.000000 0.015328530 0.106052771 0.034447309 -0.016626401 0.036183368 -0.015410308 0.999088049
1403636583713555456.000000 0.016756225 0.141285554 0.039202929 -0.027468553 0.034435384 -0.011080447 0.998967946
1403636583763555584.000000 0.017844846 0.171703026 0.046090677 -0.039043985 0.032266520 -0.006494362 0.998695314
1403636583813555456.000000 0.018766906 0.198429301 0.050126798 -0.049664050 0.032019202 -0.004079769 0.998244286
1403636583863555584.000000 0.019984137 0.223736271 0.054635614 -0.057577249 0.031856731 -0.003276291 0.997827291
1403636583913555456.000000 0.020793140 0.245312288 0.057888921 -0.063394614 0.032202836 -0.006077648 0.997450352
1403636583963555584.000000 0.021006392 0.262227327 0.059502039 -0.066862397 0.030453874 -0.009340604 0.997253597
1403636584013555456.000000 0.019743770 0.274179071 0.060320295 -0.068065368 0.027416727 -0.010783533 0.997245789
1403636584063555584.000000 0.018052202 0.279084355 0.059137147 -0.068077296 0.023415703 -0.011633495 0.997337461
1403636584113555456.000000 0.016512265 0.276510805 0.057819750 -0.068063930 0.020465340 -0.011652119 0.997403026
1403636584163555584.000000 0.015190039 0.266510576 0.055719346 -0.068186238 0.018237958 -0.011308953 0.997441828
1403636584213555456.000000 0.013541790 0.249926940 0.052948248 -0.068032242 0.017498253 -0.012222170 0.997454762
1403636584263555584.000000 0.012407231 0.227495760 0.049809530 -0.066310719 0.017241156 -0.011953347 0.997578502
1403636584313555456.000000 0.011182334 0.200733617 0.045944739 -0.064375743 0.017302161 -0.011886219 0.997704983
1403636584363555584.000000 0.010242332 0.171340749 0.042205792 -0.062419135 0.018319173 -0.013293129 0.997793376
1403636584413555456.000000 0.009474037 0.137549222 0.037276980 -0.060859691 0.022268353 -0.016802218 0.997756541
1403636584463555584.000000 0.009406225 0.101788066 0.032783337 -0.057669144 0.025776295 -0.019691208 0.997808635
1403636584513555456.000000 0.008673525 0.065977141 0.029205658 -0.052286360 0.027706433 -0.021107538 0.998024583
1403636584563555584.000000 0.006595170 0.028260414 0.024828522 -0.044978764 0.029957339 -0.020479184 0.998328686
1403636584613555456.000000 0.004772401 -0.009652147 0.019145684 -0.035827942 0.032880299 -0.019961197 0.998617530
1403636584663555584.000000 0.003181510 -0.046696652 0.011885584 -0.025009921 0.036993299 -0.019338895 0.998815358
1403636584713555456.000000 0.002099596 -0.078898028 0.007196094 -0.013364913 0.040248621 -0.019404074 0.998911858
1403636584763555584.000000 -0.000088832 -0.109271973 -0.000442625 -0.002864258 0.044579297 -0.019298147 0.998815358
1403636584813555456.000000 -0.001171277 -0.140566915 -0.010319248 0.005654879 0.046502765 -0.019749969 0.998706877
1403636584863555584.000000 -0.002357189 -0.164395720 -0.016317248 0.012953128 0.047524791 -0.017570032 0.998631537
1403636584913555456.000000 -0.005050050 -0.181579605 -0.023082528 0.017994065 0.047334559 -0.016140012 0.998586595
1403636584963555584.000000 -0.007106916 -0.192840338 -0.027017938 0.020708898 0.048542581 -0.013017993 0.998521566
1403636585013555456.000000 -0.008386185 -0.197126225 -0.028814118 0.020453164 0.050444499 -0.011694129 0.998448968
1403636585063555584.000000 -0.007702818 -0.192531779 -0.025917210 0.018971529 0.052200563 -0.010659586 0.998399556
1403636585113555456.000000 -0.006109085 -0.181737557 -0.022029027 0.016667066 0.052370101 -0.009938176 0.998439193
1403636585163555584.000000 -0.005411930 -0.169265553 -0.017992351 0.013513036 0.054941732 -0.009317758 0.998354673
1403636585213555456.000000 -0.003098114 -0.147553742 -0.010840543 0.010284930 0.057820514 -0.009790025 0.998226047
1403636585263555584.000000 0.000996965 -0.124027625 -0.002531442 0.006551113 0.060774002 -0.013023382 0.998045146
1403636585313555456.000000 0.004683209 -0.099138476 0.004590798 0.003410894 0.063054539 -0.015666883 0.997881293
1403636585363555584.000000 0.008174688 -0.074141055 0.011800509 -0.000460950 0.064154446 -0.020375412 0.997731864
1403636585413555456.000000 0.012516502 -0.046621434 0.019709351 -0.004282975 0.064367659 -0.022585897 0.997661471
1403636585463555584.000000 0.014379180 -0.019869801 0.024275951 -0.009306585 0.061014414 -0.024413636 0.997794926
1403636585513555456.000000 0.017255405 0.006899595 0.030383499 -0.014903258 0.057836745 -0.025323942 0.997893572
1403636585563555584.000000 0.018357623 0.032252975 0.033178534 -0.021135122 0.051755533 -0.025775552 0.998103440
1403636585613555456.000000 0.019258859 0.055046003 0.034043346 -0.027542591 0.044780392 -0.025192954 0.998299301
1403636585663555584.000000 0.020679442 0.072068058 0.032460559 -0.034762423 0.038064528 -0.022292834 0.998421669
1403636585713555456.000000 0.020476142 0.086547635 0.028229000 -0.042288367 0.031345718 -0.019044477 0.998431981
1403636585763555584.000000 0.021338698 0.099026948 0.025162587 -0.050257694 0.027087325 -0.015208705 0.998253047
1403636585813555456.000000 0.020674525 0.106550708 0.020689724 -0.058240864 0.022636037 -0.010781712 0.997987688
1403636585863555584.000000 0.019758491 0.111156896 0.016710509 -0.067735597 0.019073281 -0.007077443 0.997495949
1403636585913555456.000000 0.018770693 0.113229156 0.011772453 -0.077246577 0.016515236 -0.003154898 0.996870279
1403636585963555584.000000 0.018850069 0.114129469 0.007811674 -0.088393636 0.016757041 -0.000253366 0.995944679
1403636586013555456.000000 0.018199315 0.114542656 0.005522955 -0.100762017 0.020398933 0.002129936 0.994699240
1403636586063555584.000000 0.018369347 0.114243865 0.003600621 -0.113807783 0.027479613 0.003085163 0.993117869
1403636586113555456.000000 0.017760530 0.113010041 0.000806858 -0.124998167 0.034237765 0.005150347 0.991552711
1403636586163555584.000000 0.015603685 0.111827902 -0.001679299 -0.134520933 0.039790325 0.007546301 0.990082800
1403636586213555456.000000 0.013141392 0.109618343 -0.005054540 -0.143815771 0.042293586 0.010403909 0.988645554
1403636586263555584.000000 0.010395131 0.108487926 -0.008757320 -0.153855518 0.043340422 0.011709056 0.987073004
1403636586313555456.000000 0.008708041 0.108391054 -0.012970247 -0.163684487 0.044305846 0.014834202 0.985405684
1403636586363555584.000000 0.007396969 0.107626677 -0.018334044 -0.174702227 0.045246277 0.016921438 0.983435631
1403636586413555456.000000 0.007173322 0.108285576 -0.023544012 -0.184992582 0.045670204 0.020706462 0.981459796
1403636586463555584.000000 0.007360108 0.109088205 -0.029169990 -0.195243865 0.045532234 0.021304034 0.979465604
1403636586513555456.000000 0.008286648 0.110268861 -0.034656677 -0.203557760 0.045319408 0.020714650 0.977794111
1403636586563555584.000000 0.010479159 0.109392568 -0.039885283 -0.210522622 0.043514278 0.020752875 0.976399541
1403636586613555456.000000 0.013856999 0.108241029 -0.043433331 -0.214347154 0.041627560 0.020491561 0.975655019
1403636586663555584.000000 0.017976770 0.105903879 -0.045095064 -0.215033814 0.041992690 0.021325873 0.975470304
1403636586713555456.000000 0.022172062 0.103734173 -0.045723971 -0.212422907 0.041117173 0.021287166 0.976080358
1403636586763555584.000000 0.026285287 0.101573654 -0.045722134 -0.208711788 0.038918082 0.022301851 0.976948082
1403636586813555456.000000 0.031006778 0.100011185 -0.044965375 -0.204085305 0.036885239 0.022419726 0.978001058
1403636586863555584.000000 0.034613032 0.099054113 -0.043313175 -0.200407237 0.035806872 0.021602366 0.978819847
1403636586913555456.000000 0.036629282 0.099159680 -0.041173343 -0.197515875 0.034092166 0.019682158 0.979508996
1403636586963555584.000000 0.037513737 0.098938033 -0.039174754 -0.195362836 0.031717420 0.018526955 0.980042934
1403636587013555456.000000 0.038889788 0.098074891 -0.036284115 -0.194735840 0.028875317 0.015847301 0.980302513
1403636587063555584.000000 0.039847162 0.097602122 -0.034090661 -0.195221692 0.027390670 0.014788568 0.980265081
1403636587113555456.000000 0.042026374 0.096951038 -0.032074500 -0.197544187 0.025627837 0.013346191 0.979868114
1403636587163555584.000000 0.044926498 0.096273102 -0.029851429 -0.200244203 0.024887132 0.011937457 0.979357183
1403636587213555456.000000 0.048800047 0.095771231 -0.027075160 -0.201827288 0.024248619 0.011559221 0.979052722
1403636587263555584.000000 0.054817386 0.095823243 -0.024644092 -0.202283263 0.024553070 0.012449235 0.978940129
1403636587313555456.000000 0.062123954 0.094772942 -0.021231188 -0.203356072 0.025626481 0.013157793 0.978681028
1403636587363555584.000000 0.072151795 0.094438426 -0.018082157 -0.203856021 0.026636070 0.014219131 0.978535235
1403636587413555456.000000 0.083936080 0.093174025 -0.015179474 -0.204935610 0.027468117 0.015979227 0.978259444
1403636587463555584.000000 0.096724063 0.092506215 -0.012056536 -0.205633909 0.028753124 0.018479081 0.978031993
1403636587513555456.000000 0.109971680 0.091228269 -0.009917676 -0.206974939 0.030069770 0.019790811 0.977683783
1403636587563555584.000000 0.126691982 0.088981234 -0.011323275 -0.207457662 0.031126808 0.021700019 0.977507830
1403636587613555456.000000 0.143591911 0.087720245 -0.009935836 -0.206832245 0.033511728 0.023622978 0.977517009
1403636587663555584.000000 0.161443666 0.085763656 -0.007892449 -0.204580739 0.036115777 0.025444860 0.977852285
1403636587713555456.000000 0.180642620 0.084183767 -0.005688282 -0.200541049 0.039085675 0.027940301 0.978506565
1403636587763555584.000000 0.199648678 0.081896402 -0.002847313 -0.196902156 0.042339221 0.030485513 0.979034066
1403636587813555456.000000 0.219212517 0.080716230 -0.000529582 -0.193493411 0.045938652 0.032486793 0.979486942
1403636587863555584.000000 0.237537846 0.077264644 -0.002564774 -0.193180114 0.049900159 0.034536187 0.979284823
1403636587913555456.000000 0.255302340 0.077637427 -0.001626522 -0.194346651 0.053496383 0.035942327 0.978813469
1403636587963555584.000000 0.273026645 0.079238266 -0.000484846 -0.197904542 0.057969894 0.037208997 0.977797985
1403636588013555456.000000 0.289530635 0.080502912 0.000336546 -0.204089850 0.063472286 0.037612841 0.976167977
1403636588063555584.000000 0.304434508 0.084045768 0.001323375 -0.207793728 0.067167401 0.039499376 0.975064218
1403636588113555456.000000 0.317069679 0.085425824 0.002401851 -0.211783215 0.068608008 0.040869996 0.974048555
1403636588163555584.000000 0.327970177 0.086680330 0.001788554 -0.214014187 0.068899475 0.040852860 0.973540902
1403636588213555456.000000 0.337312996 0.089275144 0.003306712 -0.214229658 0.068489656 0.040598784 0.973533094
1403636588263555584.000000 0.343980372 0.089581780 0.002407241 -0.214029953 0.068027422 0.041305430 0.973579645
1403636588313555456.000000 0.348699123 0.090650544 0.002913716 -0.212177143 0.066905759 0.042481326 0.974012256
1403636588363555584.000000 0.351234257 0.091754444 0.002951926 -0.210102528 0.065026961 0.042563487 0.974585474
1403636588413555456.000000 0.351370007 0.092502467 0.002584460 -0.208325565 0.064634010 0.043770075 0.974939585
1403636588463555584.000000 0.349500626 0.093275152 0.002236409 -0.207720712 0.064843379 0.044154577 0.975037396
1403636588513555456.000000 0.346228689 0.093065575 0.001383455 -0.208492711 0.066467099 0.043128923 0.974809170
1403636588563555584.000000 0.340662926 0.091970474 0.000240209 -0.208462566 0.067391701 0.042474527 0.974780858
1403636588613555456.000000 0.332138360 0.090802044 -0.001096063 -0.207900077 0.067451686 0.041983992 0.974918008
1403636588663555584.000000 0.322495103 0.089402869 -0.002994234 -0.207444802 0.066199273 0.041907653 0.975104094
1403636588713555456.000000 0.310549349 0.088858426 -0.004679397 -0.207799077 0.064352743 0.042649895 0.975120187
1403636588763555584.000000 0.296689093 0.089362368 -0.007155007 -0.209378868 0.061686646 0.041504886 0.975003958
1403636588813555456.000000 0.282656342 0.089892074 -0.008381457 -0.211111143 0.059063107 0.040792946 0.974822879
1403636588863555584.000000 0.266198397 0.090675503 -0.010283688 -0.211684480 0.056649234 0.040521067 0.974853218
1403636588913555456.000000 0.248216182 0.090603210 -0.011867253 -0.211681888 0.053687740 0.040479481 0.975023031
1403636588963555584.000000 0.228195548 0.091638863 -0.012954945 -0.210424781 0.051032163 0.039206039 0.975489616
1403636589013555456.000000 0.207494020 0.091338418 -0.014987561 -0.208407924 0.048050988 0.037486251 0.976141393
1403636589063555584.000000 0.186246544 0.089827925 -0.017761417 -0.206054479 0.044462886 0.036217939 0.976858735
1403636589113555456.000000 0.163896680 0.088457957 -0.020449661 -0.203223974 0.041496441 0.034407850 0.977647305
1403636589163555584.000000 0.140658274 0.086675927 -0.022501305 -0.200750187 0.039204612 0.032514025 0.978317559
1403636589213555456.000000 0.117959574 0.086535163 -0.022979105 -0.199073553 0.036856893 0.031394757 0.978787839
1403636589263555584.000000 0.094135195 0.085912786 -0.024343828 -0.199241415 0.034520458 0.030014547 0.978882194
1403636589313555456.000000 0.069179624 0.085905164 -0.025900651 -0.200535402 0.032072548 0.027731065 0.978768587
1403636589363555584.000000 0.045028452 0.085716106 -0.027564706 -0.203351319 0.029147794 0.026658554 0.978308797
1403636589413555456.000000 0.020734102 0.086710721 -0.028465163 -0.205439106 0.026298653 0.024652639 0.978005886
1403636589463555584.000000 -0.002679288 0.087819874 -0.028848488 -0.205999926 0.024760790 0.022382164 0.977982640
1403636589513555456.000000 -0.027687365 0.089654103 -0.030350015 -0.204616904 0.024044245 0.020926969 0.978323042
1403636589563555584.000000 -0.052490111 0.091532499 -0.031014865 -0.203151166 0.022498591 0.019905200 0.978686571
1403636589613555456.000000 -0.076413780 0.093629614 -0.031978499 -0.201660231 0.021320803 0.018290335 0.979052603
1403636589663555584.000000 -0.099813156 0.095753945 -0.031723052 -0.200376257 0.019715935 0.016808644 0.979376435
1403636589713555456.000000 -0.123640031 0.097902015 -0.032941170 -0.199898690 0.018371254 0.015527586 0.979521275
1403636589763555584.000000 -0.145195797 0.100152276 -0.033991594 -0.200506672 0.013920626 0.015454625 0.979471564
1403636589813555456.000000 -0.168034732 0.103476606 -0.033858132 -0.202584743 0.010572606 0.014176133 0.979105055
1403636589863555584.000000 -0.187410086 0.107061669 -0.035300776 -0.205713198 0.005789788 0.013509715 0.978501976
1403636589913555456.000000 -0.205693990 0.110746279 -0.036175210 -0.208768502 0.001410873 0.012646265 0.977882385
1403636589963555584.000000 -0.221673578 0.113839291 -0.036337450 -0.210912198 -0.003883278 0.013218778 0.977407932
1403636590013555456.000000 -0.235951766 0.116494998 -0.037695214 -0.210106283 -0.009063505 0.013641842 0.977541387
1403636590063555584.000000 -0.248342305 0.118194275 -0.037095558 -0.207307801 -0.012018070 0.012850255 0.978117526
1403636590113555456.000000 -0.258430243 0.118238337 -0.038362090 -0.203969672 -0.015128658 0.012049144 0.978786170
1403636590163555584.000000 -0.265970826 0.117833905 -0.039243545 -0.200354114 -0.018004157 0.012329855 0.979480505
1403636590213555456.000000 -0.269725442 0.117630348 -0.039983898 -0.198048100 -0.019414727 0.011678127 0.979930460
1403636590263555584.000000 -0.270222723 0.117176913 -0.041098680 -0.197335258 -0.019588888 0.010567834 0.980083406
1403636590313555456.000000 -0.268078029 0.116729565 -0.042390902 -0.198248476 -0.018553380 0.009148450 0.979933560
1403636590363555584.000000 -0.262201548 0.115562089 -0.043933455 -0.199443996 -0.016227193 0.009136031 0.979732335
1403636590413555456.000000 -0.253592938 0.114589475 -0.045410048 -0.200170606 -0.013588933 0.008394077 0.979630888
1403636590463555584.000000 -0.241796151 0.113761559 -0.046509936 -0.199832469 -0.009706315 0.007953920 0.979749739
1403636590513555456.000000 -0.228337035 0.111926772 -0.048112839 -0.198812485 -0.005929611 0.006893037 0.979995370
1403636590563555584.000000 -0.211658880 0.109688297 -0.050338902 -0.197021902 -0.002286770 0.006202450 0.980376840
1403636590613555456.000000 -0.193943352 0.107012846 -0.052340176 -0.195755646 0.000708775 0.006453015 0.980631232
1403636590663555584.000000 -0.174926668 0.105163313 -0.053605001 -0.194991618 0.004275108 0.006603662 0.980773389
1403636590713555456.000000 -0.154514164 0.103578709 -0.053866673 -0.195587352 0.007497912 0.007051609 0.980632365
1403636590763555584.000000 -0.132089391 0.101906493 -0.054781999 -0.197345510 0.010274952 0.008778372 0.980240941
1403636590813555456.000000 -0.110264413 0.102773525 -0.053977206 -0.199131206 0.011593055 0.011030429 0.979842246
1403636590863555584.000000 -0.087763406 0.102709271 -0.053775728 -0.202265680 0.013409907 0.013598018 0.979144454
1403636590913555456.000000 -0.064576857 0.102375053 -0.053746320 -0.204794213 0.015379444 0.014783322 0.978572607
1403636590963555584.000000 -0.039642759 0.102207281 -0.053362209 -0.206047669 0.016650727 0.015505753 0.978277445
1403636591013555456.000000 -0.014807268 0.101514734 -0.052419711 -0.206219912 0.016849188 0.016437158 0.978222489
1403636591063555584.000000 0.008615349 0.101290293 -0.051593345 -0.205275580 0.015875515 0.017869500 0.978412271
1403636591113555456.000000 0.031653687 0.099970736 -0.050584476 -0.204948217 0.014643573 0.019257100 0.978473783
1403636591163555584.000000 0.052868523 0.099229909 -0.049163755 -0.204805151 0.015243862 0.021104094 0.978456497
1403636591213555456.000000 0.074684985 0.098376408 -0.047005188 -0.205825716 0.015620224 0.022245545 0.978211105
1403636591263555584.000000 0.094054595 0.099148713 -0.045025911 -0.206944659 0.017011318 0.023212433 0.977929354
1403636591313555456.000000 0.111680739 0.100086458 -0.043523509 -0.208357722 0.018988423 0.023681927 0.977581561
1403636591363555584.000000 0.127101034 0.101937532 -0.041500304 -0.209683910 0.021822441 0.024624906 0.977215469
1403636591413555456.000000 0.141700938 0.104284227 -0.039331600 -0.210107014 0.023408743 0.026125528 0.977048934
1403636591463555584.000000 0.152436420 0.107167497 -0.036069430 -0.210186720 0.025138101 0.027720472 0.976944804
1403636591513555456.000000 0.163758472 0.109873876 -0.033038598 -0.209158197 0.027480004 0.027910743 0.977097154
1403636591563555584.000000 0.173222303 0.112557195 -0.028646462 -0.205489233 0.033502687 0.028133387 0.977681100
1403636591613555456.000000 0.181436226 0.115145102 -0.024109256 -0.198995247 0.042050198 0.028112696 0.978694201
1403636591663555584.000000 0.187766865 0.115105376 -0.020130176 -0.189931974 0.049673561 0.028280912 0.980131924
1403636591713555456.000000 0.192555025 0.116270915 -0.015616013 -0.179287791 0.055524670 0.026887750 0.981860518
1403636591763555584.000000 0.196357697 0.116874583 -0.010951109 -0.168380007 0.061505970 0.024849877 0.983487546
1403636591813555456.000000 0.199595645 0.116008177 -0.007454921 -0.157122433 0.068136543 0.023539929 0.984944582
1403636591863555584.000000 0.202435151 0.114350900 -0.004884535 -0.147979304 0.073278517 0.023372371 0.985995054
1403636591913555456.000000 0.206081077 0.112989038 -0.001020248 -0.142082587 0.078452222 0.024534313 0.986435950
1403636591963555584.000000 0.209406704 0.111757174 0.003659090 -0.141527474 0.082868434 0.027524395 0.986075699
1403636592013555456.000000 0.214494541 0.110120445 0.008165089 -0.144914865 0.087397419 0.031401835 0.985076308
1403636592063555584.000000 0.220548213 0.108203322 0.014961753 -0.148686841 0.093374915 0.035467464 0.983826995
1403636592113555456.000000 0.228141457 0.106925562 0.022951420 -0.151893228 0.098484188 0.039582223 0.982681394
1403636592163555584.000000 0.235775575 0.104431644 0.031773642 -0.156381309 0.103516944 0.043654107 0.981286705
1403636592213555456.000000 0.243245095 0.103145048 0.042262483 -0.161042005 0.107366472 0.046136849 0.980004787
1403636592263555584.000000 0.250964284 0.100919060 0.053067531 -0.166017443 0.109110348 0.047605135 0.978911102
1403636592313555456.000000 0.256681293 0.097950421 0.063953295 -0.170255512 0.108789310 0.048967183 0.978151441
1403636592363555584.000000 0.260235548 0.094813608 0.077321351 -0.173883393 0.107209906 0.051546395 0.977554917
1403636592413555456.000000 0.262074172 0.090934023 0.090616636 -0.176440865 0.102723420 0.052923057 0.977504849
1403636592463555584.000000 0.261229098 0.085828036 0.104642972 -0.177023366 0.097196952 0.053133663 0.977953136
1403636592513555456.000000 0.258480042 0.081119210 0.119255319 -0.174282685 0.089541867 0.051517889 0.979261875
1403636592563555584.000000 0.252122730 0.075980850 0.134651631 -0.169868469 0.081915610 0.047967482 0.980884194
1403636592613555456.000000 0.244272962 0.071812861 0.148732483 -0.164550811 0.072311319 0.043054562 0.982771814
1403636592663555584.000000 0.233886331 0.067755952 0.163510591 -0.161032230 0.063523486 0.038014002 0.984168887
1403636592713555456.000000 0.221374169 0.064906687 0.178071558 -0.158831194 0.053592797 0.033078473 0.985295057
1403636592763555584.000000 0.205305681 0.062724337 0.190809846 -0.158146739 0.041717298 0.028088097 0.986134052
1403636592813555456.000000 0.186187282 0.060457893 0.201698810 -0.158807918 0.027888725 0.024441805 0.986612856
1403636592863555584.000000 0.163384125 0.060155950 0.209829390 -0.160665080 0.012159025 0.022042304 0.986687958
1403636592913555456.000000 0.138623133 0.059725381 0.214066535 -0.163949728 -0.003249507 0.018662311 0.986286879
1403636592963555584.000000 0.111719295 0.061382946 0.216636688 -0.167097732 -0.018515931 0.015783537 0.985640109
1403636593013555456.000000 0.082300097 0.063476078 0.214244679 -0.170207456 -0.034182064 0.012715257 0.984733164
1403636593063555584.000000 0.052006893 0.066792883 0.209819064 -0.173020512 -0.049171619 0.009245217 0.983646631
1403636593113555456.000000 0.020702584 0.070882134 0.201196477 -0.175012425 -0.062745199 0.003984054 0.982556760
1403636593163555584.000000 -0.012205037 0.075055286 0.188558370 -0.175913990 -0.076003768 0.000916418 0.981466711
1403636593213555456.000000 -0.042629499 0.079713210 0.175334901 -0.176479980 -0.088181816 0.001304697 0.980345428
1403636593263555584.000000 -0.072981440 0.084348880 0.157938346 -0.176710784 -0.100069813 0.002865755 0.979158401
1403636593313555456.000000 -0.099276349 0.089062624 0.138290867 -0.178826809 -0.108388424 0.003525497 0.977885723
1403636593363555584.000000 -0.120147221 0.095225066 0.119887501 -0.181442231 -0.113708735 0.002433342 0.976802528
1403636593413555456.000000 -0.138372511 0.101690717 0.098633990 -0.183425069 -0.116258107 0.001780495 0.976133287
1403636593463555584.000000 -0.150982827 0.109399542 0.078081802 -0.185375199 -0.115954868 0.000617140 0.975802362
1403636593513555456.000000 -0.159412563 0.118197694 0.055588420 -0.186635643 -0.112091608 0.000288369 0.976013660
1403636593563555584.000000 -0.163483843 0.126289740 0.033998583 -0.189037517 -0.107847020 0.001807332 0.976027966
1403636593613555456.000000 -0.162972972 0.135548070 0.013476739 -0.192493901 -0.101394065 0.005282298 0.976031542
1403636593663555584.000000 -0.159035549 0.145347595 -0.007018060 -0.196294472 -0.093204334 0.010430485 0.976049542
1403636593713555456.000000 -0.150589302 0.154270604 -0.025709750 -0.200506464 -0.082253218 0.015081090 0.976116896
1403636593763555584.000000 -0.136861324 0.161384910 -0.043850999 -0.203950882 -0.068811223 0.021723090 0.976318240
1403636593813555456.000000 -0.121129528 0.168133512 -0.060521815 -0.204842329 -0.050954930 0.027979543 0.977067292
1403636593863555584.000000 -0.103650637 0.173778981 -0.074121229 -0.202219263 -0.030382030 0.035392750 0.978228867
1403636593913555456.000000 -0.080143392 0.176003903 -0.088592112 -0.198167205 -0.010440338 0.042314783 0.979198754
1403636593963555584.000000 -0.055837855 0.178779975 -0.099868558 -0.192029074 0.010697538 0.048455957 0.980133891
1403636594013555456.000000 -0.029942229 0.178801522 -0.109678872 -0.186442763 0.032510601 0.054095957 0.980436563
1403636594063555584.000000 -0.003845368 0.180306867 -0.115773380 -0.180830702 0.054434482 0.059048653 0.980229795
1403636594113555456.000000 0.024420442 0.179528937 -0.119550429 -0.178001761 0.073481753 0.065064937 0.979123294
1403636594163555584.000000 0.053062897 0.177571014 -0.120070703 -0.177783176 0.091274463 0.071072847 0.977246523
1403636594213555456.000000 0.081767708 0.177459881 -0.116219662 -0.177555978 0.106531732 0.073962055 0.975527823
1403636594263555584.000000 0.110962234 0.175735846 -0.109713949 -0.178058907 0.118794776 0.076212376 0.973845243
1403636594313555456.000000 0.142291367 0.172272429 -0.098751880 -0.179031119 0.128247216 0.076696008 0.972429037
1403636594363555584.000000 0.173920497 0.167559654 -0.084755577 -0.179306209 0.136354595 0.075977683 0.971331120
1403636594413555456.000000 0.202029318 0.162330881 -0.068499863 -0.177284598 0.143171668 0.073679015 0.970898330
1403636594463555584.000000 0.229262307 0.156883314 -0.050040636 -0.173418194 0.147169843 0.070331290 0.971247017
1403636594513555456.000000 0.253342927 0.150610477 -0.031144347 -0.167916924 0.148955211 0.067493908 0.972142398
1403636594563555584.000000 0.274255991 0.143974975 -0.008142572 -0.161702946 0.149370417 0.067387231 0.973139107
1403636594613555456.000000 0.288782120 0.137646973 0.013415337 -0.156889930 0.148931220 0.067089580 0.974014461
1403636594663555584.000000 0.298925638 0.131747782 0.037428632 -0.152720913 0.147271559 0.068490252 0.974831581
1403636594713555456.000000 0.301748693 0.125973865 0.058433928 -0.150064811 0.143751472 0.067573510 0.975832939
1403636594763555584.000000 0.298571855 0.120261081 0.079188995 -0.148288056 0.137136757 0.066113628 0.977155685
1403636594813555456.000000 0.288034379 0.116510406 0.097242109 -0.146485031 0.126709983 0.062629834 0.979062974
1403636594863555584.000000 0.270170271 0.114047810 0.116474919 -0.144715354 0.114877708 0.057870235 0.981076777
1403636594913555456.000000 0.245685950 0.111596383 0.131456390 -0.142974928 0.100375488 0.050878335 0.983307898
1403636594963555584.000000 0.216351599 0.110323787 0.145308554 -0.142018735 0.083115794 0.043154180 0.985423863
1403636595013555456.000000 0.181285769 0.109031968 0.154187411 -0.141020000 0.062066037 0.036563378 0.987382531
1403636595063555584.000000 0.142152309 0.110527158 0.160109803 -0.141840383 0.041158285 0.028375331 0.988626420
1403636595113555456.000000 0.102834761 0.113525845 0.164593533 -0.144244477 0.019318683 0.022308579 0.989101946
1403636595163555584.000000 0.062690593 0.116915576 0.164942965 -0.147327051 -0.000599603 0.016703313 0.988946617
1403636595213555456.000000 0.025080444 0.121658310 0.163667232 -0.150562346 -0.020784462 0.013376786 0.988291502
1403636595263555584.000000 -0.009080309 0.127627522 0.160031810 -0.153191626 -0.039102010 0.010396819 0.987367868
1403636595313555456.000000 -0.040606700 0.130894274 0.147316143 -0.156117186 -0.054799806 0.005861983 0.986199856
1403636595363555584.000000 -0.064294457 0.136374027 0.137349203 -0.158034340 -0.067329988 0.003018678 0.985130847
1403636595413555456.000000 -0.083438031 0.141189307 0.125640154 -0.159698382 -0.075345963 0.000690259 0.984286070
1403636595463555584.000000 -0.095239304 0.146073043 0.111087240 -0.161208153 -0.081377454 -0.000261242 0.983559668
1403636595513555456.000000 -0.099633865 0.150593400 0.097062401 -0.163465828 -0.084159352 -0.000254685 0.982952714
1403636595563555584.000000 -0.097374186 0.155955255 0.081283852 -0.165732101 -0.086512029 -0.001507208 0.982367754
1403636595613555456.000000 -0.089833677 0.161897555 0.066343039 -0.167818353 -0.085119046 -0.002254923 0.982133806
1403636595663555584.000000 -0.075776868 0.166977406 0.051754810 -0.170469806 -0.081142649 -0.003264832 0.982010841
1403636595713555456.000000 -0.055676542 0.172061920 0.036110222 -0.171836406 -0.073659711 -0.002330040 0.982365072
1403636595763555584.000000 -0.033121578 0.179066241 0.023712188 -0.172267735 -0.062652633 -0.002404440 0.983052790
1403636595813555456.000000 -0.006378972 0.182885781 0.009033971 -0.173122302 -0.047229752 -0.001620345 0.983765900
1403636595863555584.000000 0.020749003 0.188415289 -0.004320640 -0.172783986 -0.030079532 -0.000738307 0.984500110
1403636595913555456.000000 0.048974097 0.194490448 -0.015480647 -0.172912195 -0.013407440 0.003277024 0.984840572
1403636595963555584.000000 0.075998791 0.199998543 -0.028709471 -0.173686907 0.003243141 0.007287320 0.984768629
1403636596013555456.000000 0.099925689 0.205517024 -0.042496968 -0.176039085 0.019659977 0.010057370 0.984135449
1403636596063555584.000000 0.120728999 0.210959941 -0.057524286 -0.177842766 0.035005093 0.014279325 0.983332455
1403636596113555456.000000 0.134080932 0.216046244 -0.072540075 -0.179752156 0.048692301 0.019251352 0.982317448
1403636596163555584.000000 0.141370595 0.219514355 -0.088457890 -0.181429058 0.058128580 0.023101725 0.981412709
1403636596213555456.000000 0.141218409 0.222817063 -0.102643877 -0.180748895 0.064195283 0.026625004 0.981070876
1403636596263555584.000000 0.133664697 0.223739743 -0.118957810 -0.179773539 0.067490064 0.030523209 0.980915368
1403636596313555456.000000 0.120415777 0.224078938 -0.135246322 -0.177487612 0.069261491 0.033040199 0.981126606
1403636596363555584.000000 0.103428088 0.223981977 -0.152053311 -0.175111160 0.070622884 0.034085516 0.981420815
1403636596413555456.000000 0.083768584 0.222961009 -0.170497745 -0.172514349 0.071108997 0.033159126 0.981877208
1403636596463555584.000000 0.062598482 0.222630575 -0.187735483 -0.169667020 0.070661195 0.030891394 0.982479453
1403636596513555456.000000 0.042677507 0.222474724 -0.206917807 -0.167073488 0.068897910 0.027207170 0.983157814
1403636596563555584.000000 0.023490194 0.221950695 -0.222156137 -0.165412903 0.066905819 0.023547554 0.983670533
1403636596613555456.000000 0.006028105 0.222652584 -0.234753340 -0.165482789 0.066765085 0.021683834 0.983711183
1403636596663555584.000000 -0.008326591 0.222885519 -0.243652984 -0.166827336 0.066146709 0.020896021 0.983542919
1403636596713555456.000000 -0.019258421 0.224537656 -0.249435619 -0.167863235 0.064985245 0.020015746 0.983462393
1403636596763555584.000000 -0.026900675 0.224457860 -0.250825852 -0.168305635 0.063643508 0.017463326 0.983523190
1403636596813555456.000000 -0.030842286 0.224515423 -0.248035982 -0.165749326 0.063332789 0.015393209 0.984011829
1403636596863555584.000000 -0.029645314 0.223502487 -0.239973158 -0.162794054 0.062854201 0.011945348 0.984583616
1403636596913555456.000000 -0.026735991 0.221488714 -0.226270244 -0.159945950 0.064005867 0.009279833 0.985004842
1403636596963555584.000000 -0.019781746 0.217511207 -0.208614871 -0.160473794 0.064772472 0.006358920 0.984892070
1403636597013555456.000000 -0.011842970 0.212764785 -0.186754420 -0.163112059 0.065714575 0.006221734 0.984396935
1403636597063555584.000000 -0.002008311 0.208668262 -0.162039146 -0.168601602 0.065734871 0.005301634 0.983475626
1403636597113555456.000000 0.008081544 0.202677518 -0.135416791 -0.174842149 0.063099019 0.006538333 0.982550800
1403636597163555584.000000 0.018521974 0.195581585 -0.107133910 -0.180161074 0.057890497 0.005708493 0.981915534
1403636597213555456.000000 0.029480657 0.186741129 -0.078000247 -0.183398023 0.051065523 0.004234477 0.981702447
1403636597263555584.000000 0.039306764 0.176927865 -0.047708932 -0.183603510 0.043824069 0.001530699 0.982021868
1403636597313555456.000000 0.049343910 0.166207641 -0.018158585 -0.182591096 0.035492189 -0.001294532 0.982547283
1403636597363555584.000000 0.056934461 0.154189274 0.011212552 -0.180264801 0.026763359 -0.003145472 0.983248949
1403636597413555456.000000 0.062722579 0.144034714 0.040947117 -0.178129032 0.018582935 -0.008161433 0.983797789
1403636597463555584.000000 0.065938428 0.134131640 0.069383226 -0.176255614 0.009725172 -0.011718459 0.984226644
1403636597513555456.000000 0.067409098 0.125519231 0.094438538 -0.174938843 -0.000841096 -0.017324856 0.984426558
1403636597563555584.000000 0.065311849 0.120206542 0.116331115 -0.171286806 -0.012596488 -0.019418912 0.984949291
1403636597613555456.000000 0.060018197 0.115517147 0.131890565 -0.167176113 -0.025322232 -0.020739544 0.985383630
1403636597663555584.000000 0.051633660 0.113146819 0.141776294 -0.162636220 -0.038136169 -0.021503437 0.985714376
1403636597713555456.000000 0.040658835 0.113244787 0.146949634 -0.157771572 -0.049655378 -0.022844998 0.985961795
1403636597763555584.000000 0.028712915 0.115078479 0.147772327 -0.152981982 -0.059830077 -0.024101455 0.986121774
1403636597813555456.000000 0.016301662 0.118123427 0.142784610 -0.148910567 -0.067535557 -0.025710398 0.986206651
1403636597863555584.000000 0.004595540 0.122168824 0.132906497 -0.145941004 -0.072757930 -0.029540822 0.986171842
1403636597913555456.000000 -0.005424107 0.127370924 0.118692294 -0.144251093 -0.077802055 -0.034020949 0.985890985
1403636597963555584.000000 -0.014075097 0.134128839 0.102867059 -0.144607455 -0.080988102 -0.037850372 0.985442579
1403636598013555456.000000 -0.021460891 0.141552806 0.084316030 -0.146810159 -0.083000347 -0.041101120 0.984819055
1403636598063555584.000000 -0.026669357 0.149762198 0.063912772 -0.150793642 -0.083776712 -0.042093135 0.984109223
1403636598113555456.000000 -0.030564582 0.158436373 0.044606406 -0.157165721 -0.084225379 -0.042264491 0.983066022
1403636598163555584.000000 -0.031433299 0.167052850 0.023227777 -0.165287822 -0.083313309 -0.041996859 0.981822371
1403636598213555456.000000 -0.031056447 0.177489385 0.005457572 -0.175291076 -0.080589920 -0.042660933 0.980284870
1403636598263555584.000000 -0.030108530 0.188650042 -0.009621888 -0.185200527 -0.077155642 -0.045467604 0.978611529
1403636598313555456.000000 -0.025847699 0.199490875 -0.020669650 -0.192284465 -0.074323885 -0.045459423 0.977464139
1403636598363555584.000000 -0.021265861 0.208417892 -0.027057383 -0.197516292 -0.069674835 -0.048049182 0.976639152
1403636598413555456.000000 -0.015084092 0.216644198 -0.028980229 -0.199761018 -0.065335773 -0.048838381 0.976443410
1403636598463555584.000000 -0.009520731 0.223077446 -0.026114602 -0.199922994 -0.062443785 -0.050688941 0.976505160
1403636598513555456.000000 -0.002783689 0.228514493 -0.018626783 -0.196917474 -0.061911769 -0.051098928 0.977128148
1403636598563555584.000000 0.003417384 0.231469005 -0.006659765 -0.191765577 -0.064459711 -0.051815879 0.977949917
1403636598613555456.000000 0.009374702 0.233678192 0.007034786 -0.184137180 -0.067639463 -0.051119883 0.979237020
1403636598663555584.000000 0.015844744 0.235610068 0.024166375 -0.175493777 -0.073198244 -0.051015757 0.980429173
1403636598713555456.000000 0.021438900 0.237721652 0.041088864 -0.165508151 -0.079183549 -0.050502997 0.981726289
1403636598763555584.000000 0.026798530 0.241689339 0.058844328 -0.153385118 -0.086597957 -0.049679212 0.983110249
1403636598813555456.000000 0.031694740 0.245884210 0.077133782 -0.141865075 -0.092669308 -0.048006196 0.984368920
1403636598863555584.000000 0.036432385 0.251475513 0.093963519 -0.129054382 -0.096479595 -0.046715245 0.985826731
1403636598913555456.000000 0.041275147 0.258821249 0.111340187 -0.117704786 -0.098139964 -0.044639520 0.987178564
1403636598963555584.000000 0.046117317 0.266460687 0.126866654 -0.108023427 -0.098359093 -0.044839073 0.988253951
1403636599013555456.000000 0.049820557 0.274523526 0.140824214 -0.100074165 -0.099346705 -0.045447353 0.988964081
1403636599063555584.000000 0.052607484 0.281236261 0.152937248 -0.090545990 -0.101274550 -0.043877583 0.989757419
1403636599113555456.000000 0.054623693 0.286360234 0.162630707 -0.080712311 -0.105225608 -0.041538823 0.990296721
1403636599163555584.000000 0.056388166 0.289868563 0.170999020 -0.067644879 -0.109737203 -0.038716882 0.990900099
1403636599213555456.000000 0.057990834 0.292862117 0.179342300 -0.050410118 -0.110510372 -0.037792813 0.991876006
1403636599263555584.000000 0.058827177 0.294746459 0.187369332 -0.033840511 -0.110556595 -0.035516117 0.992658436
1403636599313555456.000000 0.059558280 0.296552420 0.194176704 -0.020041011 -0.110182926 -0.033469699 0.993145466
1403636599363555584.000000 0.060699441 0.299313694 0.201265007 -0.009798844 -0.109030001 -0.031710513 0.993484259
1403636599413555456.000000 0.061524417 0.302365422 0.207672745 -0.003945907 -0.106006891 -0.032965537 0.993811011
1403636599463555584.000000 0.062564991 0.306113362 0.213183850 -0.001493330 -0.102075100 -0.034903809 0.994163036
1403636599513555456.000000 0.062969297 0.309702396 0.218519211 -0.002790091 -0.097347766 -0.033566900 0.994680285
1403636599563555584.000000 0.063654348 0.312893003 0.222449243 -0.005730607 -0.093155406 -0.032100853 0.995117486
1403636599613555456.000000 0.064309627 0.316591382 0.225694120 -0.009190658 -0.090175547 -0.031532940 0.995384157
1403636599663555584.000000 0.065637723 0.320689142 0.228165284 -0.011700764 -0.088047348 -0.032013424 0.995532990
1403636599713555456.000000 0.066398159 0.323542088 0.229908764 -0.010235529 -0.087399557 -0.031768501 0.995614052
1403636599763555584.000000 0.067447849 0.323716462 0.229674041 -0.000727298 -0.088610932 -0.032475006 0.995536566
1403636599813555456.000000 0.068361685 0.323554069 0.229507998 0.008050626 -0.088788465 -0.031086581 0.995532751
1403636599863555584.000000 0.069184408 0.323875010 0.229610950 0.014523138 -0.088906534 -0.030333299 0.995472074
1403636599913555456.000000 0.069947548 0.324212939 0.228457987 0.016885685 -0.089829385 -0.028365349 0.995409966
1403636599963555584.000000 0.070095800 0.324297458 0.228652731 0.015937500 -0.088565268 -0.026422353 0.995592356
1403636600013555456.000000 0.070756346 0.324711561 0.229273245 0.015470170 -0.087632932 -0.025782159 0.995698988
1403636600063555584.000000 0.071613729 0.325489938 0.229107857 0.015545791 -0.088583060 -0.023053326 0.995680630
1403636600113555456.000000 0.072455049 0.325185716 0.228689119 0.018883450 -0.089447170 -0.020357264 0.995604455
1403636600163555584.000000 0.072947234 0.325414538 0.228873655 0.019530753 -0.089168631 -0.021773016 0.995586991
1403636600213555456.000000 0.072454214 0.325413644 0.228631735 0.019257311 -0.089384697 -0.020858223 0.995592594
1403636600263555584.000000 0.072450951 0.325351387 0.228925139 0.019303218 -0.089614190 -0.020598486 0.995576441
1403636600313555456.000000 0.072335243 0.325357199 0.228854001 0.019212779 -0.089862391 -0.020076821 0.995566487
1403636600363555584.000000 0.072261848 0.325332463 0.228800073 0.019407718 -0.089951620 -0.019484986 0.995566428
1403636600413555456.000000 0.072170630 0.325240046 0.228729784 0.019353710 -0.090073735 -0.019423671 0.995557606
1403636600463555584.000000 0.072118565 0.325194716 0.228587031 0.019423369 -0.090247639 -0.019098619 0.995546758
1403636600513555456.000000 0.072261617 0.325353593 0.228731230 0.019734992 -0.090068467 -0.019107642 0.995556712
1403636600563555584.000000 0.072299875 0.325220019 0.228451997 0.019541156 -0.090053864 -0.019495832 0.995554328
1403636600613555456.000000 0.071949497 0.325279206 0.228612885 0.019623220 -0.090220466 -0.018877991 0.995549560
1403636600663555584.000000 0.072062597 0.325261861 0.228663072 0.019518364 -0.090089679 -0.019166561 0.995557964
1403636600713555456.000000 0.072145857 0.325273246 0.228514105 0.019478276 -0.090113811 -0.019197756 0.995555937
1403636600763555584.000000 0.072234623 0.325324774 0.228730083 0.019590132 -0.090321124 -0.018640622 0.995545566
1403636600813555456.000000 0.072132915 0.325276643 0.228621185 0.019512072 -0.090045944 -0.019244010 0.995560527
1403636600863555584.000000 0.072127521 0.325301200 0.228648558 0.019541817 -0.090223782 -0.018851299 0.995551348
1403636600913555456.000000 0.072189935 0.325222850 0.228555173 0.019448869 -0.090131082 -0.019096524 0.995556891
1403636600963555584.000000 0.072006293 0.325243920 0.228646278 0.019509273 -0.090165123 -0.018863015 0.995557070
1403636601013555456.000000 0.072159067 0.325256467 0.228267059 0.019455720 -0.090046003 -0.019292209 0.995560646
1403636601063555584.000000 0.072033368 0.325243205 0.228669241 0.019549100 -0.090123765 -0.018860808 0.995560110
1403636601113555456.000000 0.072255172 0.325170636 0.228674665 0.019430462 -0.090110503 -0.019049358 0.995559990
1403636601163555584.000000 0.072061054 0.325159013 0.228595942 0.019435715 -0.090093568 -0.018846372 0.995565295
1403636601213555456.000000 0.072260067 0.325263768 0.228653744 0.019414339 -0.090044096 -0.019148096 0.995564401
1403636601263555584.000000 0.072021022 0.325160176 0.228531495 0.019468797 -0.090112612 -0.018884845 0.995562196
1403636601313555456.000000 0.072182789 0.325236559 0.228547066 0.019421741 -0.089999661 -0.019208740 0.995567143
1403636601363555584.000000 0.072076291 0.325190514 0.228578895 0.019457480 -0.090138584 -0.018828237 0.995561123
1403636601413555456.000000 0.072146386 0.325186044 0.228708565 0.019451132 -0.090033993 -0.019038234 0.995566785
1403636601463555584.000000 0.072102726 0.325171113 0.228688970 0.019458774 -0.090055555 -0.018944601 0.995566428
1403636601513555456.000000 0.072170958 0.325257957 0.228539526 0.019503785 -0.090012960 -0.019032430 0.995567679
1403636601563555584.000000 0.072145581 0.325304180 0.228731617 0.019572478 -0.090088330 -0.018788008 0.995564222
1403636601613555456.000000 0.072083406 0.325257063 0.228550851 0.019523541 -0.090009764 -0.018893301 0.995570302
1403636601663555584.000000 0.072145395 0.325249344 0.228781223 0.019593913 -0.090044715 -0.018837851 0.995566726
1403636601713555456.000000 0.072218031 0.325242788 0.228759542 0.019508794 -0.090146050 -0.018773600 0.995560467
1403636601763555584.000000 0.072187297 0.325268090 0.228643596 0.019478125 -0.090028472 -0.018853750 0.995570242
1403636601813555456.000000 0.072132006 0.325257331 0.228739902 0.019477459 -0.090085663 -0.018896841 0.995564282
1403636601863555584.000000 0.072158851 0.325303853 0.228718787 0.019509744 -0.090044901 -0.018878108 0.995567679
1403636601913555456.000000 0.072112381 0.325232744 0.228677675 0.019472850 -0.090072975 -0.018730996 0.995568633
1403636601963555584.000000 0.072199121 0.325202554 0.228584215 0.019455731 -0.090069108 -0.018876823 0.995566547
1403636602013555456.000000 0.072194934 0.325285941 0.228701174 0.019560015 -0.090116709 -0.018730614 0.995562971
1403636602063555584.000000 0.072115369 0.325228035 0.228423879 0.019489357 -0.090000905 -0.018972266 0.995570302
1403636602113555456.000000 0.072194315 0.325197369 0.228751779 0.019491760 -0.090139046 -0.018548885 0.995565653
1403636602163555584.000000 0.072200872 0.325231880 0.228518307 0.019428590 -0.090029798 -0.018932773 0.995569646
1403636602213555456.000000 0.072100863 0.325211644 0.228654459 0.019536505 -0.090094954 -0.018554794 0.995568693
1403636602263555584.000000 0.072105862 0.325219840 0.228405178 0.019458521 -0.089975603 -0.019031439 0.995571971
1403636602313555456.000000 0.072115414 0.325252473 0.228565440 0.019525338 -0.090101667 -0.018733351 0.995564938
1403636602363555584.000000 0.072222047 0.325270504 0.228596568 0.019463675 -0.090074569 -0.018886637 0.995565712
1403636602413555456.000000 0.072135217 0.325212657 0.228408515 0.019492932 -0.090089202 -0.018777851 0.995565832
1403636602463555584.000000 0.072081655 0.325269848 0.228416875 0.019500293 -0.089969546 -0.019027466 0.995571792
1403636602513555456.000000 0.072184876 0.325222999 0.228398442 0.019478893 -0.090029001 -0.018838800 0.995570481
1403636602563555584.000000 0.072087072 0.325214297 0.228452921 0.019450868 -0.090049930 -0.018844130 0.995568991
1403636602613555456.000000 0.072106369 0.325265110 0.228462070 0.019509688 -0.090039797 -0.018917844 0.995567322
1403636602663555584.000000 0.072186604 0.325285703 0.228414133 0.019475756 -0.090077974 -0.018840486 0.995566010
1403636602713555456.000000 0.072069556 0.325253099 0.228442565 0.019489909 -0.090035878 -0.018928561 0.995567858
1403636602763555584.000000 0.072174892 0.325246453 0.228462994 0.019472862 -0.090066977 -0.018774565 0.995568335
1403636602813555456.000000 0.072077468 0.325241566 0.228339091 0.019437073 -0.090039693 -0.018849676 0.995570064
1403636602863555584.000000 0.072194293 0.325246245 0.228487641 0.019542892 -0.090083227 -0.018802408 0.995564997
1403636602913555456.000000 0.072156310 0.325271308 0.228507400 0.019486690 -0.090040758 -0.018944925 0.995567203
1403636602963555584.000000 0.072170384 0.325247049 0.228607759 0.019486587 -0.090104677 -0.018801514 0.995564163
1403636603013555456.000000 0.072128564 0.325244814 0.228426650 0.019492010 -0.090044528 -0.018900432 0.995567620
1403636603063555584.000000 0.072160527 0.325234205 0.228688195 0.019494718 -0.090062685 -0.018831257 0.995567262
1403636603113555456.000000 0.072057284 0.325212568 0.228261799 0.019482702 -0.090014964 -0.018806584 0.995572209
1403636603163555584.000000 0.072175190 0.325249195 0.228470549 0.019539628 -0.090094246 -0.018729301 0.995565414
1403636603213555456.000000 0.072054796 0.325247586 0.228219047 0.019501332 -0.090037115 -0.018866152 0.995568812
1403636603263555584.000000 0.072177880 0.325265467 0.228614032 0.019516723 -0.090027303 -0.018881014 0.995569110
1403636603313555456.000000 0.072147772 0.325225055 0.228384703 0.019467838 -0.090026833 -0.018886521 0.995569944
1403636603363555584.000000 0.072177351 0.325226873 0.228521675 0.019504508 -0.090097919 -0.018745672 0.995565474
1403636603413555456.000000 0.072081938 0.325281084 0.228290379 0.019528987 -0.090045400 -0.018723466 0.995570183
1403636603463555584.000000 0.072156496 0.325261295 0.228486747 0.019549517 -0.090014532 -0.018769804 0.995571733
1403636603513555456.000000 0.072007202 0.325223356 0.228050873 0.019489650 -0.090117052 -0.018654505 0.995565772
1403636603563555584.000000 0.072132796 0.325229943 0.228402808 0.019505193 -0.090067036 -0.018789414 0.995567381
1403636603613555456.000000 0.072173193 0.325245768 0.228519648 0.019470453 -0.090085447 -0.018860880 0.995565116
1403636603663555584.000000 0.072199740 0.325250179 0.228429392 0.019517919 -0.090078980 -0.018762346 0.995566607
1403636603713555456.000000 0.072158508 0.325265259 0.228525594 0.019518767 -0.090083040 -0.018812997 0.995565295
1403636603763555584.000000 0.072216779 0.325285941 0.228558943 0.019552372 -0.090064645 -0.018713631 0.995568097
1403636603813555456.000000 0.072127774 0.325257868 0.228414312 0.019539047 -0.090012431 -0.018853555 0.995570481
1403636603863555584.000000 0.072094545 0.325206101 0.228311002 0.019575350 -0.090009175 -0.018697832 0.995572984
1403636603913555456.000000 0.072122641 0.325222999 0.228460416 0.019410927 -0.090135321 -0.018605608 0.995566547
1403636603963555584.000000 0.072121181 0.325265288 0.228428423 0.019616785 -0.090037540 -0.018911501 0.995565593
1403636604013555456.000000 0.072123282 0.325261474 0.228451207 0.019554473 -0.090099156 -0.018696707 0.995565295
1403636604063555584.000000 0.072040431 0.325277776 0.228107512 0.019483449 -0.090033330 -0.018824253 0.995570242
1403636604113555456.000000 0.072109140 0.325283140 0.228485942 0.019551210 -0.089980945 -0.018845407 0.995573282
1403636604163555584.000000 0.072127923 0.325248420 0.228442401 0.019557031 -0.090016671 -0.018818770 0.995570421
1403636604213555456.000000 0.072223395 0.325216562 0.228427693 0.019448917 -0.090173073 -0.018404767 0.995566130
1403636604263555584.000000 0.072127432 0.325271010 0.228414193 0.019554863 -0.090008080 -0.018977398 0.995568156
1403636604313555456.000000 0.072059296 0.325248271 0.228290975 0.019566495 -0.090027958 -0.018801088 0.995569527
1403636604363555584.000000 0.072106495 0.325244933 0.228342861 0.019510955 -0.090012014 -0.018779147 0.995572507
1403636604413555456.000000 0.072132893 0.325276583 0.228504807 0.019517701 -0.090014152 -0.018817646 0.995571434
1403636604463555584.000000 0.072088510 0.325228542 0.228369996 0.019457696 -0.090002157 -0.018922402 0.995571673
1403636604513555456.000000 0.072109185 0.325274050 0.228404865 0.019508451 -0.090046033 -0.018767070 0.995569706
1403636604563555584.000000 0.072143599 0.325228930 0.228421822 0.019464662 -0.090055473 -0.018747862 0.995570064
1403636604613555456.000000 0.072052754 0.325230986 0.228133067 0.019428296 -0.090027504 -0.018795365 0.995572388
1403636604663555584.000000 0.072081119 0.325265914 0.228065059 0.019514445 -0.090106949 -0.018639697 0.995566428
1403636604713555456.000000 0.072080217 0.325234801 0.228396744 0.019495320 -0.090013891 -0.018752605 0.995573103
1403636604763555584.000000 0.072076991 0.325126231 0.228199735 0.019393191 -0.090156205 -0.018443925 0.995567977
1403636604813555456.000000 0.072111964 0.325223297 0.228261873 0.019430678 -0.090037018 -0.018831665 0.995570779
1403636604863555584.000000 0.072082050 0.325243473 0.228412211 0.019526906 -0.090085290 -0.018677253 0.995567441
1403636604913555456.000000 0.072102591 0.325134873 0.228197381 0.019391485 -0.090175413 -0.018409895 0.995566905
1403636604963555584.000000 0.071973078 0.325261503 0.228179008 0.019470694 -0.089956895 -0.018800102 0.995577872
1403636605013555456.000000 0.072086133 0.325250953 0.228343755 0.019505829 -0.090065502 -0.018723294 0.995568812
1403636605063555584.000000 0.072077110 0.325274855 0.228447080 0.019434154 -0.090007305 -0.018893261 0.995572209
1403636605113555456.000000 0.072106078 0.325295448 0.228427008 0.019486109 -0.089959294 -0.018996691 0.995573580
1403636605163555584.000000 0.072082713 0.325266808 0.228395328 0.019488398 -0.090023153 -0.018789595 0.995571733
1403636605213555456.000000 0.072133057 0.325229853 0.228353634 0.019405086 -0.090063535 -0.018760704 0.995570242
1403636605263555584.000000 0.072163031 0.325305521 0.228375435 0.019463949 -0.089988738 -0.018879373 0.995573640
1403636605313555456.000000 0.072131418 0.325263828 0.228458658 0.019512257 -0.090002805 -0.018867880 0.995571613
1403636605363555584.000000 0.072072312 0.325239927 0.228335336 0.019515533 -0.090095110 -0.018590048 0.995568395
1403636605413555456.000000 0.072129987 0.325260192 0.228498355 0.019467659 -0.089959644 -0.019008171 0.995573699
1403636605463555584.000000 0.072104000 0.325254947 0.228380293 0.019468922 -0.090004757 -0.018773615 0.995574057
1403636605513555456.000000 0.072131656 0.325267315 0.228352189 0.019419366 -0.090010718 -0.018896857 0.995572209
1403636605563555584.000000 0.072110362 0.325274676 0.228348345 0.019499283 -0.090027452 -0.018888583 0.995569289
1403636605613555456.000000 0.072077148 0.325309515 0.228384241 0.019509226 -0.089922607 -0.018922674 0.995577872
1403636605663555584.000000 0.072167367 0.325229466 0.228543565 0.019449791 -0.090092055 -0.018763967 0.995566666
1403636605713555456.000000 0.072090909 0.325232327 0.228257656 0.019493846 -0.090059765 -0.018738991 0.995569229
1403636605763555584.000000 0.072077408 0.325293481 0.228135362 0.019521372 -0.090122342 -0.018668059 0.995564401
1403636605813555456.000000 0.072085425 0.325311095 0.228377134 0.019548353 -0.090015590 -0.018891141 0.995569348
1403636605863555584.000000 0.072125167 0.325266600 0.228364572 0.019557118 -0.090066671 -0.018736888 0.995567441
1403636605913555456.000000 0.072156534 0.325310498 0.228305712 0.019494889 -0.090075068 -0.018869255 0.995565414
1403636605963555584.000000 0.072072819 0.325232357 0.228202939 0.019546414 -0.090096287 -0.018640324 0.995566785
1403636606013555456.000000 0.072108254 0.325251698 0.228312790 0.019445801 -0.090018369 -0.018897019 0.995570958
1403636606063555584.000000 0.072166935 0.325302243 0.228281155 0.019510608 -0.090107523 -0.018781168 0.995563805
1403636606113555456.000000 0.072075345 0.325236797 0.228219286 0.019478869 -0.090060927 -0.018717377 0.995569885
1403636606163555584.000000 0.072077021 0.325155288 0.228052840 0.019388208 -0.090129010 -0.018501187 0.995569527
1403636606213555456.000000 0.072079070 0.325212479 0.228309602 0.019530376 -0.090080149 -0.018798761 0.995565593
1403636606263555584.000000 0.071979053 0.325218886 0.228029728 0.019449031 -0.090056129 -0.018823765 0.995568931
1403636606313555456.000000 0.072054110 0.325224072 0.228333488 0.019462595 -0.090034097 -0.018860573 0.995569885
1403636606363555584.000000 0.072116204 0.325183213 0.228192732 0.019385302 -0.090187669 -0.018521324 0.995563865
1403636606413555456.000000 0.072131969 0.325206220 0.228306249 0.019454585 -0.090099514 -0.018760333 0.995566010
1403636606463555584.000000 0.072012767 0.325204104 0.227975830 0.019504750 -0.090069652 -0.018692734 0.995568991
1403636606513555456.000000 0.072048813 0.325211793 0.228379592 0.019466098 -0.090011209 -0.018898860 0.995571196
1403636606563555584.000000 0.072176635 0.325285196 0.228424519 0.019451253 -0.090032667 -0.018967437 0.995568156
1403636606613555456.000000 0.072161682 0.325269610 0.228315771 0.019497182 -0.090059161 -0.018867673 0.995566845
1403636606663555584.000000 0.072094873 0.325214028 0.228233159 0.019445462 -0.090073191 -0.018820466 0.995567381
1403636606713555456.000000 0.072221160 0.325319558 0.228360772 0.019454490 -0.090103671 -0.018810615 0.995564699
1403636606763555584.000000 0.072059005 0.325210184 0.228017882 0.019494126 -0.090111762 -0.018629467 0.995566607
1403636606813555456.000000 0.072067685 0.325269431 0.228326991 0.019443354 -0.089984603 -0.018908257 0.995573819
1403636606863555584.000000 0.072101831 0.325297922 0.228221029 0.019483196 -0.090043150 -0.018863544 0.995568633
1403636606913555456.000000 0.072070204 0.325198472 0.228110060 0.019498151 -0.090109527 -0.018650750 0.995566308
1403636606963555584.000000 0.072121032 0.325286180 0.228338718 0.019540675 -0.090074055 -0.018848587 0.995564938
1403636607013555456.000000 0.072088659 0.325236589 0.228443637 0.019506196 -0.090100206 -0.018775361 0.995564640
1403636607063555584.000000 0.072139882 0.325307131 0.228475511 0.019497288 -0.090025291 -0.018885102 0.995569587
1403636607113555456.000000 0.072132133 0.325298637 0.228471130 0.019512068 -0.090044901 -0.018887954 0.995567381
1403636607163555584.000000 0.072104156 0.325195879 0.228406474 0.019452522 -0.090049550 -0.018862158 0.995568633
1403636607213555456.000000 0.072067015 0.325246453 0.228474572 0.019450273 -0.089995489 -0.018951353 0.995571852
1403636607263555584.000000 0.072118811 0.325220585 0.228362203 0.019452810 -0.090058647 -0.018819641 0.995568633
1403636607313555456.000000 0.072201766 0.325326562 0.228532761 0.019535348 -0.090104349 -0.018828990 0.995562732
1403636607363555584.000000 0.072049625 0.325247288 0.228165239 0.019464646 -0.090065263 -0.018827254 0.995567620
1403636607413555456.000000 0.072079346 0.325256526 0.228378177 0.019415610 -0.090029567 -0.018869504 0.995571017
1403636607463555584.000000 0.071959846 0.325169116 0.227939367 0.019361956 -0.090031914 -0.018792959 0.995573282
1403636607513555456.000000 0.072137155 0.325321287 0.228574306 0.019496696 -0.090030923 -0.018869588 0.995569348
1403636607563555584.000000 0.072115116 0.325283617 0.228340805 0.019460380 -0.090018600 -0.018882846 0.995570958
1403636607613555456.000000 0.072020210 0.325190395 0.228198156 0.019409552 -0.090022586 -0.018804267 0.995572984
1403636607663555584.000000 0.072089367 0.325250655 0.228291437 0.019456433 -0.090018183 -0.018882345 0.995571017
1403636607713555456.000000 0.072062537 0.325265914 0.228330240 0.019441271 -0.090023920 -0.018840931 0.995571554
1403636607763555584.000000 0.072062559 0.325182706 0.228149414 0.019440141 -0.090090439 -0.018705210 0.995568156
1403636607813555456.000000 0.072124064 0.325303942 0.228271753 0.019474881 -0.090034530 -0.018846422 0.995569885
1403636607863555584.000000 0.072106332 0.325202644 0.228216857 0.019441843 -0.090175591 -0.018471830 0.995564759
1403636607913555456.000000 0.072104909 0.325223148 0.228330895 0.019444134 -0.090058006 -0.018823517 0.995568812
1403636607963555584.000000 0.072192222 0.325291455 0.228526637 0.019478418 -0.090060726 -0.018880449 0.995566785
1403636608013555456.000000 0.072126396 0.325242817 0.228286996 0.019418661 -0.090072416 -0.018827237 0.995567918
1403636608063555584.000000 0.072118029 0.325259566 0.228288442 0.019387836 -0.090064786 -0.018776301 0.995570183
1403636608113555456.000000 0.072198056 0.325359911 0.228416517 0.019474423 -0.090070173 -0.018808324 0.995567441
1403636608163555584.000000 0.072173752 0.325336099 0.228453711 0.019495262 -0.090051994 -0.018900856 0.995566905
1403636608213555456.000000 0.072199889 0.325276315 0.228429973 0.019478476 -0.090091407 -0.018809980 0.995565355
1403636608263555584.000000 0.072118692 0.325142622 0.228233770 0.019354619 -0.090132073 -0.018534575 0.995569289
1403636608313555456.000000 0.072117217 0.325268298 0.228339151 0.019451316 -0.090017393 -0.018917242 0.995570540
1403636608363555584.000000 0.072126813 0.325217664 0.228477880 0.019377531 -0.090033919 -0.018878315 0.995571256
1403636608413555456.000000 0.072169453 0.325202942 0.228251621 0.019429019 -0.090142854 -0.018612040 0.995565414
1403636608463555584.000000 0.072009943 0.325189888 0.228158399 0.019438049 -0.090010338 -0.018867381 0.995572388
1403636608513555456.000000 0.072045706 0.325233698 0.228289291 0.019456342 -0.090025604 -0.018925954 0.995569527
1403636608563555584.000000 0.072143339 0.325225174 0.228429437 0.019495519 -0.090063855 -0.018797193 0.995567739
1403636608613555456.000000 0.072185293 0.325295180 0.228552133 0.019479143 -0.090072274 -0.018849682 0.995566308
1403636608663555584.000000 0.072123244 0.325244874 0.228320271 0.019465849 -0.090087719 -0.018793961 0.995566249
1403636608713555456.000000 0.072105423 0.325271577 0.228385434 0.019455364 -0.090038590 -0.018897904 0.995568931
1403636608763555584.000000 0.072064459 0.325204343 0.228327200 0.019430088 -0.090038553 -0.018816827 0.995570958
1403636608813555456.000000 0.072094291 0.325265765 0.228313744 0.019483019 -0.090044834 -0.018810742 0.995569468
1403636608863555584.000000 0.072073363 0.325240225 0.228313953 0.019533858 -0.090071961 -0.018819513 0.995565832
1403636608913555456.000000 0.072115079 0.325116098 0.228275433 0.019417115 -0.090170287 -0.018521721 0.995564818
1403636608963555584.000000 0.072201826 0.325320393 0.228333518 0.019510783 -0.090084054 -0.018883659 0.995564044
1403636609013555456.000000 0.071947165 0.325166106 0.228316724 0.019453404 -0.089971788 -0.018884003 0.995575249
1403636609063555584.000000 0.071993984 0.325234503 0.228062689 0.019475561 -0.089973338 -0.018958664 0.995573223
1403636609113555456.000000 0.072071187 0.325264692 0.228337392 0.019468237 -0.089979015 -0.018995684 0.995572209
1403636609163555584.000000 0.072153158 0.325234085 0.228509203 0.019483691 -0.090091176 -0.018701995 0.995567322
1403636609213555456.000000 0.072067887 0.325237304 0.228303567 0.019423878 -0.090057664 -0.018853350 0.995568693
1403636609263555584.000000 0.072024673 0.325193256 0.228238031 0.019444535 -0.090029448 -0.018830331 0.995571256
1403636609313555456.000000 0.072162896 0.325254172 0.228460699 0.019456854 -0.090085201 -0.018735440 0.995567739
1403636609363555584.000000 0.072101869 0.325256050 0.228493288 0.019434541 -0.090021558 -0.018814821 0.995572388
1403636609413555456.000000 0.072099306 0.325211734 0.228260487 0.019453380 -0.090133168 -0.018677309 0.995564520
1403636609463555584.000000 0.072195552 0.325285554 0.228438839 0.019501589 -0.090145566 -0.018736120 0.995561361
1403636609513555456.000000 0.072108291 0.325318158 0.228352576 0.019548493 -0.090056114 -0.018894119 0.995565534
1403636609563555584.000000 0.072118558 0.325225830 0.228383914 0.019465368 -0.090080604 -0.018721839 0.995568216
1403636609613555456.000000 0.071990766 0.325225443 0.228080928 0.019370502 -0.090025455 -0.018791083 0.995573759
1403636609663555584.000000 0.072013043 0.325165182 0.228054672 0.019419737 -0.090090439 -0.018646082 0.995569706
1403636609713555456.000000 0.072044656 0.325159311 0.228174269 0.019479012 -0.090070516 -0.018686306 0.995569587
1403636609763555584.000000 0.071997210 0.325223982 0.228105038 0.019531755 -0.090051040 -0.018650211 0.995571017
1403636609813555456.000000 0.072110064 0.325256914 0.228247061 0.019404024 -0.090023689 -0.018921539 0.995570779
1403636609863555584.000000 0.071933128 0.325189084 0.227973923 0.019540943 -0.089982487 -0.018807935 0.995573997
1403636609913555456.000000 0.072083421 0.325265855 0.228386089 0.019567881 -0.089979500 -0.018910922 0.995571852
1403636609963555584.000000 0.072065711 0.325289696 0.228438541 0.019440664 -0.089947723 -0.019013010 0.995575190
1403636610013555456.000000 0.072142787 0.325142711 0.228270486 0.019359332 -0.090174533 -0.018364914 0.995568454
1403636610063555584.000000 0.072150923 0.325291514 0.228360668 0.019510927 -0.090057187 -0.018845608 0.995567143
1403636610113555456.000000 0.072122619 0.325281173 0.228416353 0.019486414 -0.090031698 -0.018797059 0.995570838
1403636610163555584.000000 0.072159618 0.325364918 0.228388622 0.019593081 -0.090061203 -0.018843971 0.995565176
1403636610213555456.000000 0.072041877 0.325240642 0.228384078 0.019464497 -0.090033941 -0.018788526 0.995571256
1403636610263555584.000000 0.072123207 0.325223744 0.228308752 0.019332958 -0.090021633 -0.018851494 0.995573759
1403636610313555456.000000 0.072119616 0.325232267 0.228290632 0.019471467 -0.090036742 -0.018819226 0.995570242
1403636610363555584.000000 0.072159655 0.325259924 0.228275940 0.019436723 -0.090083145 -0.018752223 0.995568037
1403636610413555456.000000 0.072112761 0.325133145 0.228254005 0.019341959 -0.090121649 -0.018446296 0.995572090
1403636610463555584.000000 0.072157957 0.325209886 0.228332907 0.019483916 -0.090174615 -0.018448804 0.995564520
1403636610513555456.000000 0.072082698 0.325232774 0.228195325 0.019349663 -0.090030544 -0.018752171 0.995574474
1403636610563555584.000000 0.072123639 0.325205058 0.228351519 0.019403661 -0.090104841 -0.018471623 0.995571971
1403636610613555456.000000 0.072103798 0.325310290 0.228376701 0.019503020 -0.089983016 -0.018880496 0.995573342
1403636610663555584.000000 0.072182864 0.325262874 0.228291571 0.019453008 -0.090028636 -0.018731944 0.995572984
1403636610713555456.000000 0.072043240 0.325199217 0.228044286 0.019373955 -0.090033121 -0.018681517 0.995575070
1403636610763555584.000000 0.072147474 0.325306088 0.228457585 0.019310053 -0.089986451 -0.019191595 0.995570838
1403636610813555456.000000 0.072036810 0.325128049 0.228282392 0.019172417 -0.089893371 -0.019246964 0.995580792
1403636610863555584.000000 0.072059691 0.325276136 0.228200227 0.019204136 -0.090000555 -0.019398455 0.995567560
1403636610913555456.000000 0.072007790 0.325236976 0.228241816 0.019249385 -0.089898176 -0.019326344 0.995577395
1403636610963555584.000000 0.072059922 0.325275034 0.228160650 0.019197397 -0.090112843 -0.019087823 0.995563567
1403636611013555456.000000 0.072125852 0.325212896 0.228281319 0.019315302 -0.090030320 -0.019128650 0.995567977
1403636611063555584.000000 0.072036065 0.325207084 0.228100583 0.019148346 -0.090024851 -0.019200273 0.995570362
1403636611113555456.000000 0.072015226 0.325227439 0.228247657 0.019270562 -0.089929521 -0.019267654 0.995575249
1403636611163555584.000000 0.071983300 0.325206071 0.228102997 0.019141886 -0.089931816 -0.019481117 0.995573401
1403636611213555456.000000 0.072115935 0.325275213 0.228402689 0.019213285 -0.089890935 -0.019541958 0.995574534
1403636611263555584.000000 0.072016284 0.325218469 0.228266105 0.019140877 -0.089852132 -0.019487338 0.995580494
1403636611313555456.000000 0.072099715 0.325162530 0.228233054 0.019207276 -0.090003110 -0.019169247 0.995571733
1403636611363555584.000000 0.071690671 0.325302958 0.228388563 0.018986447 -0.090289861 -0.018913552 0.995554924
1403636611413555456.000000 0.072043590 0.325208127 0.228485227 0.019275280 -0.090200476 -0.018823976 0.995559156
1403636611463555584.000000 0.072329402 0.325444251 0.228397816 0.019083852 -0.090229593 -0.018254159 0.995570838
1403636611513555456.000000 0.072893262 0.325552434 0.228239536 0.019333582 -0.089668788 -0.019715633 0.995588839
1403636611563555584.000000 0.072514862 0.325577646 0.228330597 0.019200686 -0.089864463 -0.019098161 0.995585799
1403636611613555456.000000 0.072637416 0.325610727 0.228375927 0.019285012 -0.089781031 -0.019510239 0.995583653
1403636611663555584.000000 0.072462730 0.325593293 0.228625327 0.019266654 -0.089868642 -0.018922856 0.995587468
1403636611713555456.000000 0.072754763 0.325457364 0.228720546 0.019467833 -0.089770645 -0.019313656 0.995584905
1403636611763555584.000000 0.072497770 0.325551689 0.228698805 0.019473448 -0.090000160 -0.018925820 0.995571494
1403636611813555456.000000 0.072509110 0.325535536 0.228610218 0.019394761 -0.089916028 -0.018785179 0.995583355
1403636611863555584.000000 0.072729833 0.325457364 0.228372321 0.019728821 -0.089574136 -0.019416338 0.995595455
1403636611913555456.000000 0.072689258 0.325642586 0.228554025 0.019394066 -0.089846358 -0.019266615 0.995580375
1403636611963555584.000000 0.072470658 0.325541258 0.228498384 0.019412488 -0.090031773 -0.018817233 0.995571911
1403636612013555456.000000 0.072428070 0.325419277 0.228495568 0.019536218 -0.090182036 -0.018576670 0.995560408
1403636612063555584.000000 0.072637439 0.325584501 0.228589296 0.019301347 -0.089712486 -0.019551903 0.995588720
1403636612113555456.000000 0.072235651 0.325346112 0.228772968 0.019360336 -0.090403289 -0.017952723 0.995555222
1403636612163555584.000000 0.072340205 0.325269192 0.228784576 0.019586023 -0.090509832 -0.018263418 0.995535493
1403636612213555456.000000 0.072360024 0.325427443 0.228553906 0.019277720 -0.090353318 -0.018213412 0.995556653
1403636612263555584.000000 0.073102236 0.325600356 0.228605583 0.019797716 -0.089403108 -0.020867901 0.995580137
1403636612313555456.000000 0.072272263 0.325378120 0.228274122 0.019398553 -0.090413198 -0.017967520 0.995553315
1403636612363555584.000000 0.073040605 0.325619698 0.228618190 0.019632541 -0.089678757 -0.020468757 0.995566845
1403636612413555456.000000 0.072383538 0.325409591 0.228306547 0.019473871 -0.090278767 -0.018246323 0.995558918
1403636612463555584.000000 0.073097073 0.325701773 0.228567541 0.019713113 -0.089646108 -0.020188561 0.995573938
1403636612513555456.000000 0.072402440 0.325390220 0.228308842 0.019466480 -0.090168253 -0.018425288 0.995565832
1403636612563555584.000000 0.072905131 0.325573713 0.228686973 0.019612152 -0.089739829 -0.019794675 0.995575368
1403636612613555456.000000 0.072513752 0.325584620 0.228461996 0.019580996 -0.089988537 -0.018877234 0.995571375
1403636612663555584.000000 0.072848380 0.325533628 0.228713423 0.019535737 -0.089850649 -0.019605167 0.995570660
1403636612713555456.000000 0.072592862 0.325420737 0.228741109 0.019562352 -0.090105221 -0.018815266 0.995562375
1403636612763555584.000000 0.072774939 0.325562388 0.228212163 0.019526219 -0.089792788 -0.019535860 0.995577395
1403636612813555456.000000 0.072720230 0.325436771 0.228533611 0.019613108 -0.090015367 -0.018849019 0.995568871
1403636612863555584.000000 0.072652139 0.325463593 0.228430748 0.019595051 -0.089932613 -0.019165538 0.995570660
1403636612913555456.000000 0.072708540 0.325483143 0.228425220 0.019623350 -0.089919463 -0.019104583 0.995572448
1403636612963555584.000000 0.072698638 0.325540334 0.228556961 0.019691331 -0.089909725 -0.019200323 0.995570123
1403636613013555456.000000 0.072892934 0.325539291 0.228897691 0.019747661 -0.089933209 -0.019168634 0.995567501
1403636613063555584.000000 0.072737768 0.325586826 0.228703231 0.019759517 -0.090074912 -0.018675497 0.995563805
1403636613113555456.000000 0.072806478 0.325582504 0.228639230 0.019680317 -0.089853168 -0.019444590 0.995570719
1403636613163555584.000000 0.072658189 0.325510800 0.228545859 0.019747380 -0.089997701 -0.018787004 0.995568991
1403636613213555456.000000 0.072865836 0.325605810 0.228908390 0.019715184 -0.089861259 -0.019241190 0.995573223
1403636613263555584.000000 0.072684616 0.325623631 0.228538036 0.019726537 -0.089972593 -0.018896090 0.995569587
1403636613313555456.000000 0.072745740 0.325524956 0.228708863 0.019858032 -0.089859270 -0.019159991 0.995572150
1403636613363555584.000000 0.072847255 0.325571239 0.228743285 0.019728407 -0.090082392 -0.018779965 0.995561838
1403636613413555456.000000 0.072764948 0.325598240 0.228572503 0.019725554 -0.089916892 -0.019198652 0.995568812
1403636613463555584.000000 0.072689429 0.325587749 0.228620991 0.019792987 -0.089961059 -0.019034553 0.995566666
1403636613513555456.000000 0.072722942 0.325546116 0.228572264 0.019797765 -0.089875072 -0.019176522 0.995571613
1403636613563555584.000000 0.072722681 0.325581193 0.228544861 0.019767385 -0.089907646 -0.019040000 0.995571911
1403636613613555456.000000 0.072717398 0.325611413 0.228528097 0.019801034 -0.089895032 -0.019285927 0.995567620
1403636613663555584.000000 0.072655879 0.325583369 0.228524849 0.019779380 -0.089951284 -0.018992323 0.995568633
1403636613713555456.000000 0.072726242 0.325597137 0.228518754 0.019796159 -0.089901343 -0.019109204 0.995570540
1403636613763555584.000000 0.072710931 0.325590700 0.228454337 0.019843917 -0.089857757 -0.018993614 0.995575786
1403636613813555456.000000 0.072722159 0.325523883 0.228486836 0.019783506 -0.089929268 -0.018878033 0.995572686
1403636613863555584.000000 0.072689891 0.325593024 0.228476629 0.019803673 -0.089948900 -0.018923255 0.995569646
1403636613913555456.000000 0.072718903 0.325658083 0.228425950 0.019814124 -0.089898236 -0.019043224 0.995571792
1403636613963555584.000000 0.072739318 0.325617403 0.228409007 0.019828534 -0.089899011 -0.019022385 0.995571792
1403636614013555456.000000 0.072810464 0.325498641 0.228407085 0.019733492 -0.089948267 -0.018935811 0.995570898
1403636614063555584.000000 0.072693080 0.325584263 0.228373438 0.019792264 -0.089924335 -0.018939026 0.995571852
1403636614113555456.000000 0.072691508 0.325634241 0.228434741 0.019888481 -0.089870900 -0.019036451 0.995572865
1403636614163555584.000000 0.072759159 0.325563759 0.228445143 0.019843595 -0.089918621 -0.019014506 0.995569885
1403636614213555456.000000 0.072697781 0.325595111 0.228490412 0.019748792 -0.089885302 -0.019103723 0.995573103
1403636614263555584.000000 0.072775386 0.325605690 0.228584677 0.019788297 -0.089936607 -0.019035468 0.995568931
1403636614313555456.000000 0.072720639 0.325610757 0.228474140 0.019830283 -0.089872085 -0.019052463 0.995573640
1403636614363555584.000000 0.072651483 0.325561285 0.228351757 0.019860810 -0.089813046 -0.019140521 0.995576680
1403636614413555456.000000 0.072691381 0.325589776 0.228610411 0.019820856 -0.089901805 -0.018920714 0.995573640
1403636614463555584.000000 0.072729833 0.325623155 0.228464261 0.019833324 -0.089854278 -0.019185424 0.995572627
1403636614513555456.000000 0.072741978 0.325553060 0.228745088 0.019807916 -0.089888684 -0.019197011 0.995569825
1403636614563555584.000000 0.072685629 0.325602621 0.228442982 0.019750148 -0.089871190 -0.019135946 0.995573640
1403636614613555456.000000 0.072799951 0.325549006 0.228638455 0.019789735 -0.090001926 -0.018832821 0.995566845
1403636614663555584.000000 0.072762743 0.325598896 0.228532046 0.019768763 -0.089939788 -0.019092198 0.995567977
1403636614713555456.000000 0.072784282 0.325539351 0.228676960 0.019826712 -0.089956939 -0.018918421 0.995568633
1403636614763555584.000000 0.072757229 0.325595856 0.228516266 0.019756749 -0.089944281 -0.019072885 0.995568156
1403636614813555456.000000 0.072772421 0.325607032 0.228645876 0.019830631 -0.089948945 -0.019051347 0.995566666
1403636614863555584.000000 0.072742060 0.325604260 0.228624806 0.019739211 -0.089919664 -0.018963898 0.995572805
1403636614913555456.000000 0.072773144 0.325583905 0.228510961 0.019771762 -0.090002097 -0.018894402 0.995566070
1403636614963555584.000000 0.072742507 0.325523227 0.228414953 0.019736290 -0.089904062 -0.019069372 0.995572269
1403636615013555456.000000 0.072752826 0.325541735 0.228657618 0.019809393 -0.089929819 -0.018951094 0.995570719
1403636615063555584.000000 0.072744288 0.325567245 0.228598937 0.019728571 -0.089946754 -0.019030550 0.995569289
1403636615113555456.000000 0.072696254 0.325590730 0.228472441 0.019753555 -0.089902475 -0.019057907 0.995572329
1403636615163555584.000000 0.072734937 0.325630009 0.228496730 0.019783052 -0.089904636 -0.019098295 0.995570719
1403636615213555456.000000 0.072739333 0.325578958 0.228423819 0.019744059 -0.089898787 -0.019069143 0.995572567
1403636615263555584.000000 0.072748460 0.325558215 0.228459448 0.019817505 -0.089967296 -0.018922180 0.995567739
1403636615313555456.000000 0.072751924 0.325618118 0.228423372 0.019774241 -0.089915149 -0.019041594 0.995571077
1403636615363555584.000000 0.072726771 0.325555474 0.228474408 0.019778524 -0.089937635 -0.018961541 0.995570481
1403636615413555456.000000 0.072756596 0.325575113 0.228411093 0.019758997 -0.089931801 -0.019046361 0.995569766
1403636615463555584.000000 0.072765678 0.325576723 0.228484452 0.019796036 -0.089995876 -0.018951992 0.995564997
1403636615513555456.000000 0.072722115 0.325580388 0.228557780 0.019801656 -0.089852519 -0.019089187 0.995575249
1403636615563555584.000000 0.072694071 0.325640529 0.228614226 0.019812508 -0.089874089 -0.019145615 0.995572031
1403636615613555456.000000 0.072750799 0.325575620 0.228470325 0.019745668 -0.089911044 -0.019098215 0.995570898
1403636615663555584.000000 0.072725326 0.325621068 0.228625864 0.019772394 -0.089934587 -0.018994130 0.995570242
1403636615713555456.000000 0.072695993 0.325651616 0.228501141 0.019813463 -0.089964971 -0.019062249 0.995565355
1403636615763555584.000000 0.072733812 0.325613469 0.228587940 0.019807758 -0.089894846 -0.019075735 0.995571554
1403636615813555456.000000 0.072823204 0.325624257 0.228668094 0.019795811 -0.089899696 -0.019085001 0.995571196
1403636615863555584.000000 0.072696202 0.325642020 0.228512377 0.019798556 -0.089928791 -0.018964596 0.995570838
1403636615913555456.000000 0.072716534 0.325547814 0.228470057 0.019792868 -0.089915566 -0.019040711 0.995570660
1403636615963555584.000000 0.072791979 0.325614363 0.228617057 0.019741060 -0.089901015 -0.019112248 0.995571613
1403636616013555456.000000 0.072726041 0.325604439 0.228512108 0.019794626 -0.089911692 -0.019107020 0.995569766
1403636616063555584.000000 0.072680108 0.325640947 0.228461668 0.019749913 -0.089901805 -0.019048307 0.995572627
1403636616113555456.000000 0.072746836 0.325535774 0.228446335 0.019741738 -0.089965835 -0.018921243 0.995569408
1403636616163555584.000000 0.072706811 0.325602978 0.228570759 0.019798178 -0.089883380 -0.019120211 0.995571911
1403636616213555456.000000 0.072709896 0.325562000 0.228612155 0.019736832 -0.089913867 -0.019073416 0.995571315
1403636616263555584.000000 0.072722919 0.325613916 0.228467047 0.019760936 -0.089857534 -0.019154713 0.995574355
1403636616313555456.000000 0.072729982 0.325534135 0.228438377 0.019709881 -0.089886144 -0.019086542 0.995574117
1403636616363555584.000000 0.072696887 0.325565368 0.228560671 0.019767459 -0.089928649 -0.019048797 0.995569825
1403636616413555456.000000 0.072696149 0.325563759 0.228453845 0.019744338 -0.089938074 -0.019054146 0.995569348
1403636616463555584.000000 0.072717652 0.325611532 0.228610322 0.019769197 -0.089882515 -0.019112118 0.995572746
1403636616513555456.000000 0.072647922 0.325639337 0.228894308 0.019801276 -0.089893453 -0.019102126 0.995571315
1403636616563555584.000000 0.072689071 0.325591683 0.228573710 0.019793868 -0.089903280 -0.019073498 0.995571136
1403636616613555456.000000 0.072688766 0.325618118 0.228404090 0.019740408 -0.089881711 -0.019054648 0.995574474
1403636616663555584.000000 0.072761469 0.325572491 0.228658676 0.019800179 -0.089908578 -0.019064100 0.995570719
1403636616713555456.000000 0.072708711 0.325584173 0.228652224 0.019743845 -0.089912109 -0.019033294 0.995572090
1403636616763555584.000000 0.072709419 0.325582713 0.228676170 0.019800719 -0.089833923 -0.019158257 0.995575607
1403636616813555456.000000 0.072726354 0.325650841 0.228566155 0.019792231 -0.089908786 -0.019138547 0.995569408
1403636616863555584.000000 0.072695047 0.325616121 0.228569761 0.019758645 -0.089880444 -0.019077713 0.995573819
1403636616913555456.000000 0.072739586 0.325578034 0.228458732 0.019787531 -0.089950316 -0.018976260 0.995568871
1403636616963555584.000000 0.072726622 0.325551271 0.228469670 0.019779257 -0.089962833 -0.018952284 0.995568335
1403636617013555456.000000 0.072735213 0.325630873 0.228630915 0.019764310 -0.089914031 -0.019051924 0.995571136
1403636617063555584.000000 0.072696030 0.325620800 0.228680536 0.019821750 -0.089833386 -0.019184135 0.995574772
1403636617113555456.000000 0.072753720 0.325599641 0.228613868 0.019768722 -0.089914098 -0.019008415 0.995571852
1403636617163555584.000000 0.072694317 0.325593382 0.228537872 0.019761277 -0.089893274 -0.019024258 0.995573580
1403636617213555456.000000 0.072671883 0.325627267 0.228627607 0.019834094 -0.089831486 -0.019089516 0.995576501
1403636617263555584.000000 0.072781652 0.325529516 0.228530332 0.019759094 -0.089957096 -0.018926496 0.995569825
1403636617313555456.000000 0.072704457 0.325574696 0.228507414 0.019833554 -0.089896217 -0.019015165 0.995572090
1403636617363555584.000000 0.072741076 0.325580657 0.228516385 0.019770861 -0.089907266 -0.019048044 0.995571733
1403636617413555456.000000 0.072737336 0.325579584 0.228645489 0.019806962 -0.089926325 -0.018876649 0.995572507
1403636617463555584.000000 0.072783552 0.325606555 0.228554040 0.019838646 -0.089906543 -0.018954981 0.995572209
1403636617513555456.000000 0.072736040 0.325584322 0.228465185 0.019790662 -0.089917086 -0.018968176 0.995571971
1403636617563555584.000000 0.072683625 0.325649917 0.228511065 0.019847652 -0.089838408 -0.019155815 0.995574296
1403636617613555456.000000 0.072692402 0.325590611 0.228568554 0.019795800 -0.089891970 -0.019088827 0.995571792
1403636617663555584.000000 0.072735496 0.325615168 0.228615597 0.019782091 -0.089924030 -0.019013753 0.995570660
1403636617713555456.000000 0.072751544 0.325650811 0.228579342 0.019847469 -0.089882158 -0.019096028 0.995571494
1403636617763555584.000000 0.072706483 0.325545758 0.228497371 0.019780483 -0.089886263 -0.019044075 0.995573461
1403636617813555456.000000 0.072725385 0.325640619 0.228716075 0.019799767 -0.089872740 -0.019112000 0.995573044
1403636617863555584.000000 0.072733231 0.325545967 0.228461713 0.019773915 -0.089941137 -0.018946514 0.995570481
1403636617913555456.000000 0.072750285 0.325613052 0.228652135 0.019768015 -0.089952044 -0.019059803 0.995567501
1403636617963555584.000000 0.072665304 0.325584888 0.228517339 0.019777155 -0.089870229 -0.019098211 0.995573938
1403636618013555456.000000 0.072694957 0.325588018 0.228532821 0.019754054 -0.089871101 -0.019108601 0.995574117
1403636618063555584.000000 0.072735094 0.325593591 0.228451192 0.019790020 -0.089915238 -0.019011049 0.995571315
1403636618113555456.000000 0.072683588 0.325580627 0.228596047 0.019776803 -0.089911178 -0.019045377 0.995571315
1403636618163555584.000000 0.072744861 0.325605661 0.228652403 0.019781005 -0.089903116 -0.019088095 0.995571136
1403636618213555456.000000 0.072692409 0.325671941 0.228502527 0.019779848 -0.089856870 -0.019246066 0.995572269
1403636618263555584.000000 0.072736830 0.325598866 0.228683710 0.019800412 -0.089956418 -0.019082107 0.995566070
1403636618313555456.000000 0.072668605 0.325620323 0.228580534 0.019837085 -0.089865059 -0.019106071 0.995573103
1403636618363555584.000000 0.072731338 0.325627863 0.228595376 0.019853255 -0.089878224 -0.019079912 0.995572090
1403636618413555456.000000 0.072744034 0.325626522 0.228564456 0.019806957 -0.089956306 -0.018966766 0.995568097
1403636618463555584.000000 0.072770424 0.325595677 0.228582993 0.019811021 -0.089906223 -0.019120652 0.995569646
1403636618513555456.000000 0.072668985 0.325568825 0.228317231 0.019725475 -0.090217002 -0.018821945 0.995548904
1403636618563555584.000000 0.072621994 0.325550437 0.228327185 0.019786930 -0.090036824 -0.019002147 0.995560527
1403636618613555456.000000 0.072674558 0.325575739 0.228459001 0.019764204 -0.089982003 -0.019127438 0.995563626
1403636618663555584.000000 0.072731398 0.325566828 0.228621438 0.019817764 -0.089984573 -0.018986648 0.995564938
1403636618713555456.000000 0.072687387 0.325617045 0.228441074 0.019821737 -0.089816958 -0.019049454 0.995578825
1403636618763555584.000000 0.072705597 0.325567007 0.228455245 0.019809075 -0.089855209 -0.018891564 0.995578587
1403636618813555456.000000 0.072801314 0.325578451 0.228694931 0.019790653 -0.089841530 -0.019043744 0.995577395
1403636618863555584.000000 0.072703592 0.325590491 0.228681818 0.019818051 -0.089818485 -0.019146333 0.995576918
1403636618913555456.000000 0.072696865 0.325545669 0.228661925 0.019727906 -0.090287350 -0.018662827 0.995545447
1403636618963555584.000000 0.072612345 0.325573921 0.228675708 0.019840853 -0.090211324 -0.018832488 0.995546877
1403636619013555456.000000 0.072654732 0.325534999 0.228706598 0.019781630 -0.090208881 -0.018774847 0.995549381
1403636619063555584.000000 0.072720602 0.325541794 0.228460565 0.019714868 -0.090120189 -0.018856846 0.995557189
1403636619113555456.000000 0.072601296 0.325561881 0.228515595 0.019769147 -0.089837857 -0.019035546 0.995578229
1403636619163555584.000000 0.072663836 0.325591773 0.228650659 0.019795192 -0.089823127 -0.018915940 0.995581329
1403636619213555456.000000 0.072664686 0.325553149 0.228670716 0.019852623 -0.089782298 -0.018871872 0.995584726
1403636619263555584.000000 0.072740830 0.325582325 0.228674367 0.019919541 -0.089787722 -0.018896161 0.995582402
1403636619313555456.000000 0.072666027 0.325632274 0.228562757 0.019817142 -0.089767054 -0.019173419 0.995581031
1403636619363555584.000000 0.072744884 0.325565785 0.228703886 0.019774267 -0.090184838 -0.018876242 0.995549858
1403636619413555456.000000 0.072710261 0.325495303 0.228580326 0.019763270 -0.090251893 -0.018858062 0.995544314
1403636619463555584.000000 0.072660677 0.325580925 0.228666753 0.019746799 -0.090151273 -0.018972259 0.995551527
1403636619513555456.000000 0.072675891 0.325608224 0.228473678 0.019754741 -0.090048425 -0.018992726 0.995560288
1403636619563555584.000000 0.072667457 0.325591713 0.228470549 0.019731745 -0.089976557 -0.018833902 0.995570302
1403636619613555456.000000 0.072697058 0.325541824 0.228708372 0.019776342 -0.089905955 -0.019041905 0.995571852
1403636619663555584.000000 0.072738908 0.325576901 0.228741720 0.019823613 -0.089983344 -0.018976714 0.995565116
1403636619713555456.000000 0.072663553 0.325527012 0.228568032 0.019812781 -0.089889206 -0.018959235 0.995574236
1403636619763555584.000000 0.072664939 0.325546950 0.228416428 0.019798066 -0.089835234 -0.018974176 0.995579064
1403636619813555456.000000 0.072712690 0.325592339 0.228559420 0.019835675 -0.089877307 -0.018976286 0.995574474
1403636619863555584.000000 0.072702326 0.325644225 0.228728667 0.019805938 -0.089916378 -0.018935515 0.995572329
1403636619913555456.000000 0.072717845 0.325570464 0.228578478 0.019822478 -0.089859448 -0.019115943 0.995573699
1403636619963555584.000000 0.072747834 0.325620681 0.228677973 0.019810852 -0.089942463 -0.019065728 0.995567381
1403636620013555456.000000 0.072734013 0.325581163 0.228534535 0.019788308 -0.089917563 -0.018983081 0.995571673
1403636620063555584.000000 0.072649390 0.325586379 0.228423372 0.019782409 -0.089919202 -0.019049944 0.995570362
1403636620113555456.000000 0.072720289 0.325664580 0.228703856 0.019871755 -0.089928567 -0.019093370 0.995566905
1403636620163555584.000000 0.072762892 0.325655043 0.228404298 0.019789523 -0.089932613 -0.019182872 0.995566428
1403636620213555456.000000 0.072747514 0.325611085 0.228712305 0.019827429 -0.089970760 -0.019048149 0.995564818
1403636620263555584.000000 0.072644606 0.325657278 0.228669599 0.019763606 -0.089926690 -0.019156232 0.995567977
1403636620313555456.000000 0.072677411 0.325649053 0.228662983 0.019846631 -0.089898273 -0.019068476 0.995570600
1403636620363555584.000000 0.072795868 0.325603604 0.228754163 0.019793201 -0.089992784 -0.019058472 0.995563328
1403636620413555456.000000 0.072696939 0.325649977 0.228631452 0.019809144 -0.089910001 -0.019157933 0.995568633
1403636620463555584.000000 0.072702199 0.325608909 0.228555575 0.019836789 -0.089919016 -0.019184692 0.995566666
1403636620513555456.000000 0.072758049 0.325688511 0.228691101 0.019819159 -0.089889005 -0.019028878 0.995572746
1403636620563555584.000000 0.072725795 0.325569689 0.228379637 0.019801006 -0.089912750 -0.018996269 0.995571613
1403636620613555456.000000 0.072738253 0.325634569 0.228623122 0.019812308 -0.089871518 -0.019193644 0.995571315
1403636620663555584.000000 0.072707132 0.325637013 0.228688329 0.019809972 -0.089867577 -0.019167764 0.995572209
1403636620713555456.000000 0.072694398 0.325636238 0.228644371 0.019840252 -0.089875527 -0.019120174 0.995571852
1403636620763555584.000000 0.072786003 0.325658202 0.228748500 0.019864323 -0.089889869 -0.019104851 0.995570302
1403636620813555456.000000 0.072821267 0.325653702 0.228855327 0.019788895 -0.089977577 -0.019029310 0.995565355
1403636620863555584.000000 0.072677799 0.325701177 0.228586286 0.019852614 -0.089860976 -0.019163569 0.995572031
1403636620913555456.000000 0.072678179 0.325601101 0.228661910 0.019818086 -0.089935176 -0.019012028 0.995568991
1403636620963555584.000000 0.072709419 0.325613201 0.228773996 0.019796632 -0.089886971 -0.019152483 0.995571017
1403636621013555456.000000 0.072715819 0.325652093 0.228645980 0.019810878 -0.089885093 -0.019049704 0.995572865
1403636621063555584.000000 0.072955854 0.325554788 0.228825688 0.019979578 -0.089700602 -0.019437853 0.995578647
1403636621113555456.000000 0.072729334 0.325508744 0.228611320 0.019802723 -0.089923903 -0.018902445 0.995572388
1403636621163555584.000000 0.072903953 0.325578600 0.228808969 0.019860242 -0.089858159 -0.019283481 0.995569825
1403636621213555456.000000 0.072718419 0.325488567 0.228645802 0.019825671 -0.089899905 -0.019039346 0.995571494
1403636621263555584.000000 0.072836660 0.325603306 0.228788495 0.019870274 -0.089845873 -0.019221703 0.995571911
1403636621313555456.000000 0.072768860 0.325517058 0.228536323 0.019779973 -0.089989521 -0.018888723 0.995567083
1403636621363555584.000000 0.072935209 0.325573266 0.228800178 0.019851213 -0.089921758 -0.019147409 0.995566905
1403636621413555456.000000 0.072733283 0.325570613 0.228721380 0.019779718 -0.089930311 -0.019013714 0.995570123
1403636621463555584.000000 0.072771139 0.325598300 0.228571191 0.019846113 -0.089843929 -0.019141002 0.995574176
1403636621513555456.000000 0.072713442 0.325590342 0.228596881 0.019823885 -0.089857116 -0.019177835 0.995572686
1403636621563555584.000000 0.072820522 0.325545162 0.228870079 0.019833012 -0.089928299 -0.019140854 0.995566785
1403636621613555456.000000 0.072713576 0.325573772 0.228544727 0.019819666 -0.089788586 -0.019203799 0.995578408
1403636621663555584.000000 0.072837524 0.325561523 0.228757203 0.019857619 -0.089879513 -0.019276427 0.995568037
1403636621713555456.000000 0.072687827 0.325549960 0.228586853 0.019832779 -0.089869149 -0.019173939 0.995571494
1403636621763555584.000000 0.072771132 0.325605333 0.228739396 0.019815901 -0.089888126 -0.019171515 0.995570183
1403636621813555456.000000 0.072790794 0.325562000 0.228923649 0.019837381 -0.089910887 -0.019265000 0.995565891
1403636621863555584.000000 0.072834611 0.325626135 0.228833631 0.019826019 -0.089917205 -0.019202041 0.995566726
1403636621913555456.000000 0.072720379 0.325627685 0.228686348 0.019842254 -0.089913808 -0.019254064 0.995565772
1403636621963555584.000000 0.072746806 0.325546324 0.228703588 0.019821158 -0.089906581 -0.019202832 0.995567858
1403636622013555456.000000 0.072845042 0.325594455 0.228973910 0.019884719 -0.089971341 -0.019127509 0.995562196
1403636622063555584.000000 0.072816275 0.325535148 0.228775024 0.019908214 -0.089931250 -0.019111477 0.995565593
1403636622113555456.000000 0.072767638 0.325459063 0.228794232 0.019787259 -0.089878075 -0.019212082 0.995570898
1403636622163555584.000000 0.072797522 0.325511038 0.228681847 0.019822922 -0.089902930 -0.019187193 0.995568395
1403636622213555456.000000 0.072734460 0.325569630 0.228722379 0.019842377 -0.089905046 -0.019202253 0.995567501
1403636622263555584.000000 0.072836682 0.325546443 0.228872567 0.019871810 -0.089901105 -0.019239571 0.995566547
1403636622313555456.000000 0.072680712 0.325519353 0.228674874 0.019835260 -0.089826256 -0.019289888 0.995573103
1403636622363555584.000000 0.072785892 0.325542629 0.228778109 0.019848220 -0.089861766 -0.019150879 0.995572269
1403636622413555456.000000 0.072803035 0.325505555 0.228704959 0.019855011 -0.089910127 -0.019102376 0.995568752
1403636622463555584.000000 0.072778627 0.325591028 0.228767842 0.019832049 -0.089856140 -0.019254994 0.995571136
1403636622513555456.000000 0.072734676 0.325588822 0.228653699 0.019799776 -0.089848585 -0.019290073 0.995571792
1403636622563555584.000000 0.072722413 0.325570703 0.228616193 0.019772690 -0.089848354 -0.019218056 0.995573759
1403636622613555456.000000 0.072813749 0.325556636 0.228893861 0.019822415 -0.089807920 -0.019321378 0.995574415
1403636622663555584.000000 0.072714880 0.325581342 0.228805572 0.019803535 -0.089795075 -0.019377729 0.995574832
1403636622713555456.000000 0.072723597 0.325526893 0.228568122 0.019867374 -0.089821436 -0.019298578 0.995572686
1403636622763555584.000000 0.072849959 0.325581104 0.228662148 0.019844577 -0.089857839 -0.019256726 0.995570719
1403636622813555456.000000 0.072826140 0.325503677 0.228743523 0.019870909 -0.089871496 -0.019184776 0.995570302
1403636622863555584.000000 0.072737664 0.325486004 0.228493452 0.019941268 -0.089714296 -0.019161930 0.995583534
1403636622913555456.000000 0.072812334 0.325419158 0.228329375 0.019969750 -0.089633591 -0.019022729 0.995592892
1403636622963555584.000000 0.072837733 0.325411260 0.228581414 0.020056169 -0.089608520 -0.018908763 0.995595574
1403636623013555456.000000 0.072806560 0.325361699 0.228498057 0.020134823 -0.089516535 -0.019095758 0.995598733
1403636623063555584.000000 0.072855197 0.325337946 0.228558466 0.020206442 -0.089545876 -0.019059733 0.995595276
1403636623113555456.000000 0.072915465 0.325386405 0.228551582 0.020324819 -0.089453496 -0.018915683 0.995603919
1403636623163555584.000000 0.072797745 0.325365782 0.228484571 0.020354388 -0.089449242 -0.018840151 0.995605230
1403636623213555456.000000 0.072951935 0.325392872 0.228813499 0.020291943 -0.089507177 -0.018825991 0.995601535
1403636623263555584.000000 0.072852023 0.325344294 0.228560492 0.020301437 -0.089533448 -0.018780073 0.995599806
1403636623313555456.000000 0.072896272 0.325358719 0.228652984 0.020404849 -0.089468546 -0.018816328 0.995602906
1403636623363555584.000000 0.072812155 0.325421453 0.228475466 0.020324919 -0.089402936 -0.018878635 0.995609224
1403636623413555456.000000 0.072972924 0.325429171 0.228744656 0.020423092 -0.089418143 -0.018969903 0.995604098
1403636623463555584.000000 0.072873667 0.325404376 0.228588641 0.020383339 -0.089410298 -0.018921182 0.995606542
1403636623513555456.000000 0.072832868 0.325363308 0.228552908 0.020312496 -0.089316070 -0.019008096 0.995614767
1403636623563555584.000000 0.072868668 0.325343281 0.228501871 0.020221388 -0.089250110 -0.018932244 0.995624006
1403636623613555456.000000 0.072993584 0.325274348 0.228857026 0.020236317 -0.089214541 -0.018825512 0.995628893
1403636623663555584.000000 0.073080681 0.325328529 0.228794679 0.019986304 -0.089207634 -0.018896949 0.995633185
1403636623713555456.000000 0.072948456 0.325322270 0.228683069 0.020139495 -0.088867247 -0.019070853 0.995657265
1403636623763555584.000000 0.073018178 0.325286359 0.228734091 0.020052111 -0.088775486 -0.018732958 0.995673597
1403636623813555456.000000 0.073073164 0.325309545 0.228925481 0.019846398 -0.088529669 -0.018721342 0.995699883
1403636623863555584.000000 0.073131241 0.325313896 0.228874266 0.019953011 -0.088340715 -0.018481683 0.995718956
1403636623913555456.000000 0.073243476 0.325153321 0.228878006 0.019680353 -0.088321544 -0.018233731 0.995730639
1403636623963555584.000000 0.073140971 0.325132549 0.228798702 0.019566769 -0.087976977 -0.018302444 0.995762169
1403636624013555456.000000 0.073176302 0.325223625 0.228910372 0.019733848 -0.087943330 -0.018718496 0.995754123
1403636624063555584.000000 0.073195092 0.325171977 0.228896022 0.019622451 -0.087784640 -0.018448444 0.995775342
1403636624113555456.000000 0.073337920 0.325058609 0.228945240 0.019280793 -0.087049067 -0.018517774 0.995845258
1403636624163555584.000000 0.073215358 0.324970126 0.228812188 0.019035330 -0.086820707 -0.018113030 0.995877385
1403636624213555456.000000 0.073128536 0.325022042 0.228576019 0.018881457 -0.086747736 -0.018204452 0.995885074
1403636624263555584.000000 0.073440872 0.325037479 0.228409469 0.018552428 -0.086853161 -0.018083571 0.995884240
1403636624313555456.000000 0.073879398 0.325159431 0.228248119 0.015879046 -0.085854135 -0.018753733 0.996004701
1403636624363555584.000000 0.075090237 0.325674176 0.227678895 0.010846637 -0.084455580 -0.019130733 0.996184587
1403636624413555456.000000 0.077104844 0.326005101 0.226244986 0.007007254 -0.082527973 -0.019977385 0.996363878
1403636624463555584.000000 0.079772301 0.326159596 0.224908933 0.001876545 -0.081190422 -0.019192608 0.996512055
1403636624513555456.000000 0.082644358 0.326769531 0.222213447 -0.003065034 -0.079153568 -0.019229608 0.996672273
1403636624563555584.000000 0.086265445 0.327174634 0.220016390 -0.006266014 -0.077291012 -0.019509738 0.996798038
1403636624613555456.000000 0.090291075 0.327483803 0.217648104 -0.007343316 -0.075806163 -0.021370871 0.996866524
1403636624663555584.000000 0.095262028 0.327963620 0.215034500 -0.005269087 -0.074366093 -0.023500752 0.996940196
1403636624713555456.000000 0.101467371 0.330413043 0.212981269 -0.004900223 -0.073085450 -0.027681179 0.996929467
1403636624763555584.000000 0.108091593 0.331608891 0.208812281 -0.002298931 -0.072257012 -0.030280568 0.996923685
1403636624813555456.000000 0.115267813 0.333252102 0.203957841 -0.005863882 -0.070187949 -0.038072202 0.996789753
1403636624863555584.000000 0.122965798 0.333657414 0.197451293 -0.009694289 -0.068426184 -0.044976946 0.996594667
1403636624913555456.000000 0.131133810 0.332806915 0.190682083 -0.016840469 -0.066435672 -0.052783433 0.996251285
1403636624963555584.000000 0.139024794 0.329851538 0.182292312 -0.023611445 -0.064451642 -0.060694341 0.995793521
1403636625013555456.000000 0.145525217 0.324483752 0.174015567 -0.029706368 -0.063346252 -0.065109357 0.995422363
1403636625063555584.000000 0.151212230 0.317025363 0.165083632 -0.036241647 -0.062618107 -0.068444833 0.995028079
1403636625113555456.000000 0.155086040 0.307100356 0.155915007 -0.042055048 -0.062959298 -0.068792745 0.994753838
1403636625163555584.000000 0.156721860 0.295316666 0.147931620 -0.044742215 -0.064341731 -0.064330921 0.994846642
1403636625213555456.000000 0.158121869 0.281511486 0.141001210 -0.042984117 -0.066145450 -0.059998371 0.995076597
1403636625263555584.000000 0.158219814 0.267196625 0.133247986 -0.039055619 -0.067261584 -0.056634791 0.995360792
1403636625313555456.000000 0.157575652 0.256350726 0.129431948 -0.034972493 -0.068696417 -0.054343253 0.995542407
1403636625363555584.000000 0.157877654 0.249590486 0.126679972 -0.032820221 -0.070257157 -0.052838448 0.995587766
1403636625413555456.000000 0.158105299 0.248650059 0.125859514 -0.034346960 -0.070816949 -0.052304503 0.995524764
1403636625463555584.000000 0.158614919 0.251199871 0.126352891 -0.037568599 -0.071354471 -0.052897684 0.995338619
1403636625513555456.000000 0.158573359 0.254782319 0.127583548 -0.039393455 -0.071823865 -0.052923318 0.995232999
1403636625563555584.000000 0.157753527 0.258451223 0.130053222 -0.040696207 -0.072056673 -0.053910363 0.995110750
1403636625613555456.000000 0.157296896 0.259663671 0.133705348 -0.040638451 -0.072720103 -0.054836459 0.995014250
1403636625663555584.000000 0.155364618 0.256719470 0.137928903 -0.038916398 -0.073102817 -0.055114575 0.995039701
1403636625713555456.000000 0.152754053 0.248972014 0.141295150 -0.035412453 -0.074210353 -0.054561064 0.995119095
1403636625763555584.000000 0.149928659 0.235838413 0.143643275 -0.030256528 -0.074776918 -0.054756161 0.995236039
1403636625813555456.000000 0.145785898 0.219466418 0.146347269 -0.024967030 -0.075450316 -0.054519452 0.995344996
1403636625863555584.000000 0.141342118 0.198986456 0.148595110 -0.018559868 -0.076447740 -0.052852862 0.995498836
1403636625913555456.000000 0.136197954 0.174416617 0.150854364 -0.014750465 -0.077385560 -0.051759589 0.995547533
1403636625963555584.000000 0.131232575 0.149101526 0.152512610 -0.011633333 -0.078159027 -0.050450601 0.995595694
1403636626013555456.000000 0.126211420 0.123458259 0.153908387 -0.009074192 -0.078865074 -0.049540840 0.995612204
1403636626063555584.000000 0.120312452 0.098630965 0.154044390 -0.007792766 -0.080455959 -0.044984818 0.995712101
1403636626113555456.000000 0.114904523 0.073953658 0.152969450 -0.007400033 -0.082274430 -0.039987758 0.995779753
1403636626163555584.000000 0.109032720 0.051933147 0.152687341 -0.006369792 -0.083630525 -0.035288338 0.995851457
1403636626213555456.000000 0.105958238 0.030754952 0.153673083 -0.005723664 -0.085280851 -0.030927880 0.995860398
1403636626263555584.000000 0.104074106 0.013390435 0.153465480 -0.005480788 -0.086059496 -0.028548460 0.995865881
1403636626313555456.000000 0.103472501 0.000651694 0.157352552 -0.005135096 -0.086875580 -0.027610680 0.995823205
1403636626363555584.000000 0.102864958 -0.010258161 0.158286139 -0.005007160 -0.086668849 -0.027357435 0.995848894
1403636626413555456.000000 0.103492498 -0.016812943 0.159237176 -0.004269796 -0.086380787 -0.029313102 0.995821774
1403636626463555584.000000 0.105405860 -0.022209972 0.162289247 -0.003402001 -0.085737094 -0.032367047 0.995786130
1403636626513555456.000000 0.107680485 -0.027347418 0.162810206 0.000022478 -0.085022539 -0.036170587 0.995722353
1403636626563555584.000000 0.112036541 -0.029479429 0.165954947 0.004081471 -0.084725909 -0.039781123 0.995601535
1403636626613555456.000000 0.114807889 -0.031052968 0.166663915 0.007740608 -0.084432080 -0.043511096 0.995448709
1403636626663555584.000000 0.120046347 -0.030541241 0.169771165 0.010803108 -0.084627688 -0.046171028 0.995283723
1403636626713555456.000000 0.124436431 -0.029761747 0.169175118 0.010324589 -0.084949069 -0.048023611 0.995173752
1403636626763555584.000000 0.128953338 -0.026539847 0.170689538 0.007763487 -0.085982643 -0.048604857 0.995080054
1403636626813555456.000000 0.135645032 -0.022426475 0.171126708 0.004883850 -0.087005094 -0.048820399 0.994998932
1403636626863555584.000000 0.141221464 -0.017053943 0.168015406 0.000953488 -0.087460183 -0.049622208 0.994930863
1403636626913555456.000000 0.147158355 -0.010828207 0.169459656 -0.003380477 -0.087856829 -0.050415151 0.994850814
1403636626963555584.000000 0.152847439 -0.005561685 0.165770724 -0.008597963 -0.087618098 -0.051704839 0.994774282
1403636627013555456.000000 0.157940790 0.002638653 0.163352087 -0.013246652 -0.087459996 -0.052401006 0.994700670
1403636627063555584.000000 0.163511053 0.009695600 0.161858246 -0.017446801 -0.087262698 -0.052545756 0.994645536
1403636627113555456.000000 0.168143168 0.013615925 0.158736423 -0.022559110 -0.087252080 -0.053016298 0.994518697
1403636627163555584.000000 0.173131347 0.017743301 0.158167645 -0.021036254 -0.087768391 -0.052938327 0.994510770
1403636627213555456.000000 0.176625356 0.015440939 0.154255852 -0.018424541 -0.087602727 -0.053306386 0.994557559
1403636627263555584.000000 0.180849195 0.011293421 0.150719762 -0.014263376 -0.087877557 -0.052934073 0.994621634
1403636627313555456.000000 0.184316814 0.003495798 0.142942593 -0.010807156 -0.088592261 -0.051731061 0.994665086
1403636627363555584.000000 0.188384041 -0.002764258 0.137974858 -0.009255708 -0.088919736 -0.050801374 0.994699419
1403636627413555456.000000 0.192674026 -0.014057907 0.131905138 -0.008886375 -0.089486457 -0.049731076 0.994706094
1403636627463555584.000000 0.196387738 -0.026999284 0.124573842 -0.007886538 -0.089314878 -0.048114628 0.994809389
1403636627513555456.000000 0.199421346 -0.038952425 0.116745912 -0.008907933 -0.087135687 -0.046620291 0.995065153
1403636627563555584.000000 0.204669863 -0.046728313 0.115523152 -0.009623992 -0.084004343 -0.044190384 0.995438576
1403636627613555456.000000 0.210367203 -0.052276839 0.108667403 -0.011208956 -0.079575442 -0.042991102 0.995838284
1403636627663555584.000000 0.215098217 -0.052878674 0.105200708 -0.014464665 -0.075648665 -0.042030528 0.996143341
1403636627713555456.000000 0.221348599 -0.048830088 0.103508152 -0.019305360 -0.070428550 -0.041404702 0.996470213
1403636627763555584.000000 0.229204521 -0.043622434 0.101310775 -0.025657678 -0.064651534 -0.040387210 0.996760190
1403636627813555456.000000 0.237132370 -0.037979439 0.102930687 -0.031372763 -0.057995830 -0.039281338 0.997050285
1403636627863555584.000000 0.245351836 -0.029849803 0.103199460 -0.036567505 -0.050718818 -0.038131971 0.997314572
1403636627913555456.000000 0.251135319 -0.024444392 0.104206167 -0.041961208 -0.044591077 -0.037637435 0.997413814
1403636627963555584.000000 0.258752823 -0.022273375 0.102531791 -0.044618513 -0.039459143 -0.037427228 0.997522593
1403636628013555456.000000 0.265471369 -0.022940105 0.104361206 -0.045616083 -0.034912981 -0.036685407 0.997674525
1403636628063555584.000000 0.270597547 -0.025554547 0.106885381 -0.043095343 -0.031267140 -0.036203004 0.997925103
1403636628113555456.000000 0.277145356 -0.032844476 0.111921400 -0.036323674 -0.028890206 -0.034627255 0.998322070
1403636628163555584.000000 0.281959474 -0.042636242 0.117323317 -0.026532231 -0.027048292 -0.033184730 0.998730838
1403636628213555456.000000 0.286588699 -0.053932332 0.120827653 -0.017584424 -0.025722226 -0.030811269 0.999039471
1403636628263555584.000000 0.290622473 -0.066802680 0.126195014 -0.011006716 -0.025276737 -0.026581945 0.999266446
1403636628313555456.000000 0.296362251 -0.082611613 0.128729314 -0.006681609 -0.025952781 -0.021865644 0.999401689
1403636628363555584.000000 0.299777180 -0.096935600 0.127873272 -0.004889288 -0.025853945 -0.019412730 0.999465287
1403636628413555456.000000 0.305938929 -0.108911879 0.132155716 -0.004254302 -0.026397832 -0.016995810 0.999498010
1403636628463555584.000000 0.310678005 -0.122665554 0.132938966 -0.004306397 -0.026643937 -0.015321468 0.999518335
1403636628513555456.000000 0.318283528 -0.131410941 0.136623606 -0.004591715 -0.027563605 -0.014280569 0.999507487
1403636628563555584.000000 0.326578259 -0.143543482 0.136510521 -0.005783735 -0.028325705 -0.013112525 0.999496043
1403636628613555456.000000 0.336257786 -0.148165435 0.142346114 -0.006080993 -0.029696655 -0.012001918 0.999468386
1403636628663555584.000000 0.345508546 -0.154573649 0.145981297 -0.006325680 -0.030291216 -0.012536526 0.999442518
1403636628713555456.000000 0.357551783 -0.157983452 0.148399681 -0.006456685 -0.029293370 -0.014015457 0.999451756
1403636628763555584.000000 0.371643841 -0.167144790 0.149111643 -0.009867088 -0.026244404 -0.016675347 0.999467731
1403636628813555456.000000 0.379062980 -0.158705011 0.154496640 -0.012576766 -0.021026293 -0.018857779 0.999521971
1403636628863555584.000000 0.395560503 -0.156912372 0.162548810 -0.016885210 -0.016379638 -0.020885024 0.999505103
1403636628913555456.000000 0.406900495 -0.157795236 0.161967382 -0.021446923 -0.011812770 -0.021507101 0.999468863
1403636628963555584.000000 0.421158820 -0.159507573 0.167221934 -0.025187764 -0.008105348 -0.022174764 0.999403954
1403636629013555456.000000 0.434229940 -0.165549234 0.168992981 -0.028415412 -0.004862395 -0.022030761 0.999341607
1403636629063555584.000000 0.448531836 -0.172451228 0.174475312 -0.029863784 -0.002004294 -0.021285214 0.999325335
1403636629113555456.000000 0.462168694 -0.180710375 0.178300604 -0.030185400 0.001320453 -0.021395944 0.999314487
1403636629163555584.000000 0.476264775 -0.189715862 0.182200193 -0.030387705 0.005840474 -0.019635357 0.999328315
1403636629213555456.000000 0.491062731 -0.197769955 0.189023301 -0.029108562 0.011381849 -0.017921926 0.999350786
1403636629263555584.000000 0.510460317 -0.210484728 0.190280497 -0.027642611 0.016316384 -0.016060263 0.999355674
1403636629313555456.000000 0.521403968 -0.211263776 0.201931015 -0.024514573 0.021121502 -0.012969516 0.999392152
1403636629363555584.000000 0.536906362 -0.219496563 0.207341179 -0.022166109 0.024563791 -0.009830425 0.999404192
1403636629413555456.000000 0.550146759 -0.222396582 0.214945346 -0.018604051 0.027495597 -0.005305871 0.999434769
1403636629463555584.000000 0.565352201 -0.222974867 0.227612495 -0.013991514 0.031785481 0.000118155 0.999396861
1403636629513555456.000000 0.582746565 -0.229684308 0.230434299 -0.012208272 0.037418008 0.004725883 0.999213994
1403636629563555584.000000 0.595005035 -0.224444136 0.250264496 -0.011939679 0.044437017 0.009200200 0.998898506
1403636629613555456.000000 0.613319993 -0.221822634 0.261352360 -0.014914530 0.053461164 0.011401416 0.998393476
1403636629663555584.000000 0.632822633 -0.216199219 0.272613972 -0.020152045 0.063044555 0.013414564 0.997717083
1403636629713555456.000000 0.653141558 -0.210282132 0.284633696 -0.025248589 0.073641412 0.015059915 0.996851444
1403636629763555584.000000 0.675401509 -0.203415304 0.298222184 -0.030111708 0.084966131 0.016832188 0.995786548
1403636629813555456.000000 0.697694242 -0.193813816 0.313918412 -0.032955963 0.096709765 0.019570231 0.994574368
1403636629863555584.000000 0.722125530 -0.185329691 0.327379763 -0.035407890 0.108354084 0.022891652 0.993217826
1403636629913555456.000000 0.742367744 -0.176748842 0.346175283 -0.036659896 0.119482584 0.026366152 0.991808832
1403636629963555584.000000 0.763655365 -0.169430017 0.361815453 -0.037165802 0.129269689 0.028720601 0.990496457
1403636630013555456.000000 0.786416531 -0.165861338 0.377508461 -0.036886398 0.137160227 0.030738216 0.989384532
1403636630063555584.000000 0.808518410 -0.166315392 0.394937605 -0.035055958 0.143805340 0.031894434 0.988470495
1403636630113555456.000000 0.833332002 -0.169685587 0.409111917 -0.030396914 0.149362057 0.032251138 0.987788916
1403636630163555584.000000 0.857443333 -0.174190581 0.429577202 -0.022736348 0.154118076 0.032700889 0.987249374
1403636630213555456.000000 0.878673255 -0.179895535 0.444733381 -0.015488770 0.158467084 0.032052331 0.986722350
1403636630263555584.000000 0.900285661 -0.189602003 0.458523750 -0.009223819 0.161625847 0.032162882 0.986284733
1403636630313555456.000000 0.924154162 -0.196676195 0.471731544 -0.005240496 0.163834870 0.031874955 0.985958755
1403636630363555584.000000 0.947448730 -0.208202451 0.491752625 -0.006016061 0.165182158 0.031833529 0.985730827
1403636630413555456.000000 0.971750677 -0.223029822 0.504552066 -0.007736732 0.165995970 0.031696670 0.985586524
1403636630463555584.000000 0.995884836 -0.231730983 0.519382894 -0.010819319 0.166190997 0.030752178 0.985554636
1403636630513555456.000000 1.017547131 -0.247574180 0.534822226 -0.012791480 0.166190654 0.029634159 0.985565305
1403636630563555584.000000 1.036578178 -0.257825375 0.544565678 -0.014553908 0.166054592 0.026922837 0.985641539
1403636630613555456.000000 1.056641459 -0.272111863 0.559298754 -0.015406796 0.165614203 0.024065819 0.985776544
1403636630663555584.000000 1.079686880 -0.287627548 0.571469426 -0.017367421 0.164464802 0.021818450 0.985988677
1403636630713555456.000000 1.100329399 -0.298168182 0.585189044 -0.018259019 0.163306743 0.020450247 0.986194372
1403636630763555584.000000 1.121932268 -0.311843872 0.601920247 -0.018255256 0.161683291 0.021271216 0.986444533
1403636630813555456.000000 1.142029285 -0.321381658 0.617048681 -0.018671747 0.159538314 0.022538040 0.986757815
1403636630863555584.000000 1.164227724 -0.329324991 0.631932318 -0.018398708 0.157788917 0.024017090 0.987009346
1403636630913555456.000000 1.184068322 -0.338992268 0.650647342 -0.018100113 0.156002492 0.025545871 0.987260401
1403636630963555584.000000 1.204205632 -0.342579603 0.661337078 -0.017450251 0.154314578 0.027043549 0.987497449
1403636631013555456.000000 1.225291967 -0.347339869 0.683162928 -0.017083390 0.153606310 0.027664877 0.987597048
1403636631063555584.000000 1.246889830 -0.350188076 0.697090030 -0.015926054 0.152475983 0.027872227 0.987785757
1403636631113555456.000000 1.265557766 -0.356464267 0.717847526 -0.014168115 0.152086034 0.027640389 0.987879157
1403636631163555584.000000 1.288091660 -0.360665202 0.737839699 -0.012471035 0.151759401 0.027491583 0.987956405
1403636631213555456.000000 1.304437518 -0.365355104 0.757975817 -0.010546757 0.151356384 0.027277390 0.988046587
1403636631263555584.000000 1.327197909 -0.367174327 0.772754669 -0.009048831 0.150940940 0.026459903 0.988147199
1403636631313555456.000000 1.344144702 -0.369236708 0.795242071 -0.008869781 0.150576502 0.026767742 0.988196135
1403636631363555584.000000 1.367427349 -0.371289700 0.812433004 -0.008924157 0.150199398 0.026125707 0.988270223
1403636631413555456.000000 1.379505396 -0.370868593 0.831560016 -0.009003586 0.149862573 0.025611555 0.988334060
1403636631463555584.000000 1.396796942 -0.369923830 0.851971149 -0.009375343 0.149787813 0.024505187 0.988370001
1403636631513555456.000000 1.418851376 -0.365378052 0.872559905 -0.009649381 0.149483830 0.023509918 0.988437593
1403636631563555584.000000 1.436167479 -0.363632053 0.894161344 -0.009795483 0.149513796 0.021863127 0.988469422
1403636631613555456.000000 1.454563498 -0.357841760 0.913670182 -0.010057627 0.149133354 0.020560922 0.988552153
1403636631663555584.000000 1.473357439 -0.356199801 0.932008624 -0.010978815 0.148476347 0.019676177 0.988659203
1403636631713555456.000000 1.490609527 -0.356522739 0.952282906 -0.011435430 0.148094341 0.019129852 0.988722086
1403636631763555584.000000 1.510364890 -0.356936932 0.969952881 -0.011988724 0.147559091 0.018516758 0.988807201
1403636631813555456.000000 1.527950168 -0.358121634 0.987701476 -0.011637924 0.146908909 0.018120905 0.988915563
1403636631863555584.000000 1.544628620 -0.362135619 1.004287481 -0.012443705 0.147001117 0.017020909 0.988911629
1403636631913555456.000000 1.559352756 -0.367587805 1.025210261 -0.013726788 0.147131339 0.016063336 0.988891304
1403636631963555584.000000 1.574420929 -0.373305589 1.045327544 -0.014185858 0.147218347 0.015597727 0.988879263
1403636632013555456.000000 1.592155218 -0.375398070 1.059834123 -0.013432881 0.147249639 0.015932672 0.988879800
1403636632063555584.000000 1.606458545 -0.384400964 1.079596043 -0.012078409 0.147641167 0.015281107 0.988849223
1403636632113555456.000000 1.619734645 -0.389749378 1.092770457 -0.010626902 0.148137853 0.013625961 0.988815725
1403636632163555584.000000 1.634484649 -0.396869153 1.115192175 -0.009341722 0.149674892 0.010555629 0.988634825
1403636632213555456.000000 1.648034215 -0.404766262 1.129435778 -0.010059176 0.150353834 0.009364164 0.988536716
1403636632263555584.000000 1.659523964 -0.410493374 1.148271799 -0.009224936 0.150758907 0.010486152 0.988471925
1403636632313555456.000000 1.672099829 -0.414614528 1.159951925 -0.008894710 0.150840014 0.011583651 0.988450348
1403636632363555584.000000 1.680723190 -0.414504617 1.177500129 -0.008201148 0.151058376 0.012652900 0.988409877
1403636632413555456.000000 1.692086935 -0.414104372 1.199213505 -0.009085212 0.151682585 0.013188759 0.988299549
1403636632463555584.000000 1.699944735 -0.415861756 1.218560338 -0.012096317 0.151153237 0.016601037 0.988296926
1403636632513555456.000000 1.710409641 -0.411089569 1.241296530 -0.014986522 0.148628637 0.020649020 0.988563895
1403636632563555584.000000 1.718915462 -0.406955004 1.260988593 -0.019977024 0.144124553 0.026061231 0.989014626
1403636632613555456.000000 1.728084445 -0.401107788 1.278709650 -0.024409287 0.138195053 0.030767970 0.989625990
1403636632663555584.000000 1.733808279 -0.396344453 1.304825902 -0.028071767 0.131606460 0.033306070 0.990344644
1403636632713555456.000000 1.741843462 -0.389082611 1.318758607 -0.029778773 0.122786142 0.034090016 0.991400361
1403636632763555584.000000 1.749021053 -0.385556787 1.338510156 -0.030904211 0.112895399 0.032939129 0.992579758
1403636632813555456.000000 1.760854363 -0.384964496 1.368135095 -0.030553782 0.102329060 0.028520113 0.993872166
1403636632863555584.000000 1.769164920 -0.387412101 1.388857484 -0.027935809 0.091557436 0.020045958 0.995206058
1403636632913555456.000000 1.781431198 -0.395272493 1.414373398 -0.024002166 0.080724135 0.011053756 0.996386170
1403636632963555584.000000 1.785225630 -0.406213999 1.422474265 -0.022180771 0.071183637 0.001825032 0.997214913
1403636633013555456.000000 1.795633078 -0.412959486 1.443553090 -0.020087035 0.062843569 -0.005498554 0.997806072
1403636633063555584.000000 1.809548140 -0.418144703 1.463264227 -0.019174419 0.054989472 -0.010338717 0.998249292
1403636633113555456.000000 1.819884062 -0.427145004 1.485647440 -0.018697137 0.048174236 -0.013941619 0.998566628
1403636633163555584.000000 1.830246568 -0.433167011 1.509232640 -0.018648859 0.042640924 -0.016809773 0.998775005
1403636633213555456.000000 1.840431571 -0.437732846 1.533650756 -0.018557241 0.038047999 -0.018164258 0.998938441
1403636633263555584.000000 1.850709558 -0.440303981 1.557886362 -0.019760575 0.034061875 -0.018303007 0.999056756
1403636633313555456.000000 1.860037208 -0.445168734 1.582487941 -0.021310981 0.031038193 -0.017500902 0.999137759
1403636633363555584.000000 1.869910479 -0.444951952 1.607381105 -0.022837084 0.028223069 -0.015066526 0.999227166
1403636633413555456.000000 1.879894495 -0.444964767 1.632730007 -0.024925355 0.026637036 -0.012683909 0.999253929
1403636633463555584.000000 1.890094638 -0.447607011 1.659335971 -0.027124556 0.025464354 -0.010422196 0.999253333
1403636633513555456.000000 1.899453402 -0.446400255 1.687842131 -0.028620798 0.025382355 -0.009208880 0.999225616
1403636633563555584.000000 1.910787106 -0.446272910 1.715451002 -0.030547990 0.025775407 -0.007594463 0.999172091
1403636633613555456.000000 1.918519497 -0.445124835 1.746587038 -0.032828879 0.026917379 -0.006881464 0.999074817
1403636633663555584.000000 1.929810166 -0.444323033 1.774826527 -0.034076549 0.028523248 -0.006456827 0.998991311
1403636633713555456.000000 1.942549586 -0.447227269 1.806205273 -0.033911720 0.029973116 -0.006025579 0.998957157
1403636633763555584.000000 1.950015306 -0.452857167 1.835825443 -0.033461664 0.031687129 -0.005088574 0.998924613
1403636633813555456.000000 1.961694479 -0.458653361 1.866408587 -0.033153657 0.033103622 -0.004103594 0.998893499
1403636633863555584.000000 1.974945188 -0.468344212 1.893930078 -0.031970430 0.033948597 -0.002490305 0.998908997
1403636633913555456.000000 1.983115554 -0.480611116 1.931850076 -0.030825237 0.034743249 0.001687179 0.998919368
1403636633963555584.000000 1.997766137 -0.492325932 1.953332305 -0.028486080 0.034807608 0.006596785 0.998966217
1403636634013555456.000000 2.011737823 -0.497591704 1.981559992 -0.025960146 0.035128735 0.009879434 0.998996735
1403636634063555584.000000 2.028360128 -0.504621685 2.012406349 -0.025185727 0.035868008 0.012354718 0.998962760
1403636634113555456.000000 2.044774294 -0.515770316 2.042693138 -0.025828686 0.035580881 0.012775745 0.998951316
1403636634163555584.000000 2.052683830 -0.529942274 2.073080778 -0.027579332 0.035937879 0.010455040 0.998918712
1403636634213555456.000000 2.069580793 -0.539912522 2.106304884 -0.029176578 0.036174398 0.007650764 0.998890221
1403636634263555584.000000 2.087437868 -0.554772973 2.138665438 -0.029355314 0.036592554 0.003155306 0.998894036
1403636634313555456.000000 2.104008913 -0.569757283 2.171053410 -0.026134776 0.037002064 -0.000469098 0.998973310
1403636634363555584.000000 2.121956587 -0.586769342 2.202133894 -0.021762226 0.036965135 -0.003892333 0.999072075
1403636634413555456.000000 2.141129255 -0.599602759 2.234416723 -0.016940763 0.036865160 -0.007014206 0.999152064
1403636634463555584.000000 2.158880472 -0.614920616 2.266562462 -0.014261522 0.036705207 -0.009737095 0.999176979
1403636634513555456.000000 2.176548958 -0.624320865 2.300506353 -0.010477988 0.036099076 -0.011373865 0.999228597
1403636634563555584.000000 2.193098068 -0.634883106 2.336340427 -0.008219586 0.035518732 -0.012592047 0.999255955
1403636634613555456.000000 2.209490299 -0.644032180 2.370573997 -0.007189607 0.034156889 -0.014773012 0.999281406
1403636634663555584.000000 2.226063251 -0.649924517 2.403709888 -0.006429067 0.030858019 -0.016619226 0.999364913
1403636634713555456.000000 2.241968393 -0.655715287 2.435591221 -0.006356072 0.027318329 -0.019771054 0.999411047
1403636634763555584.000000 2.259764194 -0.661353469 2.467625618 -0.008102002 0.023117725 -0.021803910 0.999462128
1403636634813555456.000000 2.274394989 -0.669902623 2.498686314 -0.010473126 0.019467091 -0.022415398 0.999504387
1403636634863555584.000000 2.290510893 -0.678316832 2.528228283 -0.012574839 0.015831018 -0.022917684 0.999532938
1403636634913555456.000000 2.302959919 -0.686123312 2.559446812 -0.013918514 0.012365640 -0.023396514 0.999552906
1403636634963555584.000000 2.321330070 -0.695143104 2.583039284 -0.016190307 0.008688386 -0.023924369 0.999544919
1403636635013555456.000000 2.334436178 -0.710973203 2.612929106 -0.017113050 0.006277772 -0.026012700 0.999495447
1403636635063555584.000000 2.344581842 -0.725924611 2.649176121 -0.019168107 0.004192958 -0.027909018 0.999417901
1403636635113555456.000000 2.361668348 -0.736792564 2.669989109 -0.020583225 0.001810668 -0.029044278 0.999364614
1403636635163555584.000000 2.372092009 -0.747305453 2.691747665 -0.021864416 -0.000391636 -0.030177722 0.999305308
1403636635213555456.000000 2.383142471 -0.755720019 2.722856045 -0.023566741 -0.001753261 -0.030110011 0.999267220
1403636635263555584.000000 2.393986225 -0.764480710 2.754227877 -0.024625761 -0.003607780 -0.028353918 0.999288082
1403636635313555456.000000 2.405116558 -0.769074202 2.786154747 -0.025767162 -0.005213651 -0.026127312 0.999312937
1403636635363555584.000000 2.417561531 -0.775942862 2.818150759 -0.027648577 -0.007227325 -0.022369949 0.999341309
1403636635413555456.000000 2.428938627 -0.783668399 2.851223946 -0.028818153 -0.008352456 -0.020706326 0.999335289
1403636635463555584.000000 2.441854000 -0.792075932 2.882913589 -0.028225517 -0.009164049 -0.019257570 0.999374092
1403636635513555456.000000 2.451278210 -0.801262438 2.918862104 -0.028494084 -0.009653674 -0.016004056 0.999419212
1403636635563555584.000000 2.462809563 -0.815076053 2.951485872 -0.028697433 -0.009842743 -0.015104419 0.999425590
1403636635613555456.000000 2.476352215 -0.828902066 2.984927416 -0.027883863 -0.010021256 -0.014095345 0.999461591
1403636635663555584.000000 2.488705635 -0.846695185 3.018088579 -0.026915317 -0.009477725 -0.013264806 0.999504805
1403636635713555456.000000 2.498056412 -0.865958750 3.053472281 -0.025789805 -0.008795431 -0.012950994 0.999544859
1403636635763555584.000000 2.514580488 -0.886605561 3.082179308 -0.022099255 -0.009271378 -0.010337115 0.999659419
1403636635813555456.000000 2.524348974 -0.911529481 3.117675304 -0.018037209 -0.009495002 -0.006726452 0.999769628
1403636635863555584.000000 2.538513899 -0.940938830 3.154727936 -0.015871901 -0.009574817 -0.003218687 0.999823034
1403636635913555456.000000 2.551735401 -0.963915169 3.173094988 -0.016902581 -0.010377973 -0.000215701 0.999803245
1403636635963555584.000000 2.568516970 -0.987873852 3.204879045 -0.020443592 -0.010011679 0.001127782 0.999740303
1403636636013555456.000000 2.586810589 -1.011923194 3.238399267 -0.026075259 -0.008859459 -0.000500854 0.999620616
1403636636063555584.000000 2.605194092 -1.036163092 3.271270037 -0.030734915 -0.007064488 -0.004794835 0.999491155
1403636636113555456.000000 2.624899387 -1.058974028 3.303446531 -0.033789758 -0.005353791 -0.009539278 0.999369085
1403636636163555584.000000 2.645535469 -1.082759619 3.335864782 -0.032339662 -0.004053309 -0.013675901 0.999375165
1403636636213555456.000000 2.667780399 -1.108681202 3.366546869 -0.027132628 -0.003095530 -0.017938165 0.999466121
1403636636263555584.000000 2.684299946 -1.133175850 3.395001650 -0.020600198 -0.001757352 -0.022076493 0.999542475
1403636636313555456.000000 2.702894688 -1.165210843 3.427458048 -0.015246714 -0.001113951 -0.024010839 0.999594808
1403636636363555584.000000 2.723737717 -1.188801765 3.461139917 -0.007277869 -0.000516721 -0.025585711 0.999646068
1403636636413555456.000000 2.740809202 -1.221318245 3.494072914 0.001284371 -0.000235697 -0.026753522 0.999641299
1403636636463555584.000000 2.761420250 -1.253347039 3.525699615 0.008304487 -0.000315826 -0.027854847 0.999577463
1403636636513555456.000000 2.779221773 -1.268079162 3.551910400 0.011840578 0.000550593 -0.030789249 0.999455631
1403636636563555584.000000 2.802396774 -1.283550024 3.580285788 0.013362088 0.001354897 -0.034490157 0.999314845
1403636636613555456.000000 2.818511724 -1.292274594 3.610575676 0.014384403 0.002782872 -0.038979571 0.999132574
1403636636663555584.000000 2.835718870 -1.308908224 3.637180567 0.013702275 0.004303446 -0.043433543 0.998953104
1403636636713555456.000000 2.850177288 -1.325043678 3.667750120 0.013194089 0.005735804 -0.047155671 0.998784006
1403636636763555584.000000 2.867338181 -1.337972879 3.693639278 0.012263726 0.006599499 -0.051378962 0.998582125
1403636636813555456.000000 2.880045891 -1.347332239 3.718081474 0.011538171 0.008163616 -0.056656580 0.998293698
1403636636863555584.000000 2.891135454 -1.354398251 3.744743824 0.009624254 0.009331432 -0.060888927 0.998054564
1403636636913555456.000000 2.900656462 -1.359608650 3.771108389 0.006746244 0.008171929 -0.058243420 0.998246193
1403636636963555584.000000 2.909210205 -1.363694429 3.794487715 0.004897131 0.005511953 -0.052700762 0.998583138
1403636637013555456.000000 2.917294502 -1.368329048 3.815661430 0.002120278 0.002240477 -0.045524042 0.998958528
1403636637063555584.000000 2.922608376 -1.365182757 3.842152596 0.001232369 -0.000234011 -0.038935825 0.999240994
1403636637113555456.000000 2.927723885 -1.362673640 3.864068747 -0.001044217 -0.002480006 -0.033987254 0.999418676
1403636637163555584.000000 2.935651779 -1.364400148 3.885087013 -0.004964417 -0.004156393 -0.031281050 0.999489665
1403636637213555456.000000 2.940361023 -1.360896468 3.906677961 -0.009397070 -0.004898900 -0.030075813 0.999491453
1403636637263555584.000000 2.944486618 -1.357482433 3.927131891 -0.012563122 -0.005721181 -0.029187961 0.999478638
1403636637313555456.000000 2.945695639 -1.362352014 3.945506096 -0.015765058 -0.006244786 -0.029187758 0.999430120
1403636637363555584.000000 2.950442076 -1.364626765 3.968179464 -0.017705370 -0.006266648 -0.030099427 0.999370456
1403636637413555456.000000 2.955715418 -1.367985725 3.986982107 -0.018645028 -0.007771408 -0.029362287 0.999364734
1403636637463555584.000000 2.958079100 -1.372617722 4.009738922 -0.020497425 -0.008118448 -0.030103534 0.999303639
1403636637513555456.000000 2.958639145 -1.380118251 4.030114651 -0.020926366 -0.008575681 -0.029218234 0.999317169
1403636637563555584.000000 2.965325356 -1.384971619 4.047115803 -0.022013143 -0.009759725 -0.028864814 0.999293268
1403636637613555456.000000 2.964044333 -1.402059436 4.068315506 -0.022846907 -0.010542288 -0.028236644 0.999284506
1403636637663555584.000000 2.964380503 -1.412804723 4.090661526 -0.023622148 -0.010849348 -0.027267551 0.999290168
1403636637713555456.000000 2.967834473 -1.427289486 4.108530521 -0.022854539 -0.011477748 -0.027716884 0.999288619
1403636637763555584.000000 2.968931675 -1.450126767 4.124393463 -0.021861736 -0.012016757 -0.027802290 0.999302149
1403636637813555456.000000 2.967285633 -1.464145899 4.146879673 -0.019015936 -0.011992776 -0.028522421 0.999340355
1403636637863555584.000000 2.968232155 -1.480289459 4.164379597 -0.016868940 -0.012315385 -0.028844502 0.999365687
1403636637913555456.000000 2.969534397 -1.506986737 4.182757378 -0.015274419 -0.012927609 -0.029007725 0.999378920
1403636637963555584.000000 2.967641115 -1.527427316 4.204327106 -0.012953721 -0.012837557 -0.029278003 0.999404907
1403636638013555456.000000 2.973140717 -1.545207739 4.226213932 -0.011010849 -0.013527465 -0.029087933 0.999424696
1403636638063555584.000000 2.972256184 -1.550397635 4.245216846 -0.008504136 -0.013872485 -0.029186066 0.999441564
1403636638113555456.000000 2.971915245 -1.557772160 4.260931492 -0.006212677 -0.014560533 -0.029212948 0.999447882
1403636638163555584.000000 2.971552610 -1.560924768 4.283167839 -0.004548736 -0.014712531 -0.028856589 0.999464929
1403636638213555456.000000 2.974895239 -1.564718843 4.306131363 -0.004351652 -0.015213034 -0.028951738 0.999455631
1403636638263555584.000000 2.976424217 -1.566299438 4.327081203 -0.003847339 -0.015129817 -0.029329471 0.999447942
1403636638313555456.000000 2.977918148 -1.566784501 4.348192692 -0.005906868 -0.016141567 -0.027858455 0.999464154
1403636638363555584.000000 2.979140997 -1.564886928 4.371216297 -0.011983464 -0.017491233 -0.023168931 0.999506712
1403636638413555456.000000 2.982219934 -1.560507178 4.392229080 -0.022451537 -0.019194517 -0.017247027 0.999414921
1403636638463555584.000000 2.984406948 -1.553823948 4.417458057 -0.032736663 -0.020627957 -0.012961407 0.999167025
1403636638513555456.000000 2.987574577 -1.548671603 4.441729069 -0.041567743 -0.021941174 -0.008213026 0.998861015
1403636638563555584.000000 2.990983248 -1.545666575 4.467893600 -0.046774812 -0.022052808 -0.006880645 0.998638391
1403636638613555456.000000 2.995908737 -1.543067575 4.493443966 -0.048726574 -0.021413403 -0.008798074 0.998543859
1403636638663555584.000000 3.002549171 -1.547738075 4.520332813 -0.047292106 -0.020275017 -0.014371032 0.998571932
1403636638713555456.000000 3.009666443 -1.555220008 4.544346809 -0.044668652 -0.019171659 -0.018050145 0.998654783
1403636638763555584.000000 3.016052723 -1.562747598 4.570981979 -0.039746769 -0.018636776 -0.021303210 0.998808861
1403636638813555456.000000 3.024587870 -1.574735999 4.597012520 -0.034188036 -0.018721456 -0.023019152 0.998974919
1403636638863555584.000000 3.029821873 -1.588874221 4.628462315 -0.029650107 -0.018631207 -0.022786219 0.999126911
1403636638913555456.000000 3.037049532 -1.602859855 4.657421589 -0.025770906 -0.019605402 -0.020872841 0.999257684
1403636638963555584.000000 3.044509649 -1.622194767 4.684392929 -0.023646967 -0.020435799 -0.018755510 0.999335527
1403636639013555456.000000 3.052502394 -1.640509963 4.708883762 -0.022716505 -0.022418162 -0.013297786 0.999402106
1403636639063555584.000000 3.060661316 -1.657633185 4.735834122 -0.021956254 -0.024376467 -0.007420141 0.999434233
1403636639113555456.000000 3.068613768 -1.671601772 4.766182423 -0.021374339 -0.025946584 -0.002572577 0.999431491
1403636639163555584.000000 3.080987215 -1.685116649 4.795453548 -0.021943882 -0.027324907 0.001638227 0.999384463
1403636639213555456.000000 3.090979576 -1.689810157 4.827475071 -0.021872820 -0.028207701 0.003859229 0.999355316
1403636639263555584.000000 3.104210138 -1.695649743 4.859824181 -0.023118464 -0.028504092 0.005155587 0.999313056
1403636639313555456.000000 3.119469166 -1.696319222 4.895440102 -0.023447126 -0.027010923 0.000814232 0.999359787
1403636639363555584.000000 3.136702299 -1.695606947 4.929235935 -0.023747621 -0.025229111 -0.005089048 0.999386668
1403636639413555456.000000 3.156353951 -1.693799496 4.964864731 -0.024249792 -0.023287550 -0.011218256 0.999371767
1403636639463555584.000000 3.174921751 -1.691617131 5.001587868 -0.024547225 -0.021436673 -0.017795248 0.999310374
1403636639513555456.000000 3.197273016 -1.689184546 5.036213875 -0.023451287 -0.019735122 -0.024310013 0.999234557
1403636639563555584.000000 3.215453386 -1.683871746 5.072412014 -0.021444511 -0.017422669 -0.031714734 0.999115050
1403636639613555456.000000 3.234496117 -1.678004503 5.110223293 -0.019579297 -0.016026154 -0.037146222 0.998989522
1403636639663555584.000000 3.250791788 -1.675655484 5.143359661 -0.016226174 -0.015834095 -0.039307620 0.998969913
1403636639713555456.000000 3.270453215 -1.675613642 5.178912640 -0.011989337 -0.016638413 -0.038014933 0.999066710
1403636639763555584.000000 3.285681725 -1.675722361 5.215326309 -0.007787650 -0.017688040 -0.035000227 0.999200463
1403636639813555456.000000 3.304525137 -1.678251147 5.248208523 -0.005922173 -0.018624227 -0.033392265 0.999251306
1403636639863555584.000000 3.319051743 -1.682631493 5.282601357 -0.004166500 -0.019606844 -0.030342972 0.999338567
1403636639913555456.000000 3.332384586 -1.689815521 5.313724041 -0.003757988 -0.020667296 -0.028195258 0.999381781
1403636639963555584.000000 3.348388195 -1.695983291 5.350259304 -0.003389579 -0.020923337 -0.027984211 0.999383628
1403636640013555456.000000 3.361595631 -1.697766304 5.372159004 -0.002125907 -0.021815836 -0.027816845 0.999372721
1403636640063555584.000000 3.373798132 -1.702340722 5.399973392 -0.001434653 -0.023913331 -0.028872799 0.999296010
1403636640113555456.000000 3.391140699 -1.709333420 5.437930584 -0.001111172 -0.027084058 -0.032095633 0.999117196
1403636640163555584.000000 3.403312922 -1.732240200 5.456198215 -0.001975147 -0.032293703 -0.035395492 0.998849511
1403636640213555456.000000 3.416039228 -1.743621945 5.480313778 -0.001729512 -0.036962274 -0.037005715 0.998629749
1403636640263555584.000000 3.428508520 -1.756096840 5.504601955 -0.003242969 -0.040580377 -0.039060179 0.998407245
1403636640313555456.000000 3.438977242 -1.767898917 5.532845974 -0.003705239 -0.043690581 -0.039191201 0.998269260
1403636640363555584.000000 3.453002691 -1.781799316 5.553250790 -0.003889733 -0.046952497 -0.040643822 0.998062372
1403636640413555456.000000 3.463555336 -1.786506295 5.579243660 -0.003383568 -0.049268089 -0.041740108 0.997907341
1403636640463555584.000000 3.476989269 -1.794788837 5.601621628 -0.003338538 -0.051349722 -0.042980660 0.997749865
1403636640513555456.000000 3.486036777 -1.801723003 5.626552582 -0.004914620 -0.052949071 -0.043355729 0.997643471
1403636640563555584.000000 3.497503281 -1.807597518 5.652320385 -0.004971551 -0.054345708 -0.044195626 0.997531295
1403636640613555456.000000 3.510841846 -1.813924074 5.672409058 -0.005133707 -0.055791531 -0.044225730 0.997449279
1403636640663555584.000000 3.520713806 -1.817491055 5.701103687 -0.004770514 -0.056414407 -0.045000959 0.997381389
1403636640713555456.000000 3.531121016 -1.817200899 5.721518993 -0.005560337 -0.057242528 -0.045128617 0.997324347
1403636640763555584.000000 3.545973778 -1.816241264 5.741994858 -0.006908655 -0.058393106 -0.044889469 0.997259974
1403636640813555456.000000 3.556578875 -1.817845821 5.763419628 -0.008050688 -0.058826864 -0.045645196 0.997191668
1403636640863555584.000000 3.567276001 -1.824433684 5.787655354 -0.010216225 -0.059050042 -0.045833260 0.997150004
1403636640913555456.000000 3.576735735 -1.826290131 5.803896904 -0.010624628 -0.059290059 -0.046001803 0.997123718
1403636640963555584.000000 3.588766813 -1.833441138 5.820958614 -0.011306481 -0.059326049 -0.046455301 0.997093022
1403636641013555456.000000 3.596924067 -1.838758945 5.840489388 -0.010351523 -0.058974709 -0.046840858 0.997106254
1403636641063555584.000000 3.603303671 -1.844204426 5.859631538 -0.009012288 -0.058578569 -0.046065152 0.997178733
1403636641113555456.000000 3.616652250 -1.850659013 5.878329754 -0.008499386 -0.058361601 -0.046020288 0.997198045
1403636641163555584.000000 3.619735003 -1.852905154 5.898345470 -0.008743173 -0.057207938 -0.046255790 0.997251868
1403636641213555456.000000 3.634122372 -1.854933381 5.916349888 -0.007816388 -0.057405762 -0.046332981 0.997244596
1403636641263555584.000000 3.635750055 -1.856767297 5.937388420 -0.006587099 -0.056908108 -0.044743031 0.997354627
1403636641313555456.000000 3.644525528 -1.856510282 5.955089569 -0.006977364 -0.057366252 -0.041051384 0.997484505
1403636641363555584.000000 3.658837318 -1.853293061 5.969449043 -0.007225386 -0.058984205 -0.036699153 0.997557938
1403636641413555456.000000 3.659697294 -1.850685239 5.985487461 -0.007623962 -0.059296962 -0.032961387 0.997667015
1403636641463555584.000000 3.670675993 -1.845918536 6.004379749 -0.007406486 -0.059430700 -0.032213464 0.997685075
1403636641513555456.000000 3.678680420 -1.843085647 6.026218414 -0.006872375 -0.058370616 -0.033637211 0.997704506
1403636641563555584.000000 3.691274405 -1.838466763 6.039846420 -0.006951786 -0.058102030 -0.035160474 0.997667074
1403636641613555456.000000 3.696762323 -1.838319659 6.057174683 -0.007190180 -0.056735259 -0.037552599 0.997656882
1403636641663555584.000000 3.706231833 -1.836213589 6.072441578 -0.007314167 -0.055947613 -0.039170735 0.997638285
1403636641713555456.000000 3.718277454 -1.840053201 6.084653854 -0.006407029 -0.055450436 -0.040032409 0.997638047
1403636641763555584.000000 3.725139141 -1.846494079 6.098592758 -0.007252556 -0.054838356 -0.040969484 0.997628033
1403636641813555456.000000 3.733970404 -1.852375031 6.112332821 -0.006386346 -0.054320753 -0.040868387 0.997666419
1403636641863555584.000000 3.747963667 -1.859206080 6.123016357 -0.005350285 -0.054691497 -0.040723570 0.997658193
1403636641913555456.000000 3.754306793 -1.861847997 6.130599022 -0.004402223 -0.053153738 -0.040295973 0.997763276
1403636641963555584.000000 3.759383917 -1.877528071 6.140451908 -0.004508024 -0.050397098 -0.038809050 0.997964799
1403636642013555456.000000 3.765042067 -1.885548711 6.153189659 -0.002800279 -0.045747120 -0.037607536 0.998241007
1403636642063555584.000000 3.767070770 -1.899506092 6.168240547 -0.001864227 -0.040151302 -0.035899851 0.998546779
1403636642113555456.000000 3.777588844 -1.913563013 6.173294544 -0.001176869 -0.035634629 -0.035749700 0.998724580
1403636642163555584.000000 3.796780109 -1.928648710 6.178744793 -0.001059480 -0.032632768 -0.035155989 0.998848379
1403636642213555456.000000 3.802981377 -1.936412096 6.185244083 0.000004877 -0.029090857 -0.033849195 0.999003530
1403636642263555584.000000 3.809041023 -1.945781589 6.193752289 0.000176972 -0.025756720 -0.032389589 0.999143422
1403636642313555456.000000 3.818295479 -1.948531032 6.201931953 0.000806181 -0.021975672 -0.030489488 0.999293208
1403636642363555584.000000 3.825697899 -1.951165676 6.209583282 0.001544502 -0.016661104 -0.028834131 0.999444187
1403636642413555456.000000 3.830758572 -1.955561042 6.218123436 0.002332724 -0.011863187 -0.026702540 0.999570310
1403636642463555584.000000 3.838544130 -1.955279112 6.226284504 0.002144746 -0.007676397 -0.025449326 0.999644399
1403636642513555456.000000 3.847146034 -1.953610778 6.234302998 0.000933130 -0.004420838 -0.023904881 0.999704123
1403636642563555584.000000 3.856010914 -1.950192094 6.239020348 -0.002561311 -0.001316460 -0.023613079 0.999717057
1403636642613555456.000000 3.863844633 -1.946090698 6.247022152 -0.006817808 0.000695863 -0.022196205 0.999730229
1403636642663555584.000000 3.867819786 -1.943930626 6.259859562 -0.012019495 0.002943131 -0.021267721 0.999697268
1403636642713555456.000000 3.878559828 -1.933459640 6.263754368 -0.015796982 0.004383540 -0.020574978 0.999653935
1403636642763555584.000000 3.884018183 -1.928846002 6.272149563 -0.019975647 0.005400517 -0.020017331 0.999585509
1403636642813555456.000000 3.892183542 -1.924447656 6.279284477 -0.022944756 0.005954600 -0.019362468 0.999531507
1403636642863555584.000000 3.896179914 -1.921704412 6.287821770 -0.024732223 0.006499051 -0.018215202 0.999507070
1403636642913555456.000000 3.903578043 -1.921918750 6.296821594 -0.026926845 0.006592034 -0.018167442 0.999450624
1403636642963555584.000000 3.909405947 -1.922066569 6.301395416 -0.027197557 0.006595435 -0.017400296 0.999456942
1403636643013555456.000000 3.918197393 -1.926270008 6.307255268 -0.026493611 0.006352613 -0.016938474 0.999485373
1403636643063555584.000000 3.923973799 -1.934614062 6.315779686 -0.022968097 0.006295627 -0.016621377 0.999578178
1403636643113555456.000000 3.931960583 -1.936564326 6.322617054 -0.017865151 0.005991592 -0.016123248 0.999692440
1403636643163555584.000000 3.939130306 -1.943901658 6.331374168 -0.014898366 0.005663823 -0.015593335 0.999751389
1403636643213555456.000000 3.946111441 -1.946104884 6.339701653 -0.012140371 0.005435427 -0.015265254 0.999795020
1403636643263555584.000000 3.956835270 -1.942788005 6.346723080 -0.010554709 0.004912731 -0.015090014 0.999818385
1403636643313555456.000000 3.963888407 -1.946986318 6.359082222 -0.011399117 0.004838658 -0.015710967 0.999799907
1403636643363555584.000000 3.971356392 -1.943686843 6.367766857 -0.013098382 0.004822454 -0.015755629 0.999778450
1403636643413555456.000000 3.983903408 -1.942355514 6.371204376 -0.015441113 0.003947246 -0.015307895 0.999755859
1403636643463555584.000000 3.988334894 -1.949190497 6.383647442 -0.019835869 0.003678705 -0.014597636 0.999689937
1403636643513555456.000000 3.995419025 -1.953994989 6.396891117 -0.023926837 0.003386554 -0.014670772 0.999600410
1403636643563555584.000000 4.006310940 -1.959518790 6.404232025 -0.027298795 0.002680609 -0.014933196 0.999512196
1403636643613555456.000000 4.013046265 -1.968505502 6.414791584 -0.031479962 0.002717433 -0.015699998 0.999377370
1403636643663555584.000000 4.027262211 -1.977958083 6.422695637 -0.034766190 0.001491841 -0.016360668 0.999260485
1403636643713555456.000000 4.033395290 -1.987585783 6.433478832 -0.037445515 0.001415489 -0.016835401 0.999155819
1403636643763555584.000000 4.042846203 -1.999759197 6.442868710 -0.038968436 0.001119818 -0.017106464 0.999093413
1403636643813555456.000000 4.057888985 -2.014107704 6.454248905 -0.042115677 0.000786116 -0.018626574 0.998938799
1403636643863555584.000000 4.061851978 -2.024699926 6.465009689 -0.044952195 0.000938256 -0.018611874 0.998815298
1403636643913555456.000000 4.068752766 -2.040020943 6.481421471 -0.047303893 0.001153458 -0.019048473 0.998698294
1403636643963555584.000000 4.080608368 -2.048858166 6.497696877 -0.049283344 0.001096938 -0.019913910 0.998585701
1403636644013555456.000000 4.090283871 -2.060842514 6.516978741 -0.050448909 0.001481485 -0.020443153 0.998516321
1403636644063555584.000000 4.105654716 -2.070561647 6.537828922 -0.051167227 0.000944548 -0.020506809 0.998479128
1403636644113555456.000000 4.113306522 -2.078986645 6.559072018 -0.052245796 0.001429354 -0.020933434 0.998413861
1403636644163555584.000000 4.119115353 -2.088430405 6.584393978 -0.050912913 0.001955085 -0.020764356 0.998485327
1403636644213555456.000000 4.138732910 -2.092752934 6.601928711 -0.044721235 0.000485168 -0.018339531 0.998831093
1403636644263555584.000000 4.137874126 -2.099245787 6.632286072 -0.037117764 -0.000085043 -0.012932202 0.999227285
1403636644313555456.000000 4.156145573 -2.104970217 6.649660587 -0.027929300 -0.002645503 -0.006689647 0.999584019
1403636644363555584.000000 4.173503876 -2.113701582 6.676919460 -0.020014051 -0.004485180 -0.001105938 0.999789000
1403636644413555456.000000 4.185425282 -2.116833210 6.709438801 -0.013966517 -0.005382370 0.002792355 0.999884129
1403636644463555584.000000 4.194638729 -2.119264603 6.744429588 -0.008498324 -0.005453722 0.005837574 0.999932051
1403636644513555456.000000 4.216627121 -2.117189884 6.765366077 -0.003226887 -0.007687429 0.010447507 0.999910712
1403636644563555584.000000 4.223173618 -2.115353823 6.800281525 -0.000477806 -0.008260418 0.014083805 0.999866605
1403636644613555456.000000 4.236601353 -2.108139277 6.828554630 0.001721895 -0.007865326 0.015566168 0.999846458
1403636644663555584.000000 4.259369373 -2.092672825 6.833610058 0.003113585 -0.007762444 0.010158160 0.999913454
1403636644713555456.000000 4.283070564 -2.082004309 6.861333847 0.003614411 -0.005614356 0.003109041 0.999972939
1403636644763555584.000000 4.306628704 -2.069356680 6.889069557 0.002825870 -0.002697725 -0.005896320 0.999975026
1403636644813555456.000000 4.329709530 -2.056072474 6.918336868 0.002658434 0.000611790 -0.014305776 0.999893963
1403636644863555584.000000 4.351508141 -2.045408249 6.948174000 0.000010144 0.003376682 -0.020613113 0.999781847
1403636644913555456.000000 4.375185966 -2.032211065 6.975303650 -0.003055393 0.004842688 -0.022242727 0.999736249
1403636644963555584.000000 4.395866394 -2.020302057 7.003022671 -0.006182829 0.005614525 -0.022255858 0.999717474
1403636645013555456.000000 4.418965816 -2.006656170 7.025048256 -0.013843333 0.006129974 -0.022099314 0.999641180
1403636645063555584.000000 4.440318584 -1.995611191 7.050600052 -0.025877595 0.006339736 -0.019510413 0.999454618
1403636645113555456.000000 4.463717937 -1.986873865 7.073682308 -0.037805498 0.006277356 -0.017267248 0.999116242
1403636645163555584.000000 4.488308430 -1.977577686 7.099393845 -0.048576009 0.006848102 -0.017759942 0.998638153
1403636645213555456.000000 4.504888535 -1.978034973 7.128091335 -0.058293886 0.007414266 -0.015705429 0.998148441
1403636645263555584.000000 4.525974751 -1.976901054 7.156301022 -0.063441984 0.007896761 -0.016058823 0.997825086
1403636645313555456.000000 4.547148705 -1.982261062 7.186039448 -0.062842831 0.007861978 -0.015685184 0.997869253
1403636645363555584.000000 4.570645332 -1.984948635 7.213955402 -0.057830513 0.008098377 -0.016343830 0.998159766
1403636645413555456.000000 4.592291355 -1.991598845 7.243764877 -0.052514471 0.008718039 -0.016921259 0.998438716
1403636645463555584.000000 4.612379074 -1.997746587 7.277554989 -0.048195906 0.009169961 -0.016640401 0.998657227
1403636645513555456.000000 4.632157803 -2.000114202 7.309074879 -0.044328440 0.009493003 -0.017035671 0.998826683
1403636645563555584.000000 4.652238369 -2.001742601 7.349094868 -0.042951450 0.010101377 -0.017387649 0.998874843
1403636645613555456.000000 4.679230690 -2.005299568 7.385895729 -0.040502381 0.010156417 -0.017440122 0.998975635
1403636645663555584.000000 4.695665836 -2.000772953 7.423748016 -0.038439170 0.010527050 -0.018767739 0.999029219
1403636645713555456.000000 4.718904972 -2.010855913 7.460572720 -0.037412927 0.010565626 -0.018571883 0.999071479
1403636645763555584.000000 4.736124039 -2.015906572 7.499748707 -0.036188785 0.010253550 -0.018113002 0.999128222
1403636645813555456.000000 4.751551151 -2.022494555 7.540545464 -0.035651058 0.010149216 -0.017362643 0.999161959
1403636645863555584.000000 4.770042419 -2.034971237 7.580407619 -0.036628969 0.010141687 -0.016916439 0.999134302
1403636645913555456.000000 4.789762020 -2.056790590 7.619060040 -0.037677117 0.009472451 -0.015450497 0.999125659
1403636645963555584.000000 4.814638138 -2.070681572 7.659841537 -0.032200295 0.010288955 -0.013108945 0.999342561
1403636646013555456.000000 4.830887794 -2.091372013 7.695467949 -0.027675826 0.012973901 -0.010470849 0.999477983
1403636646063555584.000000 4.853650093 -2.109991789 7.724066734 -0.023180468 0.016067456 -0.006239892 0.999582708
1403636646113555456.000000 4.873482227 -2.134470701 7.764425278 -0.019463129 0.022914805 -0.000915032 0.999547541
1403636646163555584.000000 4.898275852 -2.156089067 7.804489613 -0.015283935 0.031689439 0.004556999 0.999370515
1403636646213555456.000000 4.920687199 -2.177069426 7.848750591 -0.011275321 0.041873775 0.011053428 0.998998165
1403636646263555584.000000 4.942118645 -2.196083069 7.887267113 -0.007153451 0.054001722 0.017670725 0.998358905
1403636646313555456.000000 4.969762802 -2.213011742 7.927118301 -0.001699988 0.066788621 0.024198186 0.997472286
1403636646363555584.000000 5.000817776 -2.233677387 7.970654488 0.002932573 0.079831399 0.031253964 0.996314049
1403636646413555456.000000 5.027478695 -2.247415543 8.008346558 0.006753640 0.095300771 0.034668792 0.994821727
1403636646463555584.000000 5.057735920 -2.262450695 8.047242165 0.011972421 0.109146722 0.035053715 0.993335247
1403636646513555456.000000 5.080873966 -2.281124115 8.091332436 0.015978580 0.122662835 0.033780623 0.991744637
1403636646563555584.000000 5.106406212 -2.296403408 8.126225471 0.018982669 0.133875176 0.033158552 0.990261376
1403636646613555456.000000 5.138220310 -2.310390949 8.155574799 0.018758066 0.141964674 0.032752506 0.989151895
1403636646663555584.000000 5.161896229 -2.329564810 8.190688133 0.016008614 0.150365159 0.031831350 0.987988293
1403636646713555456.000000 5.196257591 -2.336220026 8.207853317 0.015274276 0.154735655 0.030733019 0.987359643
1403636646763555584.000000 5.223452091 -2.361067057 8.236279488 0.013849812 0.159524560 0.031701643 0.986587644
1403636646813555456.000000 5.249110699 -2.380969763 8.261967659 0.014033274 0.163374826 0.031938359 0.985947132
1403636646863555584.000000 5.274369240 -2.403289557 8.286222458 0.014391717 0.166791782 0.032230049 0.985360205
1403636646913555456.000000 5.300251484 -2.428984165 8.307512283 0.013242899 0.168336198 0.033418700 0.985074043
1403636646963555584.000000 5.327743530 -2.450322151 8.331783295 0.011770915 0.169599980 0.033961352 0.984857321
1403636647013555456.000000 5.351821423 -2.472311020 8.357556343 0.009758274 0.170912981 0.034357138 0.984638572
1403636647063555584.000000 5.377508640 -2.491368055 8.377752304 0.007123732 0.171106264 0.034106825 0.984636307
1403636647113555456.000000 5.398972988 -2.507841110 8.403044701 0.002848856 0.171766207 0.034453165 0.984530985
1403636647163555584.000000 5.424550533 -2.524274349 8.420037270 -0.000442739 0.171121895 0.035482097 0.984610677
1403636647213555456.000000 5.449304581 -2.534910440 8.440961838 -0.002479197 0.170964718 0.034910161 0.984655380
1403636647263555584.000000 5.475395679 -2.548188448 8.462119102 -0.002177723 0.170029655 0.035607085 0.984793067
1403636647313555456.000000 5.497765064 -2.565018177 8.488495827 -0.001375097 0.169205174 0.037011079 0.984884739
1403636647363555584.000000 5.519614697 -2.574992657 8.504011154 0.000722251 0.167941034 0.037452679 0.985085130
1403636647413555456.000000 5.543506145 -2.579137087 8.522213936 0.003285370 0.166793525 0.037920948 0.985256970
1403636647463555584.000000 5.571935177 -2.589782238 8.540719032 0.005548796 0.164798185 0.038966354 0.985541701
1403636647513555456.000000 5.594481945 -2.602350950 8.561547279 0.008458632 0.163503751 0.039906703 0.985698998
1403636647563555584.000000 5.616022110 -2.607544899 8.570801735 0.013458607 0.161198527 0.040662874 0.985992134
1403636647613555456.000000 5.644904137 -2.615864515 8.592919350 0.019381469 0.159576654 0.043109465 0.986053407
1403636647663555584.000000 5.664932728 -2.620710850 8.609937668 0.020895937 0.160749152 0.043660536 0.985807717
1403636647713555456.000000 5.694782257 -2.634451628 8.622941017 0.019033261 0.161588266 0.043032665 0.985735893
1403636647763555584.000000 5.713440418 -2.634627104 8.631000519 0.017406335 0.163259357 0.042047147 0.985533118
1403636647813555456.000000 5.739527225 -2.649416208 8.639105797 0.015481889 0.165227681 0.041222595 0.985271990
1403636647863555584.000000 5.766332626 -2.652661324 8.662180901 0.013676354 0.169082254 0.041748460 0.984622419
1403636647913555456.000000 5.792593479 -2.658442736 8.669304848 0.013413829 0.173972920 0.041949816 0.983765125
1403636647963555584.000000 5.817474842 -2.663378477 8.674569130 0.013537456 0.179909721 0.043729436 0.982617438
1403636648013555456.000000 5.846673012 -2.665044308 8.689480782 0.012652530 0.188425988 0.045333710 0.980958998
1403636648063555584.000000 5.876640797 -2.665459871 8.699736595 0.012361150 0.198496059 0.048152957 0.978840113
1403636648113555456.000000 5.904748440 -2.645144939 8.685702324 0.014007193 0.208330005 0.049419045 0.976708889
1403636648163555584.000000 5.936085701 -2.641571283 8.696223259 0.014286231 0.220974997 0.053134672 0.973726213
1403636648213555456.000000 5.965281963 -2.638958931 8.707364082 0.014580335 0.233904526 0.057012677 0.970477045
1403636648263555584.000000 5.992396355 -2.636408806 8.716128349 0.014740665 0.247434303 0.061563045 0.966834545
1403636648313555456.000000 6.020381927 -2.622743607 8.723526001 0.015561836 0.260996342 0.066085465 0.962949395
1403636648363555584.000000 6.051012993 -2.619149685 8.730942726 0.015669761 0.274580836 0.069418058 0.958926976
1403636648413555456.000000 6.079717636 -2.606837273 8.736871719 0.015996290 0.288605601 0.073396139 0.954496682
1403636648463555584.000000 6.104806423 -2.601236343 8.745455742 0.015315432 0.303198010 0.077879690 0.949616373
1403636648513555456.000000 6.140518665 -2.587639809 8.743560791 0.015592024 0.315894455 0.082292870 0.945090175
1403636648563555584.000000 6.176518917 -2.574357986 8.747648239 0.016281720 0.327492625 0.086128376 0.940779209
1403636648613555456.000000 6.206789494 -2.570392609 8.750355721 0.015509844 0.337820411 0.089091510 0.936856210
1403636648663555584.000000 6.225646973 -2.569941759 8.757147789 0.013220296 0.347621024 0.091331616 0.933082819
1403636648713555456.000000 6.253333092 -2.561650753 8.753896713 0.009796892 0.354866445 0.091757283 0.930351794
1403636648763555584.000000 6.276881695 -2.560793400 8.748905182 0.006087720 0.360633522 0.094377391 0.927900493
1403636648813555456.000000 6.290790558 -2.547401667 8.771559715 -0.000540926 0.366492808 0.097731724 0.925273597
1403636648863555584.000000 6.325305939 -2.540132046 8.755891800 -0.006801084 0.367549092 0.101870097 0.924382985
1403636648913555456.000000 6.344704628 -2.542679071 8.758676529 -0.014232147 0.370429635 0.103206836 0.922999322
1403636648963555584.000000 6.376234055 -2.538527250 8.752454758 -0.018058181 0.371015251 0.105614863 0.922424614
1403636649013555456.000000 6.394019127 -2.559226990 8.764699936 -0.021016020 0.373621285 0.105041400 0.921374977
1403636649063555584.000000 6.401529789 -2.547433376 8.768400192 -0.015941825 0.375713974 0.102589577 0.920901835
1403636649113555456.000000 6.418442249 -2.556236744 8.781506538 -0.008776860 0.378030747 0.099407993 0.920398712
1403636649163555584.000000 6.445101738 -2.585757017 8.772706032 -0.002403066 0.378269285 0.096893981 0.920607567
1403636649213555456.000000 6.445953846 -2.597665787 8.788021088 0.004872243 0.381078541 0.094077900 0.919730842
1403636649263555584.000000 6.522311211 -2.609479427 8.717492104 0.010470103 0.374368042 0.091960937 0.922649503
1403636649313555456.000000 6.546067715 -2.627547264 8.714672089 0.011726286 0.373702496 0.090803489 0.923018813
1403636649363555584.000000 6.569797516 -2.640378475 8.708678246 0.010765818 0.372292489 0.090318918 0.923647702
1403636649413555456.000000 6.590218067 -2.655423641 8.702853203 0.008630754 0.370796680 0.090897262 0.924214840
1403636649463555584.000000 6.616957188 -2.679729462 8.695634842 0.004303304 0.368524879 0.091722973 0.925071836
1403636649513555456.000000 6.637897968 -2.697683811 8.686923981 0.004869461 0.366533190 0.091238819 0.925907850
1403636649563555584.000000 6.657553673 -2.720773935 8.675212860 0.008114350 0.364582509 0.090736583 0.926704168
1403636649613555456.000000 6.677678108 -2.739042997 8.667607307 0.012256953 0.363852650 0.091082230 0.926911652
1403636649663555584.000000 6.700184345 -2.758460283 8.650924683 0.017273650 0.364016801 0.092180900 0.926658630
1403636649713555456.000000 6.720339298 -2.782337189 8.638844490 0.019888107 0.366718143 0.094333515 0.925323427
1403636649763555584.000000 6.739014149 -2.807176113 8.637202263 0.021285595 0.371723235 0.094950028 0.923229873
1403636649813555456.000000 6.757392883 -2.824789762 8.630705833 0.021986065 0.375958055 0.094920732 0.921500027
1403636649863555584.000000 6.778624535 -2.846018791 8.612973213 0.022857402 0.379424334 0.095207162 0.920027375
1403636649913555456.000000 6.797684193 -2.851770639 8.600991249 0.023979001 0.382857919 0.094844006 0.918612838
1403636649963555584.000000 6.814802647 -2.863464594 8.592262268 0.023783494 0.386253417 0.094567269 0.917223930
1403636650013555456.000000 6.832703590 -2.876811981 8.588145256 0.023206560 0.389376789 0.094684318 0.915905058
1403636650063555584.000000 6.851409912 -2.883327007 8.563681602 0.024173439 0.391182274 0.095506229 0.915024936
1403636650113555456.000000 6.860140800 -2.888425827 8.570203781 0.024425181 0.396518409 0.096988931 0.912562251
1403636650163555584.000000 6.887815475 -2.889726877 8.542392731 0.024704618 0.400754601 0.098661408 0.910522640
1403636650213555456.000000 6.897364140 -2.892187119 8.540070534 0.024064125 0.409977138 0.101048872 0.906161606
1403636650263555584.000000 6.919287682 -2.891836166 8.531346321 0.023075819 0.419648856 0.104205161 0.901389837
1403636650313555456.000000 6.932401657 -2.895765305 8.512983322 0.022130230 0.429919720 0.109098278 0.895978153
1403636650363555584.000000 6.932927132 -2.875968695 8.520334244 0.021903710 0.443412274 0.112501204 0.888959706
1403636650413555456.000000 6.944999695 -2.866274834 8.506101608 0.020018963 0.455384105 0.117015436 0.882344604
1403636650463555584.000000 6.973513126 -2.851830959 8.460021019 0.017228913 0.464971125 0.121621564 0.876762927
1403636650513555456.000000 7.005333900 -2.867619991 8.436281204 0.012074118 0.475346208 0.127788991 0.870385110
1403636650563555584.000000 6.992517471 -2.836053610 8.444335938 0.011116690 0.487211585 0.132460847 0.863108039
1403636650613555456.000000 7.022615433 -2.830153704 8.405399323 0.007969655 0.493224204 0.136399299 0.859105110
1403636650663555584.000000 7.008745670 -2.813662052 8.426097870 0.007410638 0.503167331 0.140022069 0.852737784
1403636650713555456.000000 7.045954704 -2.798040390 8.372630119 0.005117186 0.505915821 0.141347900 0.850907683
1403636650763555584.000000 7.033551216 -2.783192635 8.386474609 0.006149159 0.513506889 0.144085065 0.845879674
1403636650813555456.000000 7.034597397 -2.783226728 8.388763428 0.006220171 0.519154012 0.145447239 0.842190921
1403636650863555584.000000 7.050280571 -2.775335312 8.361650467 0.007647692 0.521864176 0.144032270 0.840746105
1403636650913555456.000000 7.055090904 -2.748618603 8.346933365 0.012616741 0.525253415 0.140294522 0.839206159
1403636650963555584.000000 7.038977623 -2.726474285 8.359012604 0.018376037 0.529383838 0.138663009 0.836772203
1403636651013555456.000000 7.060489178 -2.707010746 8.330846786 0.022276614 0.529601216 0.136599541 0.836879313
1403636651063555584.000000 7.049517632 -2.716262817 8.326996803 0.023330368 0.531623662 0.136079267 0.835652113
1403636651113555456.000000 7.082076073 -2.733548164 8.286773682 0.023266234 0.529249072 0.135930747 0.837184012
1403636651163555584.000000 7.107596397 -2.728970289 8.233997345 0.022915294 0.525723696 0.135469437 0.839486539
1403636651213555456.000000 7.060603142 -2.750861645 8.288591385 0.021084366 0.531222701 0.137324542 0.835763097
1403636651263555584.000000 7.085043907 -2.741462708 8.251098633 0.019262385 0.527546763 0.138068661 0.838009834
1403636651313555456.000000 7.104148865 -2.740376234 8.205912590 0.016531182 0.523518324 0.138810173 0.840468347
1403636651363555584.000000 7.096429825 -2.760130405 8.186256409 0.013170399 0.521901548 0.141262308 0.841124475
1403636651413555456.000000 7.066959381 -2.745142221 8.208303452 0.013367578 0.523886621 0.140601084 0.839997351
1403636651463555584.000000 7.061584949 -2.739808083 8.193405151 0.013226284 0.522288501 0.140462548 0.841017306
1403636651513555456.000000 7.055810928 -2.732446432 8.174852371 0.014094505 0.520721436 0.139183074 0.842186809
1403636651563555584.000000 7.094945908 -2.733612061 8.121170044 0.016283784 0.515821874 0.138508424 0.845268011
1403636651613555456.000000 7.083827019 -2.744670868 8.132448196 0.019254951 0.517180324 0.137075692 0.844608843
1403636651663555584.000000 7.053980827 -2.727720737 8.153422356 0.023509108 0.519880772 0.133359179 0.843437433
1403636651713555456.000000 7.081386566 -2.723302126 8.108066559 0.025976416 0.515615761 0.133944988 0.845886767
1403636651763555584.000000 7.048692703 -2.719078541 8.117907524 0.029766049 0.518832207 0.135581776 0.843531132
1403636651813555456.000000 7.047411919 -2.718042850 8.094926834 0.034104120 0.519748807 0.140525311 0.841992140
1403636651863555584.000000 7.050785065 -2.733878136 8.086201668 0.036277518 0.523489535 0.144284502 0.838942647
1403636651913555456.000000 7.045820236 -2.726630688 8.062753677 0.039019909 0.528678417 0.148422182 0.834833741
1403636651963555584.000000 7.093663216 -2.730987072 8.027530670 0.039939441 0.534033239 0.151372358 0.830842853
1403636652013555456.000000 7.090425014 -2.715695858 8.008941650 0.041541483 0.543230772 0.153775439 0.824334800
1403636652063555584.000000 7.088454247 -2.697839499 7.990272999 0.040146612 0.554280996 0.156733871 0.816452920
1403636652113555456.000000 7.081848145 -2.676920652 7.972201347 0.036391687 0.567403376 0.158606589 0.807200730
1403636652163555584.000000 7.076848030 -2.661825657 7.958915710 0.031853206 0.582032263 0.161795065 0.796270192
1403636652213555456.000000 7.085746765 -2.629047394 7.922506809 0.027170956 0.595688999 0.165529773 0.785503864
1403636652263555584.000000 7.078511715 -2.609180927 7.905039310 0.023262167 0.610383093 0.172029227 0.772850156
1403636652313555456.000000 7.060243607 -2.578375816 7.882119179 0.018179432 0.624453068 0.179207504 0.760008335
1403636652363555584.000000 7.053989887 -2.565085888 7.860470295 0.012661861 0.637346208 0.187760010 0.747245431
1403636652413555456.000000 7.061310768 -2.540261745 7.829793930 0.009302436 0.648228467 0.194066629 0.736241519
1403636652463555584.000000 7.045958996 -2.515610218 7.805151463 0.007697605 0.657463491 0.199211299 0.726634324
1403636652513555456.000000 7.044014931 -2.511541605 7.789038658 0.004657350 0.665479720 0.205380321 0.717589021
1403636652563555584.000000 7.035599709 -2.490845203 7.769388199 0.002838511 0.672070205 0.211480424 0.709640563
1403636652613555456.000000 7.028583050 -2.458941460 7.742130756 0.000238234 0.676497459 0.214810878 0.704420030
1403636652663555584.000000 7.041206837 -2.477612972 7.714221001 -0.006828854 0.680258095 0.220908120 0.698857605
1403636652713555456.000000 7.038740635 -2.468763351 7.693770885 -0.010620791 0.683977842 0.222000539 0.694821894
1403636652763555584.000000 7.037956715 -2.462321997 7.666127205 -0.011378208 0.685720623 0.224224314 0.692373753
1403636652813555456.000000 7.035623074 -2.455225706 7.642548084 -0.011864115 0.687654197 0.224089026 0.690489113
1403636652863555584.000000 7.038064957 -2.452551126 7.617735386 -0.010991354 0.688883185 0.224213317 0.689236999
1403636652913555456.000000 7.037381172 -2.446846247 7.591863632 -0.009575575 0.689979434 0.222046331 0.688863039
1403636652963555584.000000 7.042571545 -2.444004774 7.556427002 -0.008172657 0.690274775 0.219835803 0.689294040
1403636653013555456.000000 7.047565937 -2.443603992 7.531515598 -0.006993380 0.690635324 0.217573047 0.689663768
1403636653063555584.000000 7.050863266 -2.434091330 7.505316257 -0.005616231 0.691010833 0.213947088 0.690434098
1403636653113555456.000000 7.055087090 -2.428892612 7.483199596 -0.003102854 0.691039920 0.210682258 0.691424072
1403636653163555584.000000 7.065621376 -2.426233530 7.452223301 -0.000953197 0.690558910 0.207332447 0.692921937
1403636653213555456.000000 7.072359085 -2.418596506 7.432187557 0.002714088 0.690890253 0.202510044 0.694012344
1403636653263555584.000000 7.081077576 -2.402372837 7.411470413 0.007414979 0.690910757 0.196934640 0.695560336
1403636653313555456.000000 7.097263336 -2.402007580 7.380327225 0.009224780 0.690203965 0.192724839 0.697417080
1403636653363555584.000000 7.102822304 -2.399647713 7.357489109 0.010731056 0.689308643 0.190184146 0.698976815
1403636653413555456.000000 7.114283562 -2.393139362 7.326891899 0.011453528 0.687410057 0.188464195 0.701297104
1403636653463555584.000000 7.115365028 -2.381350517 7.307837963 0.011803441 0.686159253 0.187407672 0.702797771
1403636653513555456.000000 7.124890327 -2.384906292 7.285143375 0.011151968 0.684506476 0.187227130 0.704466224
1403636653563555584.000000 7.141180992 -2.389670610 7.259651184 0.010573384 0.682338595 0.188415647 0.706259012
1403636653613555456.000000 7.141121387 -2.401143551 7.236807823 0.012041451 0.681376278 0.187821612 0.707322001
1403636653663555584.000000 7.145512581 -2.403753281 7.209265709 0.013781152 0.680303633 0.186018139 0.708797872
1403636653713555456.000000 7.148577690 -2.391167641 7.187562943 0.016328929 0.679845095 0.182999223 0.709968626
1403636653763555584.000000 7.148249626 -2.393198490 7.157648563 0.018400060 0.679039240 0.181745589 0.711010337
1403636653813555456.000000 7.155336857 -2.391434669 7.140700817 0.019435681 0.679090381 0.180275574 0.711308181
1403636653863555584.000000 7.159225941 -2.385115623 7.113447189 0.019942446 0.678900838 0.178408042 0.711945653
1403636653913555456.000000 7.171329975 -2.400427341 7.089141846 0.019031230 0.678280294 0.179755911 0.712222993
1403636653963555584.000000 7.170687199 -2.386232615 7.076310158 0.019273208 0.677767575 0.181273848 0.712319851
1403636654013555456.000000 7.168438911 -2.354154348 7.067173004 0.020863852 0.677721024 0.183015525 0.711873829
1403636654063555584.000000 7.161858559 -2.349248409 7.062310696 0.021592816 0.677352548 0.185240060 0.711627305
1403636654113555456.000000 7.158170700 -2.341981173 7.045606136 0.022331461 0.677975714 0.186386496 0.710711181
1403636654163555584.000000 7.163154125 -2.347511292 7.030214787 0.023364656 0.679618061 0.188213378 0.708624840
1403636654213555456.000000 7.129620075 -2.318667173 6.985149384 0.025269212 0.682709992 0.186638877 0.705999017
1403636654263555584.000000 7.126183033 -2.308204412 6.963945389 0.023800122 0.686738908 0.187176108 0.701988876
1403636654313555456.000000 7.120475769 -2.303210497 6.952042103 0.022408970 0.691920042 0.188837215 0.696480453
1403636654363555584.000000 7.115091324 -2.296590567 6.930743694 0.020479601 0.696953475 0.191414997 0.690794408
1403636654413555456.000000 7.110292435 -2.294166565 6.907607555 0.018133618 0.702816665 0.194400981 0.684052825
1403636654463555584.000000 7.102552891 -2.289390564 6.891711712 0.016966950 0.709365308 0.197379723 0.676427603
1403636654513555456.000000 7.099568367 -2.293274403 6.869941235 0.015277902 0.716496944 0.199952289 0.668145120
1403636654563555584.000000 7.091878414 -2.290966511 6.844181061 0.014398039 0.723612070 0.202544063 0.659662187
1403636654613555456.000000 7.077064514 -2.292459488 6.826385975 0.013557427 0.729248464 0.206788599 0.652112961
1403636654663555584.000000 7.073379993 -2.290172100 6.817028999 0.014337569 0.734244645 0.212394938 0.644645333
1403636654713555456.000000 7.064443588 -2.296238899 6.800052643 0.013144287 0.738493800 0.216322109 0.638481855
1403636654763555584.000000 7.057909012 -2.298985481 6.781604290 0.011560297 0.741851926 0.219839349 0.633397818
1403636654813555456.000000 7.043467522 -2.292311907 6.759825230 0.011043419 0.745022595 0.221277639 0.629170597
1403636654863555584.000000 7.031879902 -2.281513929 6.739743710 0.010208926 0.747711718 0.221774578 0.625810742
1403636654913555456.000000 7.023424149 -2.271518230 6.728230476 0.010563623 0.750539958 0.221596435 0.622473538
1403636654963555584.000000 7.009476185 -2.281972408 6.688644886 0.011076947 0.752737463 0.219569579 0.620526314
1403636655013555456.000000 6.999789238 -2.276659727 6.677670956 0.014543328 0.755757391 0.215729892 0.618126154
1403636655063555584.000000 6.990330219 -2.265513897 6.657656670 0.018198298 0.757549226 0.212493896 0.616955757
1403636655113555456.000000 6.980796814 -2.258208036 6.646865845 0.020980624 0.759288549 0.210305825 0.615477264
1403636655163555584.000000 6.970619202 -2.246821642 6.632808208 0.023177933 0.760633111 0.207459629 0.614703774
1403636655213555456.000000 6.962696552 -2.238201380 6.616356850 0.025991878 0.761135042 0.206395343 0.614327908
1403636655263555584.000000 6.951037884 -2.227673531 6.605294704 0.028897814 0.762528718 0.205974653 0.612608671
1403636655313555456.000000 6.937928677 -2.219172478 6.593672276 0.030508848 0.764572024 0.205851763 0.610019624
1403636655363555584.000000 6.923714638 -2.206475735 6.581928253 0.032800030 0.766955793 0.206693575 0.606614292
1403636655413555456.000000 6.907570839 -2.196785927 6.570595741 0.034851555 0.769286871 0.207437351 0.603285074
1403636655463555584.000000 6.894363403 -2.189336061 6.558010101 0.035261605 0.772388816 0.207955867 0.599104822
1403636655513555456.000000 6.878207684 -2.181843281 6.544638157 0.035291795 0.775827169 0.209628105 0.594056308
1403636655563555584.000000 6.859838963 -2.173069954 6.531103611 0.033318475 0.778662205 0.214588583 0.588665366
1403636655613555456.000000 6.839639664 -2.159309626 6.518065453 0.030140597 0.781435251 0.221684381 0.582500279
1403636655663555584.000000 6.819473267 -2.151472330 6.506506920 0.028036242 0.784109116 0.229680091 0.575876713
1403636655713555456.000000 6.799005508 -2.141039133 6.494686127 0.026056413 0.786161304 0.236569479 0.570356429
1403636655763555584.000000 6.776979923 -2.129576683 6.483301163 0.023734676 0.788878620 0.241816759 0.564474881
1403636655813555456.000000 6.760612011 -2.110498428 6.472355843 0.023337886 0.792453885 0.246025994 0.557623029
1403636655863555584.000000 6.730864048 -2.100661993 6.454854488 0.022442449 0.796286583 0.250386685 0.550209522
1403636655913555456.000000 6.710868359 -2.084993362 6.449968338 0.022663509 0.801541448 0.254308134 0.540689468
1403636655963555584.000000 6.690636158 -2.055982113 6.429732323 0.023776283 0.806540787 0.256318808 0.532191157
1403636656013555456.000000 6.671329498 -2.038940907 6.420622349 0.025125729 0.811450124 0.258006126 0.523784637
1403636656063555584.000000 6.650264740 -2.022071838 6.405762672 0.025527909 0.815970063 0.258881062 0.516257465
1403636656113555456.000000 6.627505302 -2.007388830 6.387924194 0.023748737 0.819606245 0.259887695 0.510039330
1403636656163555584.000000 6.609328270 -1.992355108 6.375224590 0.022096107 0.822907925 0.260060102 0.504681289
1403636656213555456.000000 6.591819286 -1.977464199 6.353321552 0.018190645 0.825247288 0.260434330 0.500809431
1403636656263555584.000000 6.579732418 -1.968480468 6.335922241 0.016824951 0.827156544 0.261593819 0.497089297
1403636656313555456.000000 6.552320004 -1.964023113 6.314134598 0.015736742 0.827985585 0.263301939 0.494837850
1403636656363555584.000000 6.526036739 -1.963627338 6.291512012 0.015764926 0.828371406 0.265055329 0.493252456
1403636656413555456.000000 6.507207394 -1.960176706 6.270162582 0.014633613 0.828755140 0.265535563 0.492383629
1403636656463555584.000000 6.487612724 -1.957734108 6.245403290 0.014891591 0.828907847 0.265666932 0.492047966
1403636656513555456.000000 6.468906403 -1.958093643 6.222771168 0.013557996 0.828924835 0.265395552 0.492204309
1403636656563555584.000000 6.451151848 -1.956662893 6.197601795 0.013190238 0.829159439 0.263678968 0.492741436
1403636656613555456.000000 6.433609009 -1.960103869 6.171626091 0.013203270 0.829440951 0.261498511 0.493428648
1403636656663555584.000000 6.416091442 -1.957659006 6.150559425 0.015596966 0.830494046 0.256695569 0.494109124
1403636656713555456.000000 6.399326324 -1.961448908 6.126856804 0.020248177 0.831883967 0.250354320 0.494855553
1403636656763555584.000000 6.383187294 -1.958647728 6.102755547 0.024317153 0.833259881 0.243472174 0.495790333
1403636656813555456.000000 6.369100571 -1.955654383 6.079376698 0.025666457 0.834244967 0.238038614 0.496703386
1403636656863555584.000000 6.350259304 -1.949913740 6.060684204 0.025790535 0.834966838 0.233786345 0.497503102
1403636656913555456.000000 6.331259251 -1.945649743 6.036323547 0.026519673 0.835162044 0.230563298 0.498639941
1403636656963555584.000000 6.310164452 -1.937725663 6.020572662 0.028191304 0.835153043 0.228889108 0.499333948
1403636657013555456.000000 6.292085171 -1.922633290 5.994399071 0.030164501 0.834381878 0.227613121 0.501088202
1403636657063555584.000000 6.272219658 -1.908227563 5.979816914 0.032718200 0.834086418 0.226670206 0.501846611
1403636657113555456.000000 6.252990246 -1.898731232 5.964935780 0.034781642 0.833446860 0.227371156 0.502453029
1403636657163555584.000000 6.229630470 -1.881757379 5.941057205 0.037551083 0.832380354 0.228105277 0.503687382
1403636657213555456.000000 6.206215382 -1.871893167 5.927974701 0.039680421 0.831582725 0.230141789 0.503915191
1403636657263555584.000000 6.165158272 -1.873130202 5.914402008 0.039139640 0.830353260 0.234039620 0.504189491
1403636657313555456.000000 6.139830589 -1.862825751 5.896257401 0.038184695 0.829410315 0.236786172 0.504532337
1403636657363555584.000000 6.113035202 -1.854311466 5.881811142 0.037610404 0.828494906 0.240563929 0.504292250
1403636657413555456.000000 6.086407185 -1.842288494 5.864082336 0.036970291 0.826903164 0.245730624 0.504460931
1403636657463555584.000000 6.059324741 -1.834176779 5.846835613 0.035266798 0.825214505 0.251826614 0.504341900
1403636657513555456.000000 6.031451225 -1.821510553 5.834071159 0.034137879 0.824022710 0.256339729 0.504094422
1403636657563555584.000000 6.002886295 -1.809932232 5.816066742 0.032439120 0.823181272 0.259543478 0.503942072
1403636657613555456.000000 5.975124836 -1.794295788 5.799490452 0.031083735 0.823050261 0.260332704 0.503834248
1403636657663555584.000000 5.948019505 -1.780350685 5.778330803 0.030988971 0.822789729 0.261151999 0.503841698
1403636657713555456.000000 5.919323921 -1.764196754 5.760934830 0.031867433 0.823229253 0.260683894 0.503311038
1403636657763555584.000000 5.892227173 -1.745774031 5.739743710 0.032647196 0.824010491 0.260624468 0.502011776
1403636657813555456.000000 5.862969875 -1.729430437 5.725033760 0.033899006 0.824783206 0.261853963 0.500016093
1403636657863555584.000000 5.836666584 -1.708588839 5.702290535 0.036590680 0.824419260 0.265428632 0.498539567
1403636657913555456.000000 5.806535721 -1.691574812 5.683830261 0.038596135 0.823943079 0.269754857 0.496850580
1403636657963555584.000000 5.777070045 -1.678194761 5.658867836 0.039626721 0.823135138 0.274125308 0.495715320
1403636658013555456.000000 5.752470493 -1.654274106 5.634938240 0.038415346 0.823904574 0.273676395 0.494779587
1403636658063555584.000000 5.718471050 -1.641653061 5.611042023 0.034636647 0.824790061 0.273654968 0.493593514
1403636658113555456.000000 5.665270805 -1.638358951 5.583867073 0.030657386 0.826325178 0.272849143 0.491731852
1403636658163555584.000000 5.635724545 -1.624505281 5.554759026 0.025857201 0.827880800 0.270634532 0.490613699
1403636658213555456.000000 5.606198788 -1.614403725 5.523100853 0.022169935 0.829211473 0.268839896 0.489532471
1403636658263555584.000000 5.575765610 -1.598496556 5.493137360 0.017276345 0.830821514 0.265583634 0.488776594
1403636658313555456.000000 5.548853874 -1.587874293 5.460034370 0.014174078 0.831531644 0.265158057 0.487898946
1403636658363555584.000000 5.520538330 -1.572883129 5.429314137 0.011917133 0.832259655 0.264588028 0.487026811
1403636658413555456.000000 5.493026257 -1.555222273 5.398334503 0.009713306 0.832583070 0.264144599 0.486763537
1403636658463555584.000000 5.464396477 -1.538725734 5.365129471 0.006852762 0.832956791 0.263615608 0.486459464
1403636658513555456.000000 5.440610409 -1.525858641 5.337588787 0.003830194 0.833826721 0.262940735 0.485366434
1403636658563555584.000000 5.417820454 -1.508462906 5.306955338 -0.000138730 0.834780216 0.261035025 0.484770805
1403636658613555456.000000 5.392703056 -1.491695285 5.278410912 -0.003234691 0.835466444 0.259082049 0.484625578
1403636658663555584.000000 5.375207901 -1.478801012 5.254034042 -0.005127017 0.836237609 0.259033442 0.483303457
1403636658713555456.000000 5.355367184 -1.461189985 5.231482506 -0.005549210 0.837540627 0.256776392 0.482245684
1403636658763555584.000000 5.336316586 -1.443452597 5.198068619 -0.007379035 0.838145018 0.254228264 0.482520968
1403636658813555456.000000 5.321808815 -1.431001902 5.165533066 -0.009111652 0.838812351 0.252139658 0.482427746
1403636658863555584.000000 5.308288574 -1.421958089 5.141768932 -0.009133489 0.840099335 0.250215560 0.481187969
1403636658913555456.000000 5.264752388 -1.398297071 5.133944035 -0.003734718 0.842876077 0.245533913 0.478810072
1403636658963555584.000000 5.248410225 -1.379673243 5.111592770 0.001448937 0.843265057 0.244425207 0.478704929
1403636659013555456.000000 5.232663631 -1.362711668 5.090500832 0.006031326 0.843422115 0.244307175 0.478452533
1403636659063555584.000000 5.219397545 -1.343033791 5.076426506 0.010776678 0.844825208 0.241529241 0.477302790
1403636659113555456.000000 5.202553272 -1.326130033 5.052122593 0.013353368 0.844552934 0.241305023 0.477832615
1403636659163555584.000000 5.185330391 -1.300176144 5.036869049 0.016024856 0.845126390 0.238658816 0.478065550
1403636659213555456.000000 5.173964024 -1.279724598 5.020783901 0.017459182 0.845497727 0.238008946 0.477682501
1403636659263555584.000000 5.161531925 -1.265954018 5.007925034 0.017408093 0.845723569 0.239512146 0.476531893
1403636659313555456.000000 5.145702362 -1.241448641 4.994317055 0.016346529 0.845206022 0.240789041 0.476844132
1403636659363555584.000000 5.127800941 -1.221532941 4.976655483 0.014994054 0.843827605 0.243676201 0.477862030
1403636659413555456.000000 5.110095024 -1.208147287 4.967154503 0.011199280 0.842970550 0.247773156 0.477371663
1403636659463555584.000000 5.095910549 -1.193640113 4.947358131 0.008303549 0.841210186 0.252759665 0.477921665
1403636659513555456.000000 5.075720787 -1.180079937 4.933133602 0.006130851 0.841012537 0.252607882 0.478382289
1403636659563555584.000000 5.060195446 -1.171991587 4.919363499 0.007293971 0.840345562 0.255147547 0.478190303
1403636659613555456.000000 5.045439243 -1.159270644 4.919487000 0.006689176 0.842547476 0.251721561 0.476135731
1403636659663555584.000000 5.030803204 -1.152520180 4.908123970 0.007070926 0.843307436 0.250919968 0.475207180
1403636659713555456.000000 5.013869286 -1.137154341 4.889825821 0.008051407 0.843425453 0.249418333 0.475772262
1403636659763555584.000000 4.999267101 -1.124922991 4.885946274 0.008481824 0.844803035 0.248137444 0.473987103
1403636659813555456.000000 4.982267380 -1.109730482 4.876317978 0.008480974 0.845208645 0.247628555 0.473529875
1403636659863555584.000000 4.981756210 -1.102885008 4.875051498 0.008389648 0.846213281 0.249462903 0.470766395
1403636659913555456.000000 4.960717678 -1.081729889 4.872674942 0.008500174 0.846065462 0.250044942 0.470721304
1403636659963555584.000000 4.938527584 -1.054707527 4.853628635 0.005374820 0.844691932 0.252735853 0.471795768
1403636660013555456.000000 4.926093578 -1.035748243 4.848099232 0.003362677 0.843718469 0.256811351 0.471355349
1403636660063555584.000000 4.913003445 -1.017883778 4.844883919 0.000883587 0.842665970 0.261565089 0.470634788
1403636660113555456.000000 4.901592731 -0.998445570 4.841331959 -0.001810684 0.841853917 0.265213042 0.470043510
1403636660163555584.000000 4.889818192 -0.978613973 4.838725090 -0.004169673 0.841031432 0.267997384 0.469921470
1403636660213555456.000000 4.878216743 -0.955070972 4.838366508 -0.004186523 0.840848148 0.268611163 0.469898880
1403636660263555584.000000 4.867918015 -0.934853077 4.834918022 -0.006568699 0.839866340 0.271955937 0.469703525
1403636660313555456.000000 4.860875130 -0.916214883 4.832931042 -0.009254502 0.838815212 0.275518298 0.469460517
1403636660363555584.000000 4.853965282 -0.895401359 4.830996513 -0.013266224 0.836848855 0.281297237 0.469446391
1403636660413555456.000000 4.849360466 -0.875645518 4.829993725 -0.016346222 0.835211694 0.286546588 0.469089895
1403636660463555584.000000 4.842355251 -0.863625169 4.824023724 -0.018607713 0.833777547 0.290108770 0.469367445
1403636660513555456.000000 4.843734741 -0.849722803 4.818931103 -0.019175876 0.833707631 0.290117264 0.469463468
1403636660563555584.000000 4.845250607 -0.835099638 4.816795826 -0.017564407 0.835429192 0.285730630 0.469156325
1403636660613555456.000000 4.847134590 -0.825810850 4.809692383 -0.015004279 0.837255716 0.279455036 0.469768792
1403636660663555584.000000 4.854024410 -0.812664926 4.810719013 -0.012468629 0.840546727 0.270971179 0.468935490
1403636660713555456.000000 4.859745026 -0.793070376 4.805161476 -0.010741187 0.843250096 0.261477798 0.469513983
1403636660763555584.000000 4.866221428 -0.777543843 4.799959183 -0.010318126 0.845460176 0.253463507 0.469943643
1403636660813555456.000000 4.872720718 -0.753622770 4.802181244 -0.011231299 0.847938716 0.245349050 0.469763428
1403636660863555584.000000 4.879786968 -0.736203551 4.800656319 -0.013874780 0.849360347 0.239639506 0.470071733
1403636660913555456.000000 4.889647007 -0.716207922 4.808407784 -0.014545634 0.850939751 0.235842377 0.469114512
1403636660963555584.000000 4.899927139 -0.698618829 4.812154293 -0.012687115 0.851059437 0.235425964 0.469160467
1403636661013555456.000000 4.907957077 -0.680603623 4.819362640 -0.009053338 0.850750625 0.236416489 0.469306678
1403636661063555584.000000 4.919401169 -0.667078197 4.822181702 -0.005166933 0.849970877 0.238750115 0.469596863
1403636661113555456.000000 4.929772854 -0.646495759 4.831260681 -0.001427174 0.849801064 0.239295051 0.469653130
1403636661163555584.000000 4.939394951 -0.626142442 4.839615822 0.001427032 0.849302649 0.240496039 0.469941139
1403636661213555456.000000 4.950629711 -0.606322229 4.852783203 0.004612231 0.849592149 0.239798352 0.469753921
1403636661263555584.000000 4.960127354 -0.587688863 4.865592003 0.006192382 0.849191427 0.241288856 0.469697058
1403636661313555456.000000 4.969937801 -0.571302474 4.877038479 0.007717657 0.849134803 0.240859374 0.469997168
1403636661363555584.000000 4.979277134 -0.559278846 4.889561653 0.008058418 0.849044263 0.241125211 0.470018804
1403636661413555456.000000 4.988528252 -0.547758341 4.902384758 0.007942891 0.849041104 0.241088599 0.470045149
1403636661463555584.000000 4.999522686 -0.538539588 4.917582989 0.008352022 0.849012733 0.241513968 0.469870806
1403636661513555456.000000 5.005965710 -0.531666338 4.928941727 0.008212404 0.848131895 0.243492335 0.470442712
1403636661563555584.000000 5.016251564 -0.525411844 4.944428921 0.009190945 0.847616553 0.245010108 0.470565319
1403636661613555456.000000 5.022789478 -0.520527840 4.957954407 0.009847902 0.846602619 0.247451231 0.471099764
1403636661663555584.000000 5.029140472 -0.519855142 4.969225883 0.011540382 0.846034884 0.248043284 0.471769363
1403636661713555456.000000 5.033709049 -0.516402543 4.986179352 0.013124892 0.846460462 0.246270195 0.471893489
1403636661763555584.000000 5.041409492 -0.525861502 4.994763374 0.017480358 0.845561564 0.248047784 0.472432464
1403636661813555456.000000 5.047917843 -0.524708748 5.012541771 0.023200782 0.845247567 0.248475522 0.472523332
1403636661863555584.000000 5.048951149 -0.530704975 5.022945881 0.026214687 0.844308674 0.248868555 0.473835647
1403636661913555456.000000 5.051043034 -0.544172168 5.026756287 0.027505100 0.843213797 0.250072747 0.475076377
1403636661963555584.000000 5.054321289 -0.551703334 5.037912369 0.029177107 0.842814326 0.250224292 0.475605637
1403636662013555456.000000 5.058937073 -0.560019791 5.053792953 0.028794363 0.843447983 0.249005586 0.475144833
1403636662063555584.000000 5.057425022 -0.572836339 5.061554432 0.028306387 0.843298018 0.248423040 0.475744933
1403636662113555456.000000 5.056629181 -0.579839587 5.076432705 0.028204309 0.843788087 0.247003242 0.475621313
1403636662163555584.000000 5.056004524 -0.591244578 5.089441776 0.024708554 0.844103992 0.246802852 0.475359231
1403636662213555456.000000 5.057113171 -0.601204991 5.107114792 0.019208053 0.845185578 0.245863676 0.474176586
1403636662263555584.000000 5.049700737 -0.606950045 5.114360332 0.013660146 0.845169544 0.244568363 0.475066543
1403636662313555456.000000 5.043848038 -0.611040950 5.128447533 0.010082398 0.845465362 0.244262740 0.474786699
1403636662363555584.000000 5.043835163 -0.622240782 5.138759613 0.005204444 0.845081508 0.246437103 0.474424928
1403636662413555456.000000 5.038373470 -0.625531912 5.162956238 0.002221203 0.845446646 0.247932822 0.473016351
1403636662463555584.000000 5.039914131 -0.626263678 5.182526588 -0.000874232 0.845018029 0.251829743 0.471726149
1403636662513555456.000000 5.032488823 -0.629433393 5.189154148 -0.003749815 0.842638910 0.257113248 0.473115683
1403636662563555584.000000 5.030998230 -0.630017519 5.214742184 -0.003500342 0.842131436 0.261076182 0.471849322
1403636662613555456.000000 5.028849602 -0.632709503 5.229689121 0.000527166 0.840306997 0.266421854 0.472126335
1403636662663555584.000000 5.029304504 -0.633203089 5.247627735 0.008358998 0.839193523 0.270813793 0.471533984
1403636662713555456.000000 5.027816772 -0.639849424 5.261738777 0.015771633 0.837867916 0.274389267 0.471634597
1403636662763555584.000000 5.029256344 -0.640686274 5.279479027 0.022198390 0.837472796 0.275951982 0.471165746
1403636662813555456.000000 5.019429684 -0.632027268 5.291685581 0.027686175 0.836950660 0.275582314 0.472018540
1403636662863555584.000000 5.016031265 -0.627238154 5.316163540 0.029026348 0.836805224 0.277291179 0.471194416
1403636662913555456.000000 5.021453381 -0.626578808 5.325978756 0.025276907 0.835540950 0.281797558 0.470980555
1403636662963555584.000000 5.018887043 -0.613024473 5.352173328 0.023707747 0.836284637 0.282704562 0.469195247
1403636663013555456.000000 5.016927719 -0.605392754 5.365957260 0.024578610 0.834796250 0.287188172 0.469078004
1403636663063555584.000000 5.016490936 -0.600643992 5.378829479 0.026779378 0.833339155 0.292132437 0.468494803
1403636663113555456.000000 5.012827396 -0.596377611 5.387204170 0.029575065 0.831892252 0.295839787 0.468571782
1403636663163555584.000000 5.011752605 -0.591341138 5.395646095 0.029226644 0.830996990 0.298821449 0.468290150
1403636663213555456.000000 5.009217739 -0.586517513 5.401652336 0.024969218 0.831823230 0.297847599 0.467689544
1403636663263555584.000000 5.008866310 -0.578170776 5.405718327 0.014369507 0.833836198 0.293189704 0.467494011
1403636663313555456.000000 5.006927967 -0.571500838 5.408979416 0.004405763 0.835050106 0.290427178 0.467251599
1403636663363555584.000000 5.005643845 -0.561902642 5.410125256 -0.004894858 0.835735142 0.288424939 0.467262298
1403636663413555456.000000 5.007245541 -0.554066658 5.412203789 -0.013641782 0.835697591 0.288756460 0.466951013
1403636663463555584.000000 5.008601189 -0.540138781 5.414036274 -0.019879924 0.835144341 0.289620817 0.467181534
1403636663513555456.000000 5.014220238 -0.526063323 5.417085171 -0.025168182 0.834841609 0.290979207 0.466623098
1403636663563555584.000000 5.019795418 -0.512703240 5.419246674 -0.029485926 0.834288538 0.292217642 0.466585606
1403636663613555456.000000 5.027688503 -0.496527731 5.420616150 -0.030770913 0.833714008 0.293501347 0.466723830
1403636663663555584.000000 5.035900593 -0.482306004 5.420747757 -0.032526009 0.833246410 0.294103384 0.467060894
1403636663713555456.000000 5.049450874 -0.466902137 5.422130585 -0.036815897 0.833702862 0.291976780 0.467262000
1403636663763555584.000000 5.062994957 -0.451363444 5.423686981 -0.040389221 0.834546983 0.288196653 0.467806309
1403636663813555456.000000 5.081256390 -0.434756041 5.425433636 -0.044273205 0.836502612 0.281128496 0.468263000
1403636663863555584.000000 5.099524021 -0.428682804 5.427035332 -0.048369449 0.837865770 0.274349183 0.469440132
1403636663913555456.000000 5.121359825 -0.423871040 5.424264908 -0.049202852 0.838669956 0.269298494 0.470839828
1403636663963555584.000000 5.146888256 -0.419388890 5.425625324 -0.049769331 0.840781689 0.260906696 0.471738279
1403636664013555456.000000 5.172350883 -0.414021611 5.424829006 -0.050238423 0.842396677 0.252429515 0.473416656
1403636664063555584.000000 5.204049587 -0.411508441 5.433902264 -0.047128685 0.843795419 0.247668013 0.473760247
1403636664113555456.000000 5.237709999 -0.415218830 5.438643456 -0.042957786 0.843761265 0.245749280 0.475214571
1403636664163555584.000000 5.268891811 -0.407040358 5.451135635 -0.035250708 0.844499588 0.242148161 0.476384461
1403636664213555456.000000 5.305366039 -0.409731984 5.455182076 -0.027772885 0.843984008 0.240463719 0.478640765
1403636664263555584.000000 5.340649605 -0.419123113 5.464046478 -0.021742463 0.843551219 0.238999248 0.480445623
1403636664313555456.000000 5.375882149 -0.416831613 5.477016926 -0.015074941 0.843227565 0.237636253 0.481943041
1403636664363555584.000000 5.416908741 -0.419022620 5.488325596 -0.011819760 0.842252254 0.237988353 0.483562946
1403636664413555456.000000 5.451867580 -0.413746893 5.507966995 -0.008423688 0.841693342 0.236849755 0.485163569
1403636664463555584.000000 5.484175682 -0.406282783 5.525786400 -0.006037909 0.840622008 0.236446187 0.487248838
1403636664513555456.000000 5.521156311 -0.394336700 5.547306061 -0.002876973 0.840039909 0.234585568 0.489177287
1403636664563555584.000000 5.557905674 -0.381467640 5.567986488 -0.000221456 0.838734090 0.233915269 0.491740555
1403636664613555456.000000 5.590825558 -0.375220120 5.596116066 0.006658999 0.837331831 0.234912798 0.493606210
1403636664663555584.000000 5.624688148 -0.373382211 5.618762493 0.010068570 0.835940063 0.235717788 0.495519996
1403636664713555456.000000 5.646320820 -0.358729482 5.637892723 0.015176127 0.833845496 0.236097798 0.498727620
1403636664763555584.000000 5.678235054 -0.356874764 5.661993980 0.011387025 0.832752764 0.236463770 0.500477970
1403636664813555456.000000 5.712753773 -0.357097626 5.684118271 0.007260940 0.831858337 0.236455947 0.502043486
1403636664863555584.000000 5.744981766 -0.356611729 5.705498219 0.006175467 0.830588222 0.236369818 0.504196942
1403636664913555456.000000 5.778689861 -0.358799756 5.724776745 0.007323768 0.829259515 0.237363160 0.505898893
1403636664963555584.000000 5.809653759 -0.363938034 5.745463848 0.005902939 0.827379644 0.240357473 0.507579088
1403636665013555456.000000 5.841588974 -0.372068763 5.768109322 0.005410280 0.825274408 0.244732305 0.508919418
1403636665063555584.000000 5.871713161 -0.379119515 5.793352127 0.002769413 0.823453724 0.248703271 0.509963810
1403636665113555456.000000 5.902497768 -0.389589906 5.814945221 0.001487823 0.821336269 0.252921343 0.511307538
1403636665163555584.000000 5.933452606 -0.406787634 5.838662148 0.000006291 0.820125580 0.256229669 0.511605740
1403636665213555456.000000 5.967991352 -0.419364214 5.855234146 0.003541925 0.818266094 0.259505630 0.512918055
1403636665263555584.000000 5.998385429 -0.426753044 5.877474785 0.011064512 0.817964911 0.258214921 0.513941824
1403636665313555456.000000 6.030140400 -0.449396193 5.893207550 0.016859366 0.818028569 0.257737547 0.513922632
1403636665363555584.000000 6.058816433 -0.462843359 5.918868065 0.018932696 0.818546951 0.255534530 0.514125168
1403636665413555456.000000 6.089510441 -0.472593188 5.931885719 0.017924793 0.818775952 0.253979623 0.514566958
1403636665463555584.000000 6.117333412 -0.483397484 5.952484131 0.012545862 0.819621384 0.251476347 0.514609694
1403636665513555456.000000 6.144302845 -0.494313717 5.976553440 0.006075916 0.820697784 0.248968109 0.514230728
1403636665563555584.000000 6.178596973 -0.509038091 5.987504959 0.000621208 0.821521699 0.247706026 0.513559520
1403636665613555456.000000 6.209666729 -0.531796336 6.011409760 -0.004878283 0.822380066 0.248163491 0.511939585
1403636665663555584.000000 6.242736340 -0.543243647 6.024957657 -0.007163336 0.822750032 0.247647732 0.511568010
1403636665713555456.000000 6.268824577 -0.559782624 6.054634094 -0.008430494 0.824387550 0.243920207 0.510702491
1403636665763555584.000000 6.306972027 -0.584872961 6.061709881 -0.007231731 0.825110853 0.244058624 0.509485185
1403636665813555456.000000 6.334671974 -0.600272059 6.087693214 -0.004636342 0.826588929 0.241939768 0.508128524
1403636665863555584.000000 6.362321377 -0.619037986 6.114050865 0.004731544 0.827074945 0.241533101 0.507529795
1403636665913555456.000000 6.374519348 -0.619969308 6.149340630 0.011781829 0.827717304 0.238301843 0.507895112
1403636665963555584.000000 6.405555725 -0.639038563 6.170637131 0.019407315 0.826961935 0.241536483 0.507363260
1403636666013555456.000000 6.434772015 -0.654072583 6.191946507 0.024589712 0.826012313 0.245070949 0.506990373
1403636666063555584.000000 6.462908268 -0.670332432 6.215334892 0.027121646 0.825626731 0.246790975 0.506654978
1403636666113555456.000000 6.491374016 -0.683683097 6.239179134 0.025835468 0.826238811 0.245430484 0.506385148
1403636666163555584.000000 6.519939423 -0.695147812 6.261281967 0.022492455 0.827283323 0.243030056 0.505997002
1403636666213555456.000000 6.544372082 -0.698632717 6.286846161 0.021318452 0.828134000 0.239524156 0.506327808
1403636666263555584.000000 6.569403172 -0.709804475 6.308450699 0.021304443 0.828068197 0.239305407 0.506539464
1403636666313555456.000000 6.595790386 -0.719951391 6.335628510 0.023367308 0.828315079 0.239178210 0.506104648
1403636666363555584.000000 6.620368958 -0.725545168 6.359186172 0.026555153 0.827638745 0.239469036 0.506915748
1403636666413555456.000000 6.638452053 -0.729179978 6.383475780 0.029361591 0.826641262 0.240932494 0.507694542
1403636666463555584.000000 6.662600517 -0.735973358 6.407318592 0.030403106 0.825277746 0.243625224 0.508565724
1403636666513555456.000000 6.684312820 -0.746687949 6.432123184 0.030075036 0.824164033 0.245894849 0.509298444
1403636666563555584.000000 6.698627472 -0.748069406 6.448485851 0.026774781 0.823164165 0.246574134 0.510769129
1403636666613555456.000000 6.715318680 -0.760120630 6.469623566 0.022090666 0.822194576 0.248632431 0.511556566
1403636666663555584.000000 6.732967377 -0.773467720 6.488679886 0.016189029 0.821474791 0.249230668 0.512641490
1403636666713555456.000000 6.750891685 -0.781789899 6.507981300 0.010491811 0.820257723 0.251517564 0.513620675
1403636666763555584.000000 6.767908573 -0.795618296 6.525599957 0.005605497 0.818788648 0.254348218 0.514646232
1403636666813555456.000000 6.782992840 -0.807721734 6.542878628 0.003805979 0.816894174 0.257939041 0.515884578
1403636666863555584.000000 6.802025318 -0.818310976 6.556534290 0.003892721 0.813942075 0.264398217 0.517278254
1403636666913555456.000000 6.822221756 -0.835984230 6.588588238 0.007833594 0.811098039 0.273839593 0.516788721
1403636666963555584.000000 6.836429596 -0.841908813 6.609484673 0.013322380 0.807784557 0.281855464 0.517555952
1403636667013555456.000000 6.850614548 -0.827342629 6.609637260 0.018831862 0.805126309 0.284165740 0.520256519
1403636667063555584.000000 6.863323689 -0.832199693 6.626988411 0.020970557 0.805439055 0.282591105 0.520548284
1403636667113555456.000000 6.862306118 -0.817035794 6.645462036 0.023281109 0.808566391 0.272619575 0.520919442
1403636667163555584.000000 6.890848160 -0.851945281 6.648209572 0.018877050 0.811807871 0.262480706 0.521263480
1403636667213555456.000000 6.905770302 -0.869313955 6.663077354 0.016901845 0.815108418 0.253986001 0.520388126
1403636667263555584.000000 6.927515984 -0.828131557 6.664219856 0.016937111 0.817004859 0.242729589 0.522779703
1403636667313555456.000000 6.939457417 -0.854146242 6.688829422 0.011480017 0.819178760 0.236565828 0.522351503
1403636667363555584.000000 6.969525814 -0.863783240 6.711030483 0.009649260 0.820359826 0.234063879 0.521661639
1403636667413555456.000000 6.989144802 -0.850746155 6.708658218 0.009411538 0.818803608 0.233451650 0.524378181
1403636667463555584.000000 6.998116016 -0.848120928 6.725478172 0.007724417 0.817866147 0.236191541 0.524641633
1403636667513555456.000000 7.026282787 -0.869649172 6.762130260 0.001451195 0.818981707 0.240772679 0.520860374
1403636667563555584.000000 7.037373066 -0.866598010 6.777822495 0.001420456 0.816501737 0.247504562 0.521597981
1403636667613555456.000000 7.056189060 -0.867314577 6.799080372 0.002417909 0.814479053 0.254143864 0.521563888
1403636667663555584.000000 7.072252750 -0.869031668 6.814233780 0.003970928 0.812292755 0.259664595 0.522244155
1403636667713555456.000000 7.091005325 -0.871847987 6.829732895 0.006643646 0.811051309 0.262818098 0.522568941
1403636667763555584.000000 7.110085487 -0.883291483 6.850246429 0.008319731 0.811256528 0.263795257 0.521733403
1403636667813555456.000000 7.125743866 -0.882674813 6.852772236 0.010776022 0.810829043 0.263349235 0.522577703
1403636667863555584.000000 7.152461529 -0.899235725 6.870670319 0.010696292 0.811270654 0.263855428 0.521637678
1403636667913555456.000000 7.165087700 -0.897229433 6.879351139 0.012893547 0.811124682 0.263521135 0.521983922
1403636667963555584.000000 7.185774326 -0.908424258 6.885043144 0.011634240 0.810672104 0.264992952 0.521971464
1403636668013555456.000000 7.208237648 -0.914986491 6.900107861 0.011774777 0.811398327 0.264395118 0.521142364
1403636668063555584.000000 7.231353760 -0.917994022 6.915304184 0.009018634 0.812820613 0.262588173 0.519892991
1403636668113555456.000000 7.247869968 -0.918163657 6.926211357 0.007070941 0.813981593 0.261152446 0.518828928
1403636668163555584.000000 7.256752014 -0.901820064 6.923012257 0.005320383 0.814164877 0.258715242 0.519782305
1403636668213555456.000000 7.276096344 -0.898353338 6.944775105 0.002581322 0.815627158 0.259038717 0.517343938
1403636668263555584.000000 7.301683903 -0.892309666 6.957459450 -0.000874458 0.816388428 0.258859962 0.516237080
1403636668313555456.000000 7.338157177 -0.907626629 6.976297855 -0.005179934 0.817979038 0.259752154 0.513237178
1403636668363555584.000000 7.351559639 -0.893495798 6.987731934 -0.004763110 0.818492591 0.259094954 0.512754381
1403636668413555456.000000 7.365745544 -0.880092859 6.993301392 -0.004157137 0.819066226 0.257450223 0.512672186
1403636668463555584.000000 7.383326054 -0.869516134 7.005267143 -0.002721895 0.820319414 0.255523145 0.511641085
1403636668513555456.000000 7.415537834 -0.860835552 7.017221928 -0.003185363 0.821161091 0.254922688 0.510586679
1403636668563555584.000000 7.433498859 -0.859645605 7.020579338 -0.003160374 0.821009278 0.255587041 0.510498941
1403636668613555456.000000 7.461136341 -0.845047951 7.050291538 -0.003508218 0.822687089 0.254213244 0.508477569
1403636668663555584.000000 7.493939877 -0.839560986 7.056935310 -0.005025940 0.822722375 0.254818797 0.508104384
1403636668713555456.000000 7.507448196 -0.820753813 7.057110310 -0.006375207 0.823068917 0.252310693 0.508779228
1403636668763555584.000000 7.534898758 -0.826306462 7.083939075 -0.010917524 0.825653255 0.248385072 0.506440938
1403636668813555456.000000 7.559042454 -0.812064528 7.093210220 -0.012436078 0.827304304 0.243776917 0.505950511
1403636668863555584.000000 7.587303162 -0.796851158 7.103591919 -0.016046889 0.828421235 0.237734094 0.506895840
1403636668913555456.000000 7.613451004 -0.801336288 7.141777039 -0.019201102 0.832534313 0.231139913 0.503082871
1403636668963555584.000000 7.638453960 -0.803270698 7.160994053 -0.015726369 0.833101630 0.229492337 0.503018618
1403636669013555456.000000 7.665627480 -0.809913039 7.177286148 -0.009886273 0.832746029 0.230332360 0.503372073
1403636669063555584.000000 7.700656414 -0.817032695 7.199303150 -0.004156027 0.832958817 0.231074288 0.502759516
1403636669113555456.000000 7.726896763 -0.824798107 7.216833115 0.001552369 0.832570791 0.231910974 0.503031671
1403636669163555584.000000 7.754780293 -0.836341023 7.238251686 0.004312068 0.832594812 0.232997149 0.502473593
1403636669213555456.000000 7.779741287 -0.840306640 7.259870052 0.007010303 0.832764149 0.232525870 0.502380788
1403636669263555584.000000 7.800258636 -0.844189882 7.276939869 0.008390197 0.832569182 0.232248262 0.502811074
1403636669313555456.000000 7.829243183 -0.847789764 7.304438591 0.007708138 0.833050907 0.231780902 0.502239525
1403636669363555584.000000 7.852046013 -0.856584430 7.329099655 0.007337197 0.832681537 0.233100861 0.502246618
1403636669413555456.000000 7.881392956 -0.852838397 7.358583927 0.008967298 0.833200097 0.231655702 0.502028763
1403636669463555584.000000 7.907297611 -0.862408042 7.379785538 0.010490471 0.833372653 0.230396137 0.502292514
1403636669513555456.000000 7.927899361 -0.863364577 7.420569420 0.012523124 0.834605515 0.227373496 0.501575768
1403636669563555584.000000 7.950278282 -0.858610570 7.447678566 0.014839409 0.835363328 0.223846197 0.501837492
1403636669613555456.000000 7.976970673 -0.856349885 7.475197792 0.017181322 0.836656511 0.218451291 0.501985729
1403636669663555584.000000 7.999086380 -0.859983683 7.505960941 0.019897124 0.837512612 0.213837996 0.502444148
1403636669713555456.000000 8.016321182 -0.868388891 7.541724205 0.022796439 0.838615000 0.209093869 0.502478838
1403636669763555584.000000 8.036041260 -0.872555673 7.574302673 0.025496053 0.838759482 0.207263783 0.502865970
1403636669813555456.000000 8.053470612 -0.882650793 7.611602783 0.033561919 0.836926341 0.211330771 0.503753185
1403636669863555584.000000 8.067479134 -0.895509183 7.643115997 0.045817740 0.833428144 0.219062850 0.505281866
1403636669913555456.000000 8.084329605 -0.912240624 7.675698757 0.055689413 0.828970373 0.231320083 0.506159961
1403636669963555584.000000 8.093841553 -0.920967817 7.713806152 0.063333005 0.825635254 0.240202889 0.506574810
1403636670013555456.000000 8.102746964 -0.934868932 7.753722668 0.065643288 0.823509574 0.246804491 0.506567478
1403636670063555584.000000 8.102140427 -0.949405909 7.781050682 0.068383031 0.821052372 0.252339035 0.507466137
1403636670113555456.000000 8.103954315 -0.961577356 7.805449009 0.070973493 0.818470299 0.256895572 0.508992970
1403636670163555584.000000 8.109964371 -0.982737958 7.828788280 0.074634895 0.816561341 0.257832319 0.511057436
1403636670213555456.000000 8.107885361 -0.995138645 7.860564709 0.084364370 0.814475179 0.256762236 0.513406336
1403636670263555584.000000 8.099810600 -1.004133821 7.882763386 0.094402999 0.812229812 0.255324364 0.515926659
1403636670313555456.000000 8.094467163 -1.020060897 7.902335644 0.101793163 0.809675336 0.255150139 0.518616021
1403636670363555584.000000 8.084351540 -1.023298979 7.913858414 0.107048810 0.806150079 0.256708890 0.522267342
1403636670413555456.000000 8.075873375 -1.025962591 7.933763027 0.108922765 0.802707911 0.258167684 0.526445925
1403636670463555584.000000 8.059654236 -1.036747098 7.948550701 0.110525645 0.797648191 0.261243343 0.532253146
1403636670513555456.000000 8.034857750 -1.042901516 7.959311962 0.112419643 0.792222977 0.263124228 0.538990080
1403636670563555584.000000 8.008745193 -1.036990881 7.963360310 0.114406899 0.786358297 0.262970060 0.547173202
1403636670613555456.000000 7.979562759 -1.040788293 7.967185497 0.113762274 0.780257225 0.262621909 0.556135476
1403636670663555584.000000 7.957702637 -1.056060553 7.966793537 0.111222349 0.774163902 0.262249529 0.565265417
1403636670713555456.000000 7.922594547 -1.052296877 7.955682278 0.111370228 0.767675519 0.259832799 0.575115561
1403636670763555584.000000 7.877044201 -1.053805232 7.937268257 0.111985415 0.760009766 0.257435709 0.586149633
1403636670813555456.000000 7.836229324 -1.059605002 7.924980640 0.114062108 0.752100289 0.256210983 0.596398175
1403636670863555584.000000 7.790384769 -1.078723073 7.912524223 0.116704442 0.743255734 0.256374538 0.606813967
1403636670913555456.000000 7.742667198 -1.074801445 7.883990288 0.121974006 0.732856810 0.255313486 0.618755400
1403636670963555584.000000 7.692448616 -1.083634138 7.873810291 0.127233267 0.722734392 0.252935439 0.630468488
1403636671013555456.000000 7.636524200 -1.080190897 7.831962109 0.131704673 0.711077273 0.249265283 0.644119501
1403636671063555584.000000 7.584101677 -1.081228018 7.799603939 0.131826758 0.700909495 0.243886560 0.657165945
1403636671113555456.000000 7.517064095 -1.077266216 7.745550632 0.128179818 0.690313756 0.237299621 0.671361089
1403636671163555584.000000 7.449545383 -1.083431840 7.700339794 0.122267827 0.680959284 0.231905445 0.683787167
1403636671213555456.000000 7.388636112 -1.082706928 7.632539272 0.114811994 0.671025932 0.228351235 0.695987225
1403636671263555584.000000 7.319681168 -1.084754348 7.575105190 0.104361668 0.663555801 0.224238038 0.706059217
1403636671313555456.000000 7.256745815 -1.072222352 7.500211716 0.088911548 0.657380581 0.219632015 0.715337217
1403636671363555584.000000 7.192436218 -1.077939272 7.416512489 0.068081215 0.652110338 0.214390084 0.723984778
1403636671413555456.000000 7.130849838 -1.081221938 7.363515377 0.046652097 0.649082303 0.207097545 0.730497479
1403636671463555584.000000 7.068568707 -1.086346626 7.292030811 0.027629981 0.642773926 0.203406692 0.738040686
1403636671513555456.000000 6.995580673 -1.071702838 7.237980366 0.012470750 0.636815488 0.199872464 0.744554639
1403636671563555584.000000 6.925118923 -1.052860022 7.159487724 0.002272837 0.629018128 0.200720280 0.751027584
1403636671613555456.000000 6.863771439 -1.056645155 7.095083714 -0.009685754 0.622842848 0.203244507 0.755423605
1403636671663555584.000000 6.794508934 -1.039449453 7.022319794 -0.016937349 0.616671741 0.205885008 0.759631872
1403636671713555456.000000 6.735563278 -1.046681881 6.947940350 -0.023221079 0.611545444 0.210803837 0.762256444
1403636671763555584.000000 6.682934761 -1.042236567 6.879921436 -0.029655313 0.608024776 0.213090628 0.764211357
1403636671813555456.000000 6.635955334 -1.021325111 6.833137035 -0.034436345 0.606984437 0.214569911 0.764423847
1403636671863555584.000000 6.588583469 -0.962300539 6.779615402 -0.038508486 0.605689704 0.213001892 0.765693963
1403636671913555456.000000 6.540808678 -0.951337099 6.719254494 -0.044907033 0.604364693 0.216737762 0.765343964
1403636671963555584.000000 6.499087334 -0.941026688 6.655617714 -0.052543689 0.603633583 0.219414979 0.764671743
1403636672013555456.000000 6.460427284 -0.935870647 6.594501972 -0.061252065 0.603523076 0.221358180 0.763550103
1403636672063555584.000000 6.424556732 -0.931825638 6.528468609 -0.067774691 0.604825079 0.218686461 0.762738168
1403636672113555456.000000 6.396978855 -0.927779198 6.471749783 -0.073381655 0.607667804 0.211719111 0.761925280
1403636672163555584.000000 6.370173454 -0.930214643 6.411729813 -0.076448530 0.610407054 0.206187218 0.760950565
1403636672213555456.000000 6.351678848 -0.933721066 6.364925385 -0.078908689 0.613100886 0.202308372 0.759573638
1403636672263555584.000000 6.330851555 -0.944031477 6.304581165 -0.080080807 0.614777327 0.199708581 0.758783460
1403636672313555456.000000 6.315382481 -0.958026409 6.249948025 -0.081379369 0.616845727 0.195260376 0.758124113
1403636672363555584.000000 6.299976826 -0.958142996 6.209597588 -0.081183620 0.620463550 0.186767146 0.757332325
1403636672413555456.000000 6.277238846 -0.976733208 6.163209915 -0.080737427 0.623838782 0.177546456 0.756824970
1403636672463555584.000000 6.257297993 -0.975791693 6.134185314 -0.074519813 0.628034115 0.166246504 0.756559372
1403636672513555456.000000 6.275332451 -0.994723678 6.084814072 -0.061080616 0.629188240 0.161835968 0.757760227
1403636672563555584.000000 6.251029968 -0.976768613 6.081746578 -0.043454703 0.632842958 0.154980794 0.757365525
1403636672613555456.000000 6.247292042 -0.975659013 6.042404175 -0.027347824 0.632598937 0.153915420 0.758538604
1403636672663555584.000000 6.226273537 -0.982642651 6.028756142 -0.015097319 0.633557558 0.154012233 0.758061409
1403636672713555456.000000 6.252611637 -0.978478312 5.986995220 -0.008997540 0.630551159 0.159749225 0.759476423
1403636672763555584.000000 6.219614506 -0.961422563 5.992344379 -0.007910665 0.630113542 0.166270331 0.758451402
1403636672813555456.000000 6.226504803 -0.940871954 5.969567776 -0.009517025 0.625659645 0.173668876 0.760459483
1403636672863555584.000000 6.220125198 -0.915673733 5.962084770 -0.010832914 0.622424066 0.175252929 0.762730122
1403636672913555456.000000 6.215109348 -0.899965882 5.948371410 -0.011566785 0.617627263 0.174520582 0.766775906
1403636672963555584.000000 6.207072258 -0.869597554 5.947113514 -0.012380259 0.612607837 0.171732724 0.771405399
1403636673013555456.000000 6.211670876 -0.853590608 5.925089836 -0.013763090 0.605309367 0.169695824 0.777569592
1403636673063555584.000000 6.207564354 -0.855543256 5.912773609 -0.017394576 0.598888993 0.166779488 0.783079863
1403636673113555456.000000 6.214197159 -0.855188370 5.908543587 -0.019995300 0.591861844 0.166438103 0.788414955
1403636673163555584.000000 6.211957455 -0.848539948 5.903072834 -0.025568780 0.585129797 0.168140098 0.792904913
1403636673213555456.000000 6.205963135 -0.844438553 5.896705151 -0.032935351 0.578721464 0.171231002 0.796666026
1403636673263555584.000000 6.209865570 -0.842684627 5.890145302 -0.041081730 0.572679520 0.173756599 0.800099492
1403636673313555456.000000 6.206111908 -0.842113495 5.887039185 -0.046502303 0.567925274 0.176944599 0.802489340
1403636673363555584.000000 6.209687233 -0.842952371 5.885486603 -0.050653171 0.564252317 0.178176939 0.804553688
1403636673413555456.000000 6.219955444 -0.845093369 5.884111404 -0.051408753 0.561415255 0.178112641 0.806502283
1403636673463555584.000000 6.229546547 -0.850346088 5.880527020 -0.050789140 0.559265316 0.177273914 0.808218300
1403636673513555456.000000 6.237803459 -0.853417397 5.883240700 -0.049967512 0.558179796 0.175539151 0.809397697
1403636673563555584.000000 6.252802849 -0.855133653 5.886008739 -0.047084574 0.557196021 0.172822461 0.810831666
1403636673613555456.000000 6.263716698 -0.856342435 5.891978264 -0.041279975 0.557816863 0.167505249 0.811836362
1403636673663555584.000000 6.274230003 -0.856480122 5.903042316 -0.035059262 0.558722794 0.161621988 0.812698066
1403636673713555456.000000 6.293029785 -0.863021135 5.908507347 -0.028582158 0.558880568 0.157532007 0.813645720
1403636673763555584.000000 6.309582710 -0.862365723 5.918991089 -0.021553680 0.560111403 0.150826693 0.814286172
1403636673813555456.000000 6.330769539 -0.869790077 5.933181286 -0.015773758 0.560213089 0.147824690 0.814898968
1403636673863555584.000000 6.347475052 -0.875168324 5.945719242 -0.013171055 0.560630441 0.144834176 0.815195143
1403636673913555456.000000 6.364852428 -0.878618598 5.960342407 -0.014940550 0.560594082 0.143404812 0.815442324
1403636673963555584.000000 6.379675865 -0.887013674 5.977567196 -0.015289152 0.560718119 0.143250570 0.815377712
1403636674013555456.000000 6.390016556 -0.893284321 5.994149208 -0.015528146 0.560356319 0.144604176 0.815382957
1403636674063555584.000000 6.411220551 -0.901275396 6.007116318 -0.015625564 0.559746146 0.145814538 0.815584660
1403636674113555456.000000 6.428505421 -0.906040192 6.030023098 -0.014729812 0.559245944 0.147234544 0.815689325
1403636674163555584.000000 6.438578606 -0.906524539 6.053676128 -0.012679468 0.559703946 0.147182465 0.815419018
1403636674213555456.000000 6.458040237 -0.908504248 6.069589615 -0.009566590 0.559213042 0.147650942 0.815713465
1403636674263555584.000000 6.474272728 -0.913123131 6.095321655 -0.005128665 0.558928311 0.149571881 0.815598667
1403636674313555456.000000 6.482803345 -0.913635135 6.127553940 0.000442379 0.558034599 0.153805539 0.815439165
1403636674363555584.000000 6.504528046 -0.916823268 6.149367809 0.004472959 0.555013001 0.159636810 0.816368043
1403636674413555456.000000 6.502219677 -0.906068206 6.194675446 0.010414542 0.552087963 0.163255885 0.817580640
1403636674463555584.000000 6.525896072 -0.910257936 6.209808826 0.014239396 0.546028376 0.166774750 0.820875406
1403636674513555456.000000 6.536451817 -0.901088834 6.243811607 0.018492267 0.540624142 0.167376652 0.824238241
1403636674563555584.000000 6.543007374 -0.901062369 6.275337696 0.019545341 0.535899580 0.166759700 0.827418268
1403636674613555456.000000 6.563797951 -0.891881704 6.300792694 0.020346478 0.531210959 0.165027425 0.830762863
1403636674663555584.000000 6.566738129 -0.880808115 6.335979939 0.020795826 0.528208733 0.161073446 0.833437741
1403636674713555456.000000 6.595091343 -0.876761198 6.350228310 0.019345960 0.522942781 0.162277564 0.836554050
1403636674763555584.000000 6.612684250 -0.853135943 6.373241425 0.016101975 0.518172383 0.164447859 0.839163303
1403636674813555456.000000 6.618232727 -0.839462399 6.411468983 0.009409159 0.514749706 0.168215692 0.840623438
1403636674863555584.000000 6.620869160 -0.823351979 6.447096348 0.002722020 0.511945426 0.171809524 0.841656685
1403636674913555456.000000 6.645111561 -0.819321275 6.462462425 -0.003928130 0.507919192 0.176333979 0.843154192
1403636674963555584.000000 6.665469646 -0.803146124 6.484897614 -0.009989143 0.505467355 0.178859636 0.844045222
1403636675013555456.000000 6.694147110 -0.792755723 6.498163700 -0.014558943 0.502705574 0.182370707 0.844876409
1403636675063555584.000000 6.724168777 -0.792594552 6.510271072 -0.020310702 0.500453174 0.184344053 0.845666349
1403636675113555456.000000 6.744690895 -0.790752649 6.525764465 -0.024512492 0.500919938 0.182206139 0.845741868
1403636675163555584.000000 6.767276764 -0.787903547 6.556253433 -0.031619608 0.503183603 0.176734716 0.845323265
1403636675213555456.000000 6.793359756 -0.791953921 6.566835880 -0.036138516 0.505108178 0.169240192 0.845527947
1403636675263555584.000000 6.823183060 -0.786357880 6.591081142 -0.039200708 0.507712424 0.162045687 0.845241189
1403636675313555456.000000 6.874861717 -0.788650751 6.590968609 -0.040777054 0.507524669 0.157906681 0.846062362
1403636675363555584.000000 6.887656212 -0.809093356 6.625254631 -0.038994491 0.510959566 0.150042117 0.845510006
1403636675413555456.000000 6.918683052 -0.831777930 6.659393787 -0.033561975 0.512402356 0.142727867 0.846136093
1403636675463555584.000000 6.961741447 -0.838050485 6.666153908 -0.027178966 0.509240389 0.136624783 0.849275708
1403636675513555456.000000 6.974711895 -0.851828337 6.705473423 -0.022549484 0.508570194 0.128796473 0.851034343
1403636675563555584.000000 7.023339748 -0.863706589 6.732485294 -0.019206937 0.505436599 0.121633574 0.854031801
1403636675613555456.000000 7.066666126 -0.865218878 6.750253677 -0.015322379 0.501334965 0.114720263 0.857477546
1403636675663555584.000000 7.102704525 -0.873655081 6.772044182 -0.012500900 0.496383429 0.109931245 0.861024022
1403636675713555456.000000 7.130309105 -0.883004069 6.803098679 -0.008519142 0.491144806 0.106282264 0.864527762
1403636675763555584.000000 7.162699699 -0.888556242 6.836061954 -0.002389542 0.484081626 0.104070686 0.868808746
1403636675813555456.000000 7.192411900 -0.894796491 6.867264748 0.006204118 0.474148333 0.108212918 0.873747647
1403636675863555584.000000 7.211196899 -0.906873584 6.904927731 0.014643233 0.463621259 0.113777809 0.878575861
1403636675913555456.000000 7.231866360 -0.906610370 6.956552029 0.020493528 0.452212065 0.121273488 0.883389533
1403636675963555584.000000 7.260859966 -0.913544655 6.981035233 0.023034785 0.438506126 0.128806815 0.889151633
1403636676013555456.000000 7.282216072 -0.909489036 7.025093079 0.022956213 0.427127331 0.132517055 0.894133449
1403636676063555584.000000 7.300673008 -0.914836764 7.068343639 0.019782608 0.417228490 0.131509766 0.899018526
1403636676113555456.000000 7.332019329 -0.908203840 7.094978333 0.014809349 0.406910628 0.127547637 0.904398203
1403636676163555584.000000 7.360098362 -0.897103012 7.126931667 0.009040244 0.398115605 0.117747143 0.909702122
1403636676213555456.000000 7.377553940 -0.895625055 7.167392731 0.002567117 0.390657812 0.107160695 0.914273739
1403636676263555584.000000 7.400454044 -0.881165564 7.210400581 -0.004585380 0.383029848 0.093664542 0.918963611
1403636676313555456.000000 7.421932220 -0.876755118 7.244538307 -0.011740785 0.372987598 0.084660947 0.923891187
1403636676363555584.000000 7.452739716 -0.883526206 7.272242069 -0.016954975 0.362620711 0.072409108 0.928964853
1403636676413555456.000000 7.464304447 -0.873157382 7.316668510 -0.020307725 0.353567272 0.062470663 0.933099806
1403636676463555584.000000 7.490272999 -0.873299599 7.345211983 -0.022525685 0.341059357 0.057509158 0.938010573
1403636676513555456.000000 7.506694317 -0.870259881 7.380592346 -0.022799956 0.328761965 0.055928007 0.942479610
1403636676563555584.000000 7.520685673 -0.875191629 7.423574448 -0.019842898 0.316500694 0.057580665 0.946635187
1403636676613555456.000000 7.536969662 -0.885408640 7.460426331 -0.017491126 0.305062443 0.059570208 0.950306535
1403636676663555584.000000 7.551507473 -0.896422982 7.498370171 -0.014214260 0.295557678 0.061476991 0.953238845
1403636676713555456.000000 7.568716526 -0.908173919 7.534326553 -0.010781863 0.287324250 0.064551882 0.955594957
1403636676763555584.000000 7.577264786 -0.919126630 7.577950478 -0.006764873 0.281529397 0.066885062 0.957194746
1403636676813555456.000000 7.587971687 -0.937724710 7.614426613 -0.005068982 0.275692135 0.069835335 0.958692491
1403636676863555584.000000 7.607279778 -0.957528234 7.652109146 -0.003902617 0.268890828 0.074272834 0.960294843
1403636676913555456.000000 7.619374752 -0.969276965 7.694869041 -0.001606175 0.264953136 0.075195163 0.961323559
1403636676963555584.000000 7.638572693 -0.980804086 7.728827477 -0.000203025 0.261194468 0.075986601 0.962290704
1403636677013555456.000000 7.655128956 -0.996481299 7.759582520 -0.000304439 0.259741813 0.074631006 0.962789893
1403636677063555584.000000 7.670750141 -1.001283407 7.807152271 -0.001073529 0.260821402 0.069127426 0.962908387
1403636677113555456.000000 7.688016415 -0.998245597 7.846421242 -0.001455621 0.261855990 0.063836701 0.962992370
1403636677163555584.000000 7.701292038 -0.998873115 7.887041092 -0.003314662 0.263737947 0.058861800 0.962791085
1403636677213555456.000000 7.721540451 -1.008418083 7.926649094 -0.003461701 0.264826030 0.055226173 0.962707281
1403636677263555584.000000 7.738059998 -1.008491993 7.968179703 -0.000963408 0.265139550 0.051424317 0.962837338
1403636677313555456.000000 7.752842426 -0.998809814 8.008285522 0.003403797 0.263313800 0.048008822 0.963508964
1403636677363555584.000000 7.762351513 -0.999012709 8.053426743 0.009208072 0.260741383 0.043695480 0.964375436
1403636677413555456.000000 7.776656151 -1.009714603 8.093264580 0.014621223 0.256063551 0.039420445 0.965745211
1403636677463555584.000000 7.781621933 -1.014793634 8.127103806 0.021405971 0.250629097 0.035935231 0.967179120
1403636677513555456.000000 7.793398857 -1.020273209 8.157631874 0.027345225 0.242593393 0.035059247 0.969108641
1403636677563555584.000000 7.800895691 -1.028923512 8.189947128 0.030988347 0.233927220 0.033621762 0.971178353
1403636677613555456.000000 7.808037758 -1.037720680 8.225877762 0.033450019 0.223978564 0.034863774 0.973395765
1403636677663555584.000000 7.801446915 -1.046271563 8.254945755 0.033057563 0.214214116 0.034918703 0.975602508
1403636677713555456.000000 7.798776150 -1.057544351 8.287054062 0.032722566 0.202656806 0.036736220 0.978013277
1403636677763555584.000000 7.804472923 -1.070221663 8.310859680 0.029673140 0.190100268 0.037962802 0.980581641
1403636677813555456.000000 7.804054260 -1.080832124 8.334985733 0.024791067 0.175999627 0.041693177 0.983194411
1403636677863555584.000000 7.800818920 -1.091886640 8.360516548 0.019575607 0.160939023 0.046380594 0.985679567
1403636677913555456.000000 7.802228451 -1.104096532 8.385210991 0.013847127 0.145695686 0.049189366 0.988008916
1403636677963555584.000000 7.801342487 -1.113417268 8.407749176 0.010049408 0.131214574 0.049867183 0.990047991
1403636678013555456.000000 7.802515984 -1.126244783 8.424177170 0.005376569 0.117675349 0.047634892 0.991894424
1403636678063555584.000000 7.805069447 -1.136813164 8.444965363 0.004067930 0.105932258 0.042788137 0.993444026
1403636678113555456.000000 7.810360432 -1.148460031 8.465483665 0.002973543 0.096997261 0.034671105 0.994676113
1403636678163555584.000000 7.817656517 -1.155557752 8.482896805 0.002752045 0.089277983 0.026759727 0.995643437
1403636678213555456.000000 7.827619076 -1.160726309 8.503091812 0.001595177 0.083111420 0.018007290 0.996376276
1403636678263555584.000000 7.833784580 -1.162958384 8.520766258 0.001586810 0.076850206 0.011082182 0.996979833
1403636678313555456.000000 7.843456268 -1.170119643 8.536254883 0.001478266 0.068973191 0.005755381 0.997600853
1403636678363555584.000000 7.843254566 -1.173221350 8.556322098 0.002489689 0.060885731 0.003675911 0.998134971
1403636678413555456.000000 7.851019382 -1.177963972 8.574872017 0.001361572 0.051852502 0.001488610 0.998652756
1403636678463555584.000000 7.858074665 -1.184915662 8.590041161 0.000895298 0.042601679 -0.001508958 0.999090672
1403636678513555456.000000 7.860214233 -1.194653511 8.605362892 -0.000364130 0.033633262 -0.005003184 0.999421716
1403636678563555584.000000 7.867650032 -1.209831238 8.629235268 -0.000596022 0.023803772 -0.007673409 0.999687016
1403636678613555456.000000 7.875934601 -1.224257946 8.640243530 -0.000425386 0.012217955 -0.011181135 0.999862790
1403636678663555584.000000 7.880753517 -1.236492276 8.658944130 -0.000102189 0.001394559 -0.018302320 0.999831557
1403636678713555456.000000 7.888120174 -1.250942111 8.671953201 -0.000295333 -0.009360815 -0.028030233 0.999563217
1403636678763555584.000000 7.892728806 -1.259258866 8.686864853 -0.000306379 -0.020289846 -0.039860483 0.998999238
1403636678813555456.000000 7.900155067 -1.266047120 8.701002121 -0.000472596 -0.031132109 -0.052253958 0.998148382
1403636678863555584.000000 7.906915665 -1.274407983 8.715783119 -0.001770965 -0.041130710 -0.063540109 0.997129798
1403636678913555456.000000 7.906418324 -1.278273344 8.733790398 -0.001882747 -0.049535621 -0.074830383 0.995963395
1403636678963555584.000000 7.907435417 -1.283118606 8.749567986 -0.002980601 -0.059460808 -0.082021736 0.994850755
1403636679013555456.000000 7.906663418 -1.288412094 8.764274597 -0.002147476 -0.070081994 -0.085693143 0.993851423
1403636679063555584.000000 7.906814575 -1.290179491 8.777323723 -0.000762376 -0.082289487 -0.086490691 0.992848098
1403636679113555456.000000 7.900107861 -1.292660713 8.790339470 0.001272779 -0.094368972 -0.087033503 0.991724849
1403636679163555584.000000 7.889027119 -1.292456388 8.805618286 0.003488894 -0.107630514 -0.083940580 0.990634978
1403636679213555456.000000 7.879520893 -1.291764855 8.817740440 0.007219065 -0.122880735 -0.078544281 0.989282131
1403636679263555584.000000 7.872869968 -1.289636016 8.824522018 0.010428697 -0.138562441 -0.074126869 0.987520635
1403636679313555456.000000 7.857778072 -1.290030241 8.839597702 0.011746397 -0.153035834 -0.070880145 0.985605478
1403636679363555584.000000 7.849240780 -1.288264155 8.850749016 0.013867623 -0.168285623 -0.070561528 0.983111739
1403636679413555456.000000 7.844025612 -1.290970206 8.855322838 0.013566320 -0.182640970 -0.071399257 0.980489850
1403636679463555584.000000 7.831718445 -1.291597247 8.866847038 0.014059712 -0.195944086 -0.072047725 0.977863669
1403636679513555456.000000 7.825348854 -1.301194429 8.865849495 0.012177736 -0.208534479 -0.076195590 0.974966347
1403636679563555584.000000 7.817379951 -1.307535648 8.869317055 0.010551510 -0.219004720 -0.080455780 0.972343862
1403636679613555456.000000 7.805736542 -1.311579943 8.878329277 0.009159756 -0.227701366 -0.081984267 0.970230281
1403636679663555584.000000 7.798400879 -1.319698215 8.880535126 0.006228209 -0.234984890 -0.083980680 0.968344271
1403636679713555456.000000 7.792936802 -1.329835653 8.883644104 0.004389242 -0.240971521 -0.086640038 0.966647327
1403636679763555584.000000 7.787934780 -1.342797279 8.884166718 0.004305849 -0.244988933 -0.090199158 0.965311408
1403636679813555456.000000 7.783411980 -1.355444074 8.885831833 0.008127561 -0.248742521 -0.092258655 0.964131474
1403636679863555584.000000 7.776037693 -1.373190641 8.886010170 0.012069865 -0.250503540 -0.094050817 0.963460863
1403636679913555456.000000 7.771667480 -1.391063809 8.883566856 0.018082853 -0.251251847 -0.098144375 0.962763369
1403636679963555584.000000 7.768126011 -1.408606529 8.881493568 0.019922527 -0.251154363 -0.101441219 0.962410688
1403636680013555456.000000 7.764526367 -1.426851869 8.878519058 0.022683535 -0.249063566 -0.108295716 0.962145984
1403636680063555584.000000 7.760517597 -1.445764184 8.872747421 0.024701310 -0.246434286 -0.115565009 0.961927652
1403636680113555456.000000 7.755285740 -1.464552760 8.864272118 0.027950378 -0.243053079 -0.124295302 0.961610496
1403636680163555584.000000 7.747837543 -1.483184457 8.856748581 0.028657457 -0.240979001 -0.128353700 0.961578548
1403636680213555456.000000 7.740716457 -1.497187734 8.846931458 0.029218035 -0.240720153 -0.127432540 0.961749017
1403636680263555584.000000 7.731848240 -1.509717226 8.830611229 0.032224603 -0.240051463 -0.126218110 0.961980164
1403636680313555456.000000 7.726917267 -1.514988899 8.820957184 0.034160350 -0.238130063 -0.128557757 0.962081134
1403636680363555584.000000 7.714532375 -1.526504636 8.804184914 0.032675285 -0.234282732 -0.135146350 0.962174416
1403636680413555456.000000 7.703940392 -1.537771940 8.791797638 0.029328315 -0.231517732 -0.139883041 0.962274492
1403636680463555584.000000 7.687124252 -1.540502906 8.773515701 0.026889715 -0.228461966 -0.142968759 0.962622523
1403636680513555456.000000 7.673006535 -1.542453647 8.755180359 0.024693821 -0.226210773 -0.145467848 0.962838590
1403636680563555584.000000 7.657738209 -1.546914935 8.731395721 0.021968182 -0.225285992 -0.143993184 0.963342965
1403636680613555456.000000 7.635610104 -1.545831561 8.709302902 0.021029850 -0.225066930 -0.140565068 0.963921189
1403636680663555584.000000 7.614933014 -1.539651275 8.689815521 0.020502441 -0.224650070 -0.138271987 0.964361429
1403636680713555456.000000 7.592424393 -1.533384442 8.664403915 0.018247830 -0.225003019 -0.134323835 0.964882255
1403636680763555584.000000 7.565585136 -1.528335810 8.639608383 0.014093988 -0.226721898 -0.125431031 0.965746164
1403636680813555456.000000 7.541417122 -1.520296812 8.612842560 0.010951603 -0.228961959 -0.116306223 0.966400206
1403636680863555584.000000 7.514573097 -1.516422153 8.589262009 0.006060453 -0.232282788 -0.104636036 0.966984630
1403636680913555456.000000 7.482420921 -1.508429646 8.562204361 -0.000771316 -0.234454900 -0.094239317 0.967548132
1403636680963555584.000000 7.456336021 -1.500479817 8.539667130 -0.010448229 -0.235952348 -0.088863321 0.967636645
1403636681013555456.000000 7.430676460 -1.486386895 8.517722130 -0.018719889 -0.235931516 -0.088424504 0.967557251
1403636681063555584.000000 7.401473999 -1.470790386 8.499746323 -0.027273515 -0.235272035 -0.089574695 0.967408776
1403636681113555456.000000 7.379538536 -1.459532499 8.474026680 -0.033365149 -0.234544262 -0.091769643 0.967188776
1403636681163555584.000000 7.341115952 -1.444653273 8.454432487 -0.032928448 -0.232591882 -0.094135806 0.967447817
1403636681213555456.000000 7.314854622 -1.428040981 8.435268402 -0.025977898 -0.231989399 -0.098592795 0.967360139
1403636681263555584.000000 7.290105820 -1.423281074 8.411717415 -0.017116664 -0.231554762 -0.102305219 0.967276156
1403636681313555456.000000 7.255078793 -1.413945079 8.400781631 -0.009585915 -0.231702358 -0.103610970 0.967205763
1403636681363555584.000000 7.235384941 -1.408915281 8.375855446 -0.002855900 -0.232593596 -0.102487087 0.967154860
1403636681413555456.000000 7.211145401 -1.399002075 8.356678963 0.002566416 -0.234310448 -0.100349963 0.966965377
1403636681463555584.000000 7.179976940 -1.397107482 8.337143898 0.005458598 -0.235753864 -0.098674484 0.966774881
1403636681513555456.000000 7.168394089 -1.384512663 8.343216896 0.008015523 -0.237237558 -0.096165873 0.966646969
1403636681563555584.000000 7.139774799 -1.380959034 8.321831703 0.008340202 -0.238365591 -0.096426979 0.966340601
1403636681613555456.000000 7.111070633 -1.376366735 8.301133156 0.008570083 -0.238290057 -0.099244379 0.966071963
1403636681663555584.000000 7.081705093 -1.374190211 8.277300835 0.008663804 -0.238580912 -0.100654885 0.965853393
1403636681713555456.000000 7.052671432 -1.369851112 8.255673409 0.008883840 -0.238982722 -0.102443695 0.965563953
1403636681763555584.000000 7.024705410 -1.360695362 8.231956482 0.009899522 -0.239550516 -0.103544295 0.965295970
1403636681813555456.000000 6.996544361 -1.349312782 8.212396622 0.010663104 -0.240397409 -0.104035884 0.965024352
1403636681863555584.000000 6.965412140 -1.343325973 8.190639496 0.010972346 -0.241318747 -0.104032889 0.964791238
1403636681913555456.000000 6.936763763 -1.336444378 8.169972420 0.011740487 -0.242468983 -0.103357747 0.964566290
1403636681963555584.000000 6.906028748 -1.330030680 8.145508766 0.011673233 -0.243909642 -0.102375515 0.964308679
1403636682013555456.000000 6.879597664 -1.327661633 8.113445282 0.011223759 -0.245120838 -0.101402447 0.964109659
1403636682063555584.000000 6.845989704 -1.326437116 8.091424942 0.010225351 -0.246352091 -0.100125998 0.963940322
1403636682113555456.000000 6.816262245 -1.324917197 8.057841301 0.010304696 -0.247128725 -0.099045902 0.963852227
1403636682163555584.000000 6.781394958 -1.324411631 8.028659821 0.009899805 -0.247381881 -0.098451786 0.963852465
1403636682213555456.000000 6.755551815 -1.324091792 8.000926018 0.006566316 -0.248244286 -0.097566448 0.963749170
1403636682263555584.000000 6.721125126 -1.321575403 7.971598625 0.002276776 -0.248235941 -0.096845254 0.963843822
1403636682313555456.000000 6.697565079 -1.314905047 7.949771404 -0.003780220 -0.248716980 -0.097748600 0.963623762
1403636682363555584.000000 6.665384293 -1.320468187 7.915810108 -0.011198132 -0.247855246 -0.097766079 0.963786364
1403636682413555456.000000 6.646039486 -1.308875799 7.893369198 -0.013838347 -0.248347148 -0.098294914 0.963571668
1403636682463555584.000000 6.626433372 -1.307696104 7.860632420 -0.012560905 -0.248049036 -0.097454444 0.963751316
1403636682513555456.000000 6.598885059 -1.288457513 7.832327366 -0.006644675 -0.246646032 -0.098391697 0.964075029
1403636682563555584.000000 6.593540192 -1.285041451 7.816296101 -0.001940956 -0.247696787 -0.098926023 0.963771880
1403636682613555456.000000 6.565630913 -1.280943155 7.792457104 0.002056729 -0.246899426 -0.100264892 0.963837922
1403636682663555584.000000 6.533076763 -1.275774956 7.775502682 0.005530897 -0.245827883 -0.100436717 0.964080215
1403636682713555456.000000 6.514489651 -1.265167952 7.757692814 0.007843220 -0.246885121 -0.098494574 0.963994324
1403636682763555584.000000 6.488974571 -1.255266428 7.732290268 0.010242993 -0.246640295 -0.096334420 0.964252770
1403636682813555456.000000 6.462011337 -1.253666520 7.706935406 0.012089973 -0.245840654 -0.095326804 0.964535654
1403636682863555584.000000 6.428997040 -1.246058583 7.677784443 0.014139426 -0.244160429 -0.096746802 0.964793146
1403636682913555456.000000 6.407519817 -1.235880852 7.657411575 0.015477804 -0.242949679 -0.099247813 0.964824200
1403636682963555584.000000 6.375081539 -1.249805212 7.620784283 0.014160911 -0.240973309 -0.101150043 0.965142548
1403636683013555456.000000 6.336600304 -1.233993888 7.582870007 0.015696079 -0.238657743 -0.104579732 0.965328574
1403636683063555584.000000 6.311553955 -1.245537281 7.556495667 0.015341218 -0.238914758 -0.104365356 0.965293944
1403636683113555456.000000 6.273966312 -1.233594418 7.508659363 0.014810720 -0.237572104 -0.104185224 0.965653002
1403636683163555584.000000 6.254409790 -1.224167228 7.497321606 0.014181194 -0.240086988 -0.103159904 0.965150416
1403636683213555456.000000 6.257601261 -1.220493793 7.472067833 0.011761427 -0.243547454 -0.101098709 0.964533746
1403636683263555584.000000 6.230429173 -1.198444963 7.431241512 0.011914349 -0.244120136 -0.100056849 0.964495778
1403636683313555456.000000 6.172174454 -1.189213514 7.395024776 0.010414970 -0.243277133 -0.099588595 0.964774549
1403636683363555584.000000 6.149155617 -1.186812162 7.359376431 0.008879698 -0.244873226 -0.098325141 0.964515686
1403636683413555456.000000 6.129339695 -1.169480920 7.332633972 0.008505811 -0.246601522 -0.097831994 0.964128792
1403636683463555584.000000 6.070569992 -1.127918005 7.396602631 0.009456618 -0.246477291 -0.097187139 0.964216888
1403636683513555456.000000 6.042103767 -1.113456249 7.365177631 0.009222591 -0.246917665 -0.097993620 0.964024901
1403636683563555584.000000 6.016208172 -1.098209500 7.331291199 0.008893514 -0.247834280 -0.097776204 0.963814795
1403636683613555456.000000 5.988958359 -1.079287529 7.301014900 0.007335925 -0.248288229 -0.098240830 0.963663816
1403636683663555584.000000 5.962711334 -1.060961246 7.270142555 0.004677313 -0.249128595 -0.097936876 0.963494420
1403636683713555456.000000 5.934460163 -1.041588545 7.240256786 0.001796084 -0.249525815 -0.098431900 0.963350832
1403636683763555584.000000 5.906420708 -1.024905086 7.206648350 -0.001377560 -0.250130981 -0.097802393 0.963258684
1403636683813555456.000000 5.879787922 -1.007536411 7.175281525 -0.004688797 -0.250418097 -0.098867223 0.963065028
1403636683863555584.000000 5.855204105 -0.995018423 7.143867493 -0.007654162 -0.252100825 -0.097336605 0.962762833
1403636683913555456.000000 5.829670906 -0.987498820 7.113213062 -0.008293693 -0.252249479 -0.099829882 0.962463200
1403636683963555584.000000 5.801055431 -0.972945690 7.084376335 -0.007806068 -0.253179163 -0.099052317 0.962303519
1403636684013555456.000000 5.771925449 -0.966708779 7.052002430 -0.005920600 -0.254089147 -0.098665111 0.962116897
1403636684063555584.000000 5.748103142 -0.962792337 7.018876553 -0.003960746 -0.255265802 -0.098611861 0.961820960
1403636684113555456.000000 5.719716072 -0.958994389 6.989783287 -0.002221442 -0.256255567 -0.098842092 0.961539626
1403636684163555584.000000 5.691424370 -0.960425913 6.949106693 -0.001669116 -0.256980687 -0.099183843 0.961312056
1403636684213555456.000000 5.668957710 -0.958520114 6.911289215 -0.000086535 -0.258295357 -0.099025205 0.960977376
1403636684263555584.000000 5.643839359 -0.961258948 6.881754398 0.001174272 -0.259725183 -0.097946927 0.960701764
1403636684313555456.000000 5.616200447 -0.959023416 6.852375507 0.003713480 -0.260339797 -0.098327883 0.960490048
1403636684363555584.000000 5.591638565 -0.959163368 6.815504074 0.005536359 -0.261249572 -0.097766861 0.960291505
1403636684413555456.000000 5.566629887 -0.958893597 6.782338619 0.006761621 -0.262060314 -0.098308593 0.960007310
1403636684463555584.000000 5.551530361 -0.946774721 6.757026196 0.007859623 -0.263541311 -0.096684232 0.959758520
1403636684513555456.000000 5.516306877 -0.937727690 6.718323231 0.008099273 -0.264090031 -0.094359435 0.959837079
1403636684563555584.000000 5.491453171 -0.937392235 6.696334362 0.008541160 -0.265311241 -0.093037270 0.959625483
1403636684613555456.000000 5.466539383 -0.930017233 6.660017490 0.008487272 -0.266078770 -0.090748258 0.959632635
1403636684663555584.000000 5.448857307 -0.915955245 6.628563404 0.009439205 -0.266964585 -0.089937314 0.959454060
1403636684713555456.000000 5.449441910 -0.888486385 6.604442120 0.011630755 -0.268856913 -0.087906614 0.959089756
1403636684763555584.000000 5.447615623 -0.866282880 6.572956085 0.013091896 -0.269986182 -0.088435210 0.958705068
1403636684813555456.000000 5.428276062 -0.867649376 6.548385620 0.012118212 -0.270204127 -0.088839464 0.958619058
1403636684863555584.000000 5.413476467 -0.827431679 6.517798424 0.013559875 -0.269719303 -0.089537442 0.958671331
1403636684913555456.000000 5.399070740 -0.825914025 6.484680176 0.013701526 -0.268983305 -0.092914194 0.958554804
1403636684963555584.000000 5.366207600 -0.830506325 6.453130722 0.011807315 -0.265867919 -0.099926025 0.958743811
1403636685013555456.000000 5.354444504 -0.809025705 6.430471897 0.011805566 -0.264361829 -0.102512807 0.958887219
1403636685063555584.000000 5.339516640 -0.794779301 6.412286758 0.011263418 -0.263125420 -0.105721593 0.958885372
1403636685113555456.000000 5.308335781 -0.775503635 6.368317604 0.010035413 -0.260718256 -0.107710727 0.959335089
1403636685163555584.000000 5.275593758 -0.773459852 6.343044281 0.006299562 -0.258943915 -0.106761530 0.959953368
1403636685213555456.000000 5.253816605 -0.762452185 6.300686359 0.004276244 -0.255977362 -0.109185688 0.960487366
1403636685263555584.000000 5.245728493 -0.751966357 6.271421432 0.003019396 -0.254304498 -0.112363540 0.960569918
1403636685313555456.000000 5.307815075 -0.731408656 6.310262203 0.004337153 -0.256980211 -0.112790056 0.959802508
1403636685363555584.000000 5.293695927 -0.725924909 6.274423122 0.003878942 -0.255488068 -0.113890104 0.960072875
1403636685413555456.000000 5.275599480 -0.720581353 6.242190361 0.003836380 -0.254216194 -0.113304436 0.960479856
1403636685463555584.000000 5.262171268 -0.712014377 6.207357407 0.003101843 -0.253973275 -0.111006089 0.960815072
1403636685513555456.000000 5.244665146 -0.704716980 6.172010899 0.002669288 -0.253572524 -0.109058201 0.961145282
1403636685563555584.000000 5.229318142 -0.695898294 6.139657021 0.001562078 -0.253339797 -0.107810602 0.961349845
1403636685613555456.000000 5.209630489 -0.686015129 6.105657578 0.001446408 -0.253300071 -0.105482273 0.961618721
1403636685663555584.000000 5.198165894 -0.671221375 6.071908474 0.002482616 -0.252719283 -0.106123246 0.961698830
1403636685713555456.000000 5.176194191 -0.658694804 6.041848660 0.003467941 -0.252077162 -0.106517166 0.961820841
1403636685763555584.000000 5.156815529 -0.646230280 6.005006313 0.003901307 -0.251426965 -0.107778013 0.961848855
1403636685813555456.000000 5.139975071 -0.629779100 5.973040581 0.005820256 -0.250604451 -0.109912418 0.961812317
1403636685863555584.000000 5.121541500 -0.610796988 5.941072464 0.007667169 -0.249799624 -0.111965343 0.961771905
1403636685913555456.000000 5.105914116 -0.593329132 5.909491062 0.006882758 -0.250474840 -0.110932119 0.961721957
1403636685963555584.000000 5.090544701 -0.568534851 5.874115944 0.005695418 -0.251811445 -0.108407572 0.961668551
1403636686013555456.000000 5.070648670 -0.555379510 5.838426113 0.002835024 -0.252586186 -0.106086902 0.961736917
1403636686063555584.000000 5.054427147 -0.540452361 5.814243793 -0.000495436 -0.254120559 -0.103830084 0.961583018
1403636686113555456.000000 5.029594421 -0.521497488 5.776942730 -0.002713175 -0.254355341 -0.101745144 0.961740136
1403636686163555584.000000 5.015318871 -0.506584585 5.749470711 -0.002302055 -0.254935443 -0.101060241 0.961659789
1403636686213555456.000000 5.003102303 -0.492846698 5.713728905 -0.003354007 -0.255335569 -0.100324683 0.961627483
1403636686263555584.000000 4.978851795 -0.488680482 5.681256771 -0.005252289 -0.255179405 -0.099524878 0.961743653
1403636686313555456.000000 4.957678318 -0.481009334 5.652270317 -0.006842837 -0.255163997 -0.098891802 0.961802959
1403636686363555584.000000 4.933019638 -0.473443180 5.609316826 -0.008076356 -0.254584134 -0.098408669 0.961996615
1403636686413555456.000000 4.921204090 -0.463724434 5.582545757 -0.008855813 -0.254709482 -0.099083982 0.961887300
1403636686463555584.000000 4.907368660 -0.454152226 5.546814442 -0.010251798 -0.255064815 -0.098604783 0.961828530
1403636686513555456.000000 4.886586666 -0.444629282 5.522987366 -0.011825402 -0.255417854 -0.097503178 0.961829066
1403636686563555584.000000 4.862879753 -0.446582526 5.493381500 -0.012862884 -0.254921287 -0.099059872 0.961788416
1403636686613555456.000000 4.855000019 -0.427117050 5.510276318 -0.011720158 -0.255648732 -0.099372901 0.961577594
1403636686663555584.000000 4.836575031 -0.415171117 5.482793808 -0.011558599 -0.255483121 -0.100132056 0.961544812
1403636686713555456.000000 4.820873737 -0.402520597 5.455202103 -0.011124598 -0.255912095 -0.100105450 0.961438656
1403636686763555584.000000 4.803765297 -0.390750468 5.429457664 -0.009611493 -0.256559700 -0.099801242 0.961313963
1403636686813555456.000000 4.785853386 -0.378656149 5.404286861 -0.007585088 -0.256789714 -0.099496976 0.961302161
1403636686863555584.000000 4.768908501 -0.367975295 5.382118702 -0.006260786 -0.257800788 -0.098459460 0.961147964
1403636686913555456.000000 4.752585411 -0.360692382 5.352999687 -0.005079702 -0.258549899 -0.097532190 0.961048186
1403636686963555584.000000 4.735271931 -0.353284538 5.328847408 -0.004062971 -0.259059221 -0.096727550 0.960997224
1403636687013555456.000000 4.718161106 -0.350557387 5.303314686 -0.003196028 -0.259674400 -0.095908374 0.960916519
1403636687063555584.000000 4.701136112 -0.345420867 5.278521061 -0.002854434 -0.259939432 -0.095265932 0.960909903
1403636687113555456.000000 4.684861183 -0.346990407 5.252249241 -0.003038864 -0.260376513 -0.095428884 0.960774839
1403636687163555584.000000 4.667527199 -0.345652550 5.225827217 -0.002825473 -0.260595322 -0.095445156 0.960714519
1403636687213555456.000000 4.653177738 -0.342484534 5.206159115 -0.001133473 -0.260749012 -0.095608786 0.960660040
1403636687263555584.000000 4.636864185 -0.336124897 5.179268837 -0.000480702 -0.261002928 -0.096017212 0.960550904
1403636687313555456.000000 4.622746468 -0.333070129 5.157059193 0.000308495 -0.261396199 -0.096480183 0.960397661
1403636687363555584.000000 4.606073380 -0.329034388 5.135780334 0.002238997 -0.261139721 -0.096674033 0.960445285
1403636687413555456.000000 4.593299866 -0.323962450 5.102922916 0.003273837 -0.261361480 -0.097929396 0.960254788
1403636687463555584.000000 4.580590248 -0.313729197 5.083280563 0.004336030 -0.261583298 -0.097766563 0.960206807
1403636687513555456.000000 4.567247391 -0.303929210 5.061155796 0.004885396 -0.261812419 -0.097956315 0.960122347
1403636687563555584.000000 4.552581787 -0.295218647 5.041978359 0.004119941 -0.262571394 -0.096929669 0.960022867
1403636687613555456.000000 4.536660194 -0.277390420 5.025150776 0.005512166 -0.263048083 -0.095892765 0.959989607
1403636687663555584.000000 4.528401375 -0.255059749 5.020869732 0.006129440 -0.264012456 -0.094112404 0.959897220
1403636687713555456.000000 4.517632484 -0.239657521 4.999989986 0.007371449 -0.264816791 -0.092617430 0.959812403
1403636687763555584.000000 4.506509781 -0.221463501 4.980668068 0.006813737 -0.265386164 -0.092824981 0.959639192
1403636687813555456.000000 4.496127129 -0.201132834 4.961572170 0.006850146 -0.265274137 -0.093758844 0.959579110
1403636687863555584.000000 4.486229897 -0.180173814 4.946435928 0.006492770 -0.265477896 -0.094102941 0.959491551
1403636687913555456.000000 4.477117538 -0.158653542 4.929609776 0.006214975 -0.265014797 -0.095815517 0.959451914
1403636687963555584.000000 4.468233109 -0.135397077 4.909592152 0.006409245 -0.264382392 -0.098929301 0.959309042
1403636688013555456.000000 4.461688042 -0.109297723 4.893171310 0.007273241 -0.263876110 -0.100845084 0.959242821
1403636688063555584.000000 4.451618195 -0.082558915 4.878290176 0.008003852 -0.262713432 -0.104924433 0.959118605
1403636688113555456.000000 4.447359085 -0.058675926 4.856463909 0.008590658 -0.262132019 -0.107446976 0.958993316
1403636688163555584.000000 4.438880920 -0.039631911 4.839732647 0.007750727 -0.261970818 -0.109171353 0.958849788
1403636688213555456.000000 4.430773735 -0.020440225 4.822377682 0.007351836 -0.261901855 -0.109283090 0.958859026
1403636688263555584.000000 4.419086456 -0.002045806 4.799735069 0.007771135 -0.262224048 -0.108361028 0.958872318
1403636688313555456.000000 4.408959389 0.019560266 4.785717010 0.006702542 -0.263143867 -0.104675442 0.959037781
1403636688363555584.000000 4.402476311 0.037018843 4.764676094 0.006044521 -0.264313400 -0.102463081 0.958959460
1403636688413555456.000000 4.390616417 0.053583182 4.744661808 0.004201334 -0.264185429 -0.102668941 0.958982527
1403636688463555584.000000 4.383967876 0.071947090 4.721701622 0.004878829 -0.263561219 -0.104808792 0.958919644
1403636688513555456.000000 4.375662327 0.091576830 4.702080727 0.004778158 -0.262836397 -0.107637711 0.958805740
1403636688563555584.000000 4.366480350 0.112354711 4.683715820 0.005052899 -0.261163205 -0.112295136 0.958727360
1403636688613555456.000000 4.358529091 0.136037707 4.664749146 0.005387045 -0.259738773 -0.117547743 0.958482862
1403636688663555584.000000 4.349232197 0.156382084 4.645678997 0.005584755 -0.259265840 -0.120436810 0.958251059
1403636688713555456.000000 4.338457584 0.181703657 4.626544952 0.006274105 -0.259313852 -0.122048065 0.958029866
1403636688763555584.000000 4.330007553 0.206604600 4.606531620 0.005793743 -0.259891063 -0.123656936 0.957670093
1403636688813555456.000000 4.316318035 0.228594124 4.585211754 0.004885245 -0.260988832 -0.123579435 0.957386613
1403636688863555584.000000 4.301885605 0.249805555 4.569980145 0.003742942 -0.263059109 -0.124187127 0.956746280
1403636688913555456.000000 4.289621830 0.269316107 4.545680523 0.001868598 -0.267234206 -0.122868828 0.955764472
1403636688963555584.000000 4.271361351 0.290892422 4.530120850 -0.000355038 -0.270675182 -0.121646099 0.954953969
1403636689013555456.000000 4.255299568 0.306528211 4.505728245 -0.002457112 -0.274315298 -0.120818801 0.954016745
1403636689063555584.000000 4.240211964 0.318580925 4.480564117 -0.004604375 -0.278556913 -0.120119646 0.952867389
1403636689113555456.000000 4.221646786 0.332917273 4.456244469 -0.006645000 -0.282372236 -0.118180141 0.951974452
1403636689163555584.000000 4.204251289 0.345478594 4.432777882 -0.008827011 -0.285920262 -0.117278717 0.951008618
1403636689213555456.000000 4.189686775 0.353158057 4.409832954 -0.010867574 -0.289428711 -0.117356397 0.949916065
1403636689263555584.000000 4.172015190 0.360394657 4.383940697 -0.012181457 -0.292155772 -0.117166065 0.949088454
1403636689313555456.000000 4.153811932 0.362664044 4.359509468 -0.014494915 -0.294666171 -0.118145145 0.948158026
1403636689363555584.000000 4.133981705 0.365251929 4.335336208 -0.014370946 -0.296280593 -0.118907802 0.947561204
1403636689413555456.000000 4.117115021 0.365431607 4.313248158 -0.014019981 -0.298223913 -0.119348362 0.946901202
1403636689463555584.000000 4.099944115 0.364974797 4.288229465 -0.013510902 -0.299620450 -0.118453495 0.946580052
1403636689513555456.000000 4.086791992 0.362260461 4.265164852 -0.014040616 -0.301421642 -0.117177278 0.946159303
1403636689563555584.000000 4.063392162 0.356084168 4.246350288 -0.016296459 -0.302070796 -0.117698058 0.945851386
1403636689613555456.000000 4.047198296 0.345651925 4.219081879 -0.019567657 -0.303113669 -0.117054008 0.945535660
1403636689663555584.000000 4.024912834 0.340198219 4.202507973 -0.023063527 -0.303637296 -0.115760267 0.945448041
1403636689713555456.000000 4.003653526 0.331628799 4.183460236 -0.028574051 -0.304284662 -0.113739505 0.945334733
1403636689763555584.000000 3.985335588 0.325245947 4.167457104 -0.034262568 -0.304913998 -0.109454058 0.945448816
1403636689813555456.000000 3.971638203 0.323202401 4.158460140 -0.037349701 -0.306095749 -0.105498485 0.945399702
1403636689863555584.000000 3.952279568 0.317276716 4.145407200 -0.037960555 -0.306533396 -0.101550035 0.945665836
1403636689913555456.000000 3.934201002 0.311977595 4.133307457 -0.037538804 -0.308077008 -0.094933696 0.945868433
1403636689963555584.000000 3.917076588 0.306427330 4.123991013 -0.036040738 -0.308358997 -0.090502262 0.946269095
1403636690013555456.000000 3.901299953 0.303552002 4.118273735 -0.034051530 -0.307939261 -0.089256018 0.946597755
1403636690063555584.000000 3.885817528 0.299682617 4.113453388 -0.033036537 -0.306679010 -0.090569861 0.946918011
1403636690113555456.000000 3.873039484 0.296236336 4.111191750 -0.033416159 -0.304794759 -0.095841162 0.946994245
1403636690163555584.000000 3.858588457 0.294244170 4.110805511 -0.032475796 -0.301864147 -0.101645224 0.947360337
1403636690213555456.000000 3.843981266 0.287245482 4.112772942 -0.032557946 -0.299583077 -0.106643163 0.947532237
1403636690263555584.000000 3.830878496 0.281383067 4.115471840 -0.031309169 -0.298526406 -0.107856825 0.947770417
1403636690313555456.000000 3.817525864 0.270420313 4.117316246 -0.030257484 -0.297569185 -0.111180417 0.947721481
1403636690363555584.000000 3.803826332 0.260179937 4.119831085 -0.029008947 -0.296571702 -0.112219624 0.947950721
1403636690413555456.000000 3.786592960 0.244486079 4.124604225 -0.029360143 -0.295813918 -0.114017092 0.947962165
1403636690463555584.000000 3.774672985 0.233683094 4.132599354 -0.027950859 -0.296584904 -0.111564256 0.948055685
1403636690513555456.000000 3.758339882 0.224088401 4.140583038 -0.026403124 -0.297545761 -0.107171200 0.948305726
1403636690563555584.000000 3.741565704 0.211564586 4.150782108 -0.025903253 -0.298596889 -0.103910431 0.948352098
1403636690613555456.000000 3.729224205 0.201348186 4.160072327 -0.027387906 -0.300774664 -0.097508438 0.948302031
1403636690663555584.000000 3.715653658 0.193424046 4.171521664 -0.026811332 -0.302271485 -0.091093592 0.948480487
1403636690713555456.000000 3.698266029 0.183543921 4.183735847 -0.025249450 -0.305109650 -0.081267484 0.948507309
1403636690763555584.000000 3.685564995 0.178405359 4.200891972 -0.024270166 -0.308065474 -0.070500255 0.948438942
1403636690813555456.000000 3.674067974 0.177858025 4.218492031 -0.022156617 -0.310465902 -0.062391739 0.948275983
1403636690863555584.000000 3.666945219 0.178487480 4.240135193 -0.017983001 -0.312717944 -0.055899862 0.948029220
1403636690913555456.000000 3.660696030 0.180557877 4.262737274 -0.011654959 -0.314251691 -0.050317667 0.947933674
1403636690963555584.000000 3.657524586 0.181605101 4.287727356 -0.003558201 -0.316292346 -0.044052482 0.947631717
1403636691013555456.000000 3.657945156 0.182972729 4.313366890 0.006776424 -0.318059534 -0.038477559 0.947265446
1403636691063555584.000000 3.662907600 0.180164769 4.337944984 0.016025370 -0.319400847 -0.035673250 0.946812391
1403636691113555456.000000 3.671149492 0.174410462 4.363919258 0.022213666 -0.320167094 -0.035859760 0.946421504
1403636691163555584.000000 3.682699203 0.169830412 4.389549732 0.031206479 -0.319759786 -0.038309459 0.946209371
1403636691213555456.000000 3.698447466 0.158428416 4.414668560 0.037661660 -0.317889571 -0.047464062 0.946189761
1403636691263555584.000000 3.718861103 0.152933225 4.437605858 0.045589045 -0.314998955 -0.057553105 0.946247876
1403636691313555456.000000 3.741425037 0.141389430 4.458928108 0.048970040 -0.312149614 -0.068941355 0.946261942
1403636691363555584.000000 3.766059875 0.129513159 4.479241848 0.049340449 -0.309958071 -0.077604212 0.946292341
1403636691413555456.000000 3.800093174 0.118236408 4.495341301 0.042488113 -0.309978306 -0.084001094 0.946071923
1403636691463555584.000000 3.824781895 0.104880303 4.513497353 0.033601440 -0.309175193 -0.088217370 0.946308315
1403636691513555456.000000 3.858865499 0.088782094 4.521316051 0.024657490 -0.310073972 -0.090221033 0.946100652
1403636691563555584.000000 3.887618303 0.068315670 4.532019615 0.018533798 -0.310534477 -0.093864009 0.945734859
1403636691613555456.000000 3.926313162 0.046660706 4.538908005 0.013606973 -0.311179101 -0.097028226 0.945287287
1403636691663555584.000000 3.960285664 0.021073632 4.546936035 0.011063823 -0.309689045 -0.104018450 0.945066392
1403636691713555456.000000 3.998201847 0.000884725 4.547719479 0.008995587 -0.308292270 -0.111515351 0.944690049
1403636691763555584.000000 4.031493187 -0.015937064 4.556566715 0.009922198 -0.307033837 -0.115420125 0.944621682
1403636691813555456.000000 4.067152977 -0.035896044 4.565272331 0.008345860 -0.306895912 -0.118035704 0.944358468
1403636691863555584.000000 4.107080936 -0.063720152 4.588978291 0.005985037 -0.308734745 -0.117002904 0.943905413
1403636691913555456.000000 4.142310143 -0.075498194 4.593297958 0.006062465 -0.309662610 -0.113989890 0.943969607
1403636691963555584.000000 4.176586151 -0.091221340 4.599306583 0.009634877 -0.310813278 -0.109868757 0.944050431
1403636692013555456.000000 4.209854126 -0.106535092 4.607763767 0.013560665 -0.311847389 -0.107153468 0.943973243
1403636692063555584.000000 4.238589764 -0.117764540 4.615854740 0.013541388 -0.311893463 -0.105914898 0.944098115
1403636692113555456.000000 4.278997898 -0.133391917 4.620895386 0.013032153 -0.311486423 -0.106807396 0.944139063
1403636692163555584.000000 4.309926987 -0.146136597 4.632437229 0.014221295 -0.309038311 -0.111132160 0.944427252
1403636692213555456.000000 4.345169067 -0.159803540 4.634448051 0.013398365 -0.307782978 -0.114925474 0.944395244
1403636692263555584.000000 4.379927158 -0.179562107 4.640648842 0.011960827 -0.306933075 -0.115465857 0.944625199
1403636692313555456.000000 4.411838531 -0.197752506 4.643204212 0.010689099 -0.306723773 -0.114808008 0.944788575
1403636692363555584.000000 4.450270176 -0.218906805 4.643266201 0.009352588 -0.307412475 -0.112240367 0.944887459
1403636692413555456.000000 4.480521202 -0.238737583 4.643828869 0.007767580 -0.306334138 -0.112348989 0.945239007
1403636692463555584.000000 4.513227463 -0.264021873 4.644949913 0.007264341 -0.305057228 -0.114535838 0.945393562
1403636692513555456.000000 4.545455456 -0.288270831 4.643005848 0.007970249 -0.302827060 -0.119162723 0.945532978
1403636692563555584.000000 4.577072144 -0.320540845 4.646709919 0.007614885 -0.301999658 -0.120078631 0.945684671
1403636692613555456.000000 4.608565807 -0.349162161 4.642684937 0.006762940 -0.301869690 -0.118290216 0.945957959
1403636692663555584.000000 4.635221481 -0.378935516 4.641205311 0.006226783 -0.301114470 -0.117716596 0.946273804
1403636692713555456.000000 4.664037704 -0.407021165 4.635752678 0.004144603 -0.299303055 -0.120297171 0.946535349
1403636692763555584.000000 4.690471172 -0.430317938 4.634534359 0.002274348 -0.295610040 -0.128632665 0.946606159
1403636692813555456.000000 4.726194859 -0.457294345 4.625248909 0.000097068 -0.292072058 -0.138081461 0.946375906
1403636692863555584.000000 4.754227161 -0.482840419 4.622923374 -0.001252717 -0.289390951 -0.145088568 0.946150482
1403636692913555456.000000 4.778908253 -0.503187239 4.620163918 -0.002407624 -0.287410289 -0.150180012 0.945957482
1403636692963555584.000000 4.805418968 -0.523864806 4.614964962 -0.003672975 -0.287390530 -0.150072649 0.945976436
1403636693013555456.000000 4.826125622 -0.544338346 4.610458851 -0.005941933 -0.288586289 -0.146986440 0.946085453
1403636693063555584.000000 4.846252918 -0.564468861 4.605623722 -0.005805936 -0.290048271 -0.142753392 0.946287394
1403636693113555456.000000 4.865921974 -0.586288810 4.599542141 -0.004846126 -0.291839600 -0.138921931 0.946312308
1403636693163555584.000000 4.882080078 -0.600947797 4.595630646 -0.004155109 -0.293664157 -0.134230271 0.946428180
1403636693213555456.000000 4.898624897 -0.616933525 4.591465473 -0.006644064 -0.294491559 -0.132890075 0.946346104
1403636693263555584.000000 4.909275532 -0.627941847 4.588634014 -0.010757804 -0.295444161 -0.130884588 0.946290851
1403636693313555456.000000 4.925014496 -0.636701286 4.584769726 -0.016203532 -0.296785027 -0.127507687 0.946254730
1403636693363555584.000000 4.941363335 -0.648940802 4.580216885 -0.021060769 -0.298021048 -0.125305742 0.946064770
1403636693413555456.000000 4.950528145 -0.657557249 4.580662251 -0.025531711 -0.299178243 -0.123465985 0.945831239
1403636693463555584.000000 4.960412979 -0.665848553 4.580461979 -0.030855479 -0.299937993 -0.122987218 0.945494294
1403636693513555456.000000 4.970610142 -0.672653735 4.579019547 -0.037825406 -0.300040781 -0.121888399 0.945350707
1403636693563555584.000000 4.982153893 -0.683301330 4.580026150 -0.045019269 -0.300186634 -0.122451559 0.944916427
1403636693613555456.000000 4.990917206 -0.689455748 4.582973957 -0.049609877 -0.300318450 -0.123749085 0.944475472
1403636693663555584.000000 4.994033813 -0.693168521 4.589468956 -0.052197795 -0.299964517 -0.124373555 0.944366455
1403636693713555456.000000 5.000500679 -0.700631857 4.594591618 -0.050932243 -0.300727874 -0.123424828 0.944317222
1403636693763555584.000000 5.004317760 -0.713184953 4.605412960 -0.045749925 -0.301797688 -0.122616507 0.944346547
1403636693813555456.000000 5.007324219 -0.718050361 4.613606453 -0.039288905 -0.302056581 -0.121771812 0.944663942
1403636693863555584.000000 5.009240150 -0.726439714 4.626946449 -0.032014545 -0.303125530 -0.119995080 0.944823384
1403636693913555456.000000 5.014232635 -0.731790066 4.635695934 -0.023227980 -0.304768562 -0.116325349 0.945010662
1403636693963555584.000000 5.009088993 -0.738880992 4.649357319 -0.014901370 -0.305131704 -0.116073154 0.945092380
1403636694013555456.000000 5.009674072 -0.744920254 4.663376331 -0.006879293 -0.306798369 -0.112897158 0.945030034
1403636694063555584.000000 5.006618977 -0.752159655 4.676485538 -0.000522032 -0.307052106 -0.111914128 0.945089459
1403636694113555456.000000 5.007091999 -0.755946517 4.690765381 0.002589924 -0.307846367 -0.110948265 0.944941521
1403636694163555584.000000 5.007606030 -0.760922790 4.704187393 0.005564446 -0.308242053 -0.110259950 0.944880247
1403636694213555456.000000 5.011040211 -0.765275836 4.717216015 0.007520461 -0.308755577 -0.109661773 0.944768667
1403636694263555584.000000 5.008130550 -0.770778775 4.730340958 0.007249218 -0.308472097 -0.110838413 0.944726050
1403636694313555456.000000 5.008939266 -0.779950261 4.739643574 0.005316689 -0.308559418 -0.111294970 0.944656670
1403636694363555584.000000 5.012199402 -0.791245878 4.750395298 0.002154007 -0.308943063 -0.110519134 0.944634914
1403636694413555456.000000 5.011930466 -0.797627985 4.763957500 -0.000920168 -0.308878958 -0.111917131 0.944493294
1403636694463555584.000000 5.013606071 -0.808988810 4.770069599 -0.003502646 -0.308165699 -0.112870276 0.944606841
1403636694513555456.000000 5.017837048 -0.814181089 4.780858517 -0.004545356 -0.307761669 -0.114140585 0.944581449
1403636694563555584.000000 5.016329765 -0.821736157 4.791541100 -0.005873749 -0.307529062 -0.114300102 0.944630563
1403636694613555456.000000 5.014830112 -0.827879846 4.804453850 -0.006558330 -0.306911469 -0.114392966 0.944815695
1403636694663555584.000000 5.019272804 -0.827069640 4.814710140 -0.006193252 -0.306459546 -0.114627898 0.944936335
1403636694713555456.000000 5.023826599 -0.830597401 4.825480938 -0.004879074 -0.306262791 -0.114802621 0.944986641
1403636694763555584.000000 5.022617340 -0.835434973 4.839171410 -0.003261901 -0.306637526 -0.112133197 0.945192575
1403636694813555456.000000 5.025191307 -0.835302889 4.849270821 -0.001399442 -0.306120753 -0.111236654 0.945470572
1403636694863555584.000000 5.023948669 -0.835112095 4.863100529 -0.003146160 -0.307612002 -0.105067126 0.945688069
1403636694913555456.000000 5.027109146 -0.832593858 4.874011993 -0.004433083 -0.308594555 -0.100650787 0.945843160
1403636694963555584.000000 5.027011395 -0.835435867 4.887036324 -0.006572707 -0.309382737 -0.095751651 0.946081817
1403636695013555456.000000 5.027905941 -0.830277205 4.898728371 -0.007782339 -0.309181988 -0.093801491 0.946333587
1403636695063555584.000000 5.027680397 -0.829005301 4.915431976 -0.008726232 -0.307670623 -0.095874831 0.946610153
1403636695113555456.000000 5.037908077 -0.828578293 4.929182053 -0.007795056 -0.306420416 -0.098736718 0.946729541
1403636695163555584.000000 5.037664413 -0.823112428 4.937564373 -0.007003755 -0.304623485 -0.100315943 0.947149515
1403636695213555456.000000 5.042913914 -0.829949141 4.952648640 -0.006296622 -0.302788585 -0.103172295 0.947435975
1403636695263555584.000000 5.050755978 -0.834206343 4.965679169 -0.004737405 -0.301235080 -0.105768494 0.947654009
1403636695313555456.000000 5.055226326 -0.842023373 4.973703861 -0.003758303 -0.299743026 -0.108058318 0.947873175
1403636695363555584.000000 5.060556412 -0.841613889 4.982036114 -0.002008819 -0.298148602 -0.109195076 0.948250949
1403636695413555456.000000 5.067348480 -0.848978758 4.991079330 -0.001383626 -0.297501236 -0.109449834 0.948426068
1403636695463555584.000000 5.069881439 -0.855088234 5.005239964 0.000123590 -0.296405524 -0.109826423 0.948726535
1403636695513555456.000000 5.072831154 -0.869628131 5.016009808 0.000853329 -0.295011550 -0.112069510 0.948898315
1403636695563555584.000000 5.078468323 -0.870847464 5.024986267 0.002660697 -0.294313937 -0.112704061 0.949036419
1403636695613555456.000000 5.084173679 -0.883488476 5.037896156 0.003467906 -0.293070614 -0.114365995 0.949219704
1403636695663555584.000000 5.088559628 -0.884834170 5.049113750 0.005277970 -0.291714579 -0.116949648 0.949314296
1403636695713555456.000000 5.093361378 -0.889400065 5.053788185 0.005793291 -0.291146755 -0.117428333 0.949426472
1403636695763555584.000000 5.097046375 -0.888352573 5.065621376 0.004541017 -0.291463941 -0.114211440 0.949728370
1403636695813555456.000000 5.098686218 -0.895472348 5.074080467 0.003532168 -0.291005939 -0.114128768 0.949882984
1403636695863555584.000000 5.102073193 -0.895252764 5.076570988 0.003260280 -0.290948540 -0.112761907 0.950064838
1403636695913555456.000000 5.104592323 -0.891152024 5.091820717 0.002814296 -0.290404856 -0.113186553 0.950182080
1403636695963555584.000000 5.107463360 -0.894930243 5.094154835 -0.000353779 -0.290221959 -0.112232678 0.950355172
1403636696013555456.000000 5.108048439 -0.891377091 5.103826046 -0.003076944 -0.290033281 -0.111168303 0.950532913
1403636696063555584.000000 5.110737801 -0.890915513 5.116323948 -0.007041193 -0.289324731 -0.111666098 0.950669408
1403636696113555456.000000 5.114280224 -0.885937393 5.117879868 -0.010440146 -0.287504196 -0.115279511 0.950759172
1403636696163555584.000000 5.115418911 -0.881025553 5.131004810 -0.011523221 -0.285878241 -0.118256703 0.950871289
1403636696213555456.000000 5.120072842 -0.882628083 5.136546135 -0.013013470 -0.284812212 -0.120744310 0.950859368
1403636696263555584.000000 5.120135307 -0.874090075 5.154392242 -0.009656524 -0.284262002 -0.121761486 0.950934291
1403636696313555456.000000 5.118484020 -0.864951611 5.160877228 -0.005745852 -0.284557313 -0.120043516 0.951096117
1403636696363555584.000000 5.116151810 -0.861669064 5.168187618 0.002483353 -0.285058647 -0.117078029 0.951329708
1403636696413555456.000000 5.118756294 -0.854261279 5.173613548 0.010881435 -0.286487103 -0.112660855 0.951375008
1403636696463555584.000000 5.113229275 -0.853307545 5.188488960 0.015272465 -0.287584841 -0.107412808 0.951590359
1403636696513555456.000000 5.111429214 -0.851532519 5.196905136 0.016829263 -0.287382394 -0.106061965 0.951776803
1403636696563555584.000000 5.112371922 -0.847735524 5.196047783 0.015456288 -0.287205696 -0.105299026 0.951938093
1403636696613555456.000000 5.111290455 -0.846535861 5.197295189 0.014629728 -0.287048489 -0.105241694 0.952004910
1403636696663555584.000000 5.114152431 -0.845040083 5.204180717 0.012513308 -0.287495881 -0.103810854 0.952057183
1403636696713555456.000000 5.110547066 -0.847215652 5.209478855 0.011654361 -0.287233174 -0.103737138 0.952155411
1403636696763555584.000000 5.110870361 -0.849167585 5.208251953 0.009711683 -0.286994368 -0.103694685 0.952253878
1403636696813555456.000000 5.110149860 -0.847702682 5.209575653 0.009481783 -0.286314577 -0.104743958 0.952345967
1403636696863555584.000000 5.112989902 -0.843647420 5.205522060 0.008769548 -0.286043316 -0.106249042 0.952267528
1403636696913555456.000000 5.112536430 -0.842297494 5.203968048 0.008777511 -0.285251945 -0.107773997 0.952333570
1403636696963555584.000000 5.115375519 -0.833635747 5.209851265 0.010600501 -0.283374429 -0.114112213 0.952137113
1403636697013555456.000000 5.119575977 -0.829430044 5.203367710 0.011911942 -0.281150550 -0.120767996 0.951959908
1403636697063555584.000000 5.118188858 -0.819699109 5.202687263 0.014114901 -0.278761089 -0.127011865 0.951819897
1403636697113555456.000000 5.118903160 -0.818807423 5.204014778 0.015035487 -0.276262641 -0.133676350 0.951621532
1403636697163555584.000000 5.114044189 -0.813481212 5.200333595 0.016508212 -0.274069220 -0.139502943 0.951395094
1403636697213555456.000000 5.116438866 -0.815282822 5.189597130 0.017958080 -0.273203194 -0.142331854 0.951198816
1403636697263555584.000000 5.107368946 -0.810333908 5.187500000 0.019050412 -0.272079885 -0.143373743 0.951343060
1403636697313555456.000000 5.102485657 -0.809676707 5.176702499 0.015927220 -0.272887141 -0.141033247 0.951519132
1403636697363555584.000000 5.095330715 -0.815788805 5.157416821 0.012236088 -0.274508178 -0.134820983 0.952007830
1403636697413555456.000000 5.083377361 -0.819835067 5.144260406 0.007722641 -0.276397407 -0.128875658 0.952331841
1403636697463555584.000000 5.068846703 -0.819921255 5.130729198 0.003662418 -0.277914375 -0.123878866 0.952577651
1403636697513555456.000000 5.060039520 -0.834758759 5.111645222 -0.000552694 -0.278628826 -0.120579787 0.952799201
1403636697563555584.000000 5.050316811 -0.845091343 5.089704037 -0.002363370 -0.277340055 -0.118296310 0.953458428
1403636697613555456.000000 5.037053108 -0.848563731 5.081309319 -0.001759845 -0.273425788 -0.117128037 0.954733610
1403636697663555584.000000 5.022467613 -0.859100580 5.061713696 -0.001224439 -0.266707242 -0.116320506 0.956731677
1403636697713555456.000000 5.010872841 -0.867429912 5.050727844 -0.001742935 -0.258507490 -0.113112025 0.959362566
1403636697763555584.000000 4.997664928 -0.870291054 5.038381577 -0.002784864 -0.247857139 -0.110845767 0.962430418
1403636697813555456.000000 4.981194973 -0.874813616 5.022146702 -0.002587032 -0.236608595 -0.108167514 0.965561748
1403636697863555584.000000 4.971004486 -0.876477838 5.000978947 -0.002108593 -0.226667538 -0.104485855 0.968349159
1403636697913555456.000000 4.958638668 -0.878848374 4.983502388 -0.002321844 -0.217505798 -0.101130717 0.970802963
1403636697963555584.000000 4.944602966 -0.879571557 4.967848301 -0.002455824 -0.209469646 -0.096890144 0.972999871
1403636698013555456.000000 4.928474903 -0.877923191 4.954645157 -0.003046901 -0.202452242 -0.094013989 0.974764168
1403636698063555584.000000 4.913445473 -0.874829412 4.941309452 -0.002158507 -0.196653411 -0.091563836 0.976185918
1403636698113555456.000000 4.896530628 -0.868116856 4.926002979 -0.002388335 -0.191880241 -0.089148328 0.977358103
1403636698163555584.000000 4.877880096 -0.866058826 4.914389610 -0.002917023 -0.187985092 -0.086615995 0.978340805
1403636698213555456.000000 4.862884521 -0.860016227 4.896438122 -0.002301741 -0.184066519 -0.084773324 0.979248524
1403636698263555584.000000 4.841390610 -0.850507140 4.884232521 -0.002463182 -0.178745016 -0.082607903 0.980418324
1403636698313555456.000000 4.825772762 -0.841213763 4.875924587 -0.002389453 -0.171884999 -0.081271350 0.981756032
1403636698363555584.000000 4.808193684 -0.833053172 4.860706329 -0.001626950 -0.163868621 -0.079246476 0.983292699
1403636698413555456.000000 4.788452625 -0.824734926 4.850909233 -0.002464843 -0.154548958 -0.077119321 0.984967589
1403636698463555584.000000 4.770562649 -0.812038183 4.839354515 -0.003377598 -0.144707128 -0.074111432 0.986689448
1403636698513555456.000000 4.752275944 -0.804445624 4.827916145 -0.004279675 -0.133924007 -0.072157890 0.988351822
1403636698563555584.000000 4.731822014 -0.786793888 4.827911377 -0.003801878 -0.122408241 -0.068456963 0.990108848
1403636698613555456.000000 4.714482784 -0.775830030 4.818654537 -0.004308199 -0.110510081 -0.064069860 0.991798401
1403636698663555584.000000 4.694259644 -0.767369509 4.804140568 -0.005477882 -0.098136820 -0.059782777 0.993360519
1403636698713555456.000000 4.676324844 -0.749773443 4.798892021 -0.005656888 -0.085131004 -0.053963687 0.994891286
1403636698763555584.000000 4.652798653 -0.735866010 4.788912773 -0.006025543 -0.070936389 -0.049761478 0.996220708
1403636698813555456.000000 4.640302181 -0.719846368 4.785331726 -0.006577255 -0.057142120 -0.043653496 0.997389555
1403636698863555584.000000 4.616331100 -0.698865056 4.789076805 -0.006321749 -0.042743672 -0.036274448 0.998407304
1403636698913555456.000000 4.595148563 -0.684279978 4.782581806 -0.006050459 -0.027842417 -0.031345673 0.999102414
1403636698963555584.000000 4.577925682 -0.670927525 4.778545856 -0.006345510 -0.013764491 -0.024793910 0.999577701
1403636699013555456.000000 4.555109024 -0.659467518 4.770207405 -0.006130560 0.000083247 -0.019039204 0.999799967
1403636699063555584.000000 4.539355278 -0.646328390 4.765972137 -0.005203900 0.013318439 -0.013060118 0.999812484
1403636699113555456.000000 4.517071724 -0.639551461 4.759200096 -0.004101604 0.027545556 -0.006514955 0.999590933
1403636699163555584.000000 4.495769024 -0.636594534 4.749087811 -0.003191767 0.040718868 0.003046257 0.999160945
1403636699213555456.000000 4.479709625 -0.628014386 4.740693092 -0.002869056 0.054559767 0.010866395 0.998447299
1403636699263555584.000000 4.467134476 -0.625425637 4.740993023 -0.002714166 0.068866864 0.019022949 0.997440815
1403636699313555456.000000 4.449429035 -0.622511864 4.734128952 -0.003942046 0.083100863 0.028611120 0.996122599
1403636699363555584.000000 4.427425861 -0.620254159 4.721778870 -0.003823302 0.098095328 0.034684550 0.994565070
1403636699413555456.000000 4.411565781 -0.617908120 4.714333534 -0.003751041 0.111951955 0.042779788 0.992785335
1403636699463555584.000000 4.401407719 -0.620734811 4.710513115 -0.004544382 0.124946199 0.049739532 0.990905523
1403636699513555456.000000 4.388073921 -0.618092775 4.700768948 -0.004206177 0.138435170 0.055153344 0.988825619
1403636699563555584.000000 4.384520531 -0.620211720 4.698367119 -0.004116149 0.151016995 0.061618507 0.986600339
1403636699613555456.000000 4.364702702 -0.617781520 4.688838482 -0.003347892 0.164217770 0.067196198 0.984127045
1403636699663555584.000000 4.375235081 -0.624949872 4.702733994 -0.003695930 0.175813332 0.074926369 0.981561065
1403636699713555456.000000 4.373540401 -0.622191489 4.697671413 -0.002601716 0.188439235 0.079091012 0.978891492
1403636699763555584.000000 4.365677834 -0.618312955 4.690642834 -0.002192780 0.201315701 0.079376906 0.976302505
1403636699813555456.000000 4.364994526 -0.612623096 4.687808037 -0.001278817 0.212743223 0.077962063 0.973992109
1403636699863555584.000000 4.362279415 -0.606711447 4.680314541 0.000639092 0.221802518 0.076523416 0.972084105
1403636699913555456.000000 4.356301308 -0.600757241 4.673512936 0.003017799 0.229149789 0.075976804 0.970416903
1403636699963555584.000000 4.356851101 -0.592334688 4.671874046 0.005334091 0.233890504 0.077269629 0.969173014
1403636700013555456.000000 4.359211922 -0.582808137 4.667938232 0.006384614 0.237195224 0.078630388 0.968253553
1403636700063555584.000000 4.359901428 -0.575962067 4.665122509 0.006422980 0.239441410 0.079682052 0.967614353
1403636700113555456.000000 4.358576775 -0.563109517 4.660620689 0.007641795 0.240580976 0.080679834 0.967240036
1403636700163555584.000000 4.361510277 -0.551231563 4.655452251 0.008346933 0.241823316 0.080633111 0.966928244
1403636700213555456.000000 4.365848064 -0.538049221 4.653920174 0.008661189 0.241995886 0.081055321 0.966846943
1403636700263555584.000000 4.361542702 -0.522521615 4.647467613 0.008632081 0.243051872 0.081299491 0.966561854
1403636700313555456.000000 4.365195274 -0.506719947 4.642357349 0.007171886 0.244511798 0.083006166 0.966060340
1403636700363555584.000000 4.365544319 -0.486803889 4.639605522 0.006158511 0.247290149 0.086317912 0.965069413
1403636700413555456.000000 4.372817516 -0.470122755 4.638988972 0.005672577 0.251177818 0.089515582 0.963776231
1403636700463555584.000000 4.378014565 -0.448799372 4.634770393 0.007441214 0.256768882 0.089481622 0.962292850
1403636700513555456.000000 4.387941360 -0.430335343 4.634786129 0.009812342 0.261691213 0.089305498 0.960961044
1403636700563555584.000000 4.396388054 -0.408541560 4.631542206 0.012116051 0.267322004 0.087381139 0.959560752
1403636700613555456.000000 4.399515152 -0.386726290 4.628809452 0.015100651 0.274410844 0.085353985 0.957697988
1403636700663555584.000000 4.412929535 -0.365962178 4.623589993 0.016080411 0.282329321 0.083565041 0.955535769
1403636700713555456.000000 4.421586037 -0.341626257 4.617635727 0.017526617 0.289733380 0.083395839 0.953306139
1403636700763555584.000000 4.435623646 -0.319296628 4.613682270 0.018517457 0.295731306 0.083115615 0.951468289
1403636700813555456.000000 4.437337399 -0.306681007 4.604237556 0.017251650 0.301140785 0.083011314 0.949802995
1403636700863555584.000000 4.455814362 -0.290448755 4.594577312 0.014171117 0.304068863 0.085156873 0.948730528
1403636700913555456.000000 4.479303360 -0.287020653 4.601550579 0.010188816 0.306365401 0.088074192 0.947776020
1403636700963555584.000000 4.488072395 -0.272900075 4.593558788 0.006100221 0.308287442 0.089298330 0.947073162
1403636701013555456.000000 4.500155926 -0.257927835 4.583998680 0.003086226 0.309013158 0.090835132 0.946705043
1403636701063555584.000000 4.509838104 -0.246896058 4.579041004 -0.001884099 0.309427232 0.092205346 0.946440399
1403636701113555456.000000 4.518450737 -0.235598624 4.566757679 -0.006643173 0.308748901 0.093838193 0.946480095
1403636701163555584.000000 4.528669357 -0.228551149 4.560134888 -0.009134385 0.308590859 0.093035288 0.946590066
1403636701213555456.000000 4.542076588 -0.222526312 4.550284863 -0.011973786 0.307362169 0.092696540 0.946991265
1403636701263555584.000000 4.552293777 -0.221838504 4.543680191 -0.012822828 0.306402802 0.092326917 0.947327197
1403636701313555456.000000 4.563473225 -0.225021541 4.532797813 -0.014655815 0.304967940 0.091935441 0.947801590
1403636701363555584.000000 4.572982788 -0.223534346 4.520107746 -0.013409803 0.303649783 0.091715820 0.948264360
1403636701413555456.000000 4.588460445 -0.229244351 4.513550758 -0.012505393 0.302635461 0.089987993 0.948766410
1403636701463555584.000000 4.600141525 -0.229309320 4.507381439 -0.009238761 0.301319718 0.087859251 0.949421883
1403636701513555456.000000 4.612953186 -0.233913630 4.498298645 -0.004766751 0.300400198 0.085227855 0.949985921
1403636701563555584.000000 4.625991821 -0.239999145 4.495227337 -0.000825640 0.299394757 0.083296150 0.950486124
1403636701613555456.000000 4.641814709 -0.244446903 4.482930183 0.001669972 0.297458559 0.081563793 0.951242864
1403636701663555584.000000 4.654030800 -0.244090170 4.479878426 0.003763866 0.296549678 0.078652158 0.951765716
1403636701713555456.000000 4.668098927 -0.244976640 4.474362373 0.005815160 0.296338528 0.078101367 0.951866508
1403636701763555584.000000 4.683482647 -0.245709598 4.467936993 0.006583197 0.297421902 0.079159237 0.951436162
1403636701813555456.000000 4.698172092 -0.246175349 4.464583874 0.006098609 0.300355941 0.081313156 0.950335383
1403636701863555584.000000 4.713057518 -0.245022327 4.459281445 0.005590932 0.305886596 0.082647339 0.948457539
1403636701913555456.000000 4.724936962 -0.245674670 4.449571609 0.004821587 0.311775327 0.086999170 0.946152270
1403636701963555584.000000 4.750617027 -0.239481866 4.450186729 0.005263257 0.318670988 0.090077303 0.943560898
1403636702013555456.000000 4.758255482 -0.239456087 4.439533710 0.004897179 0.327377528 0.093799561 0.940213621
1403636702063555584.000000 4.788493633 -0.222491413 4.447906017 0.006384237 0.335921288 0.098048426 0.936751187
1403636702113555456.000000 4.798804760 -0.218024939 4.436032295 0.007418356 0.346531779 0.102340624 0.932409346
1403636702163555584.000000 4.816949368 -0.208637595 4.432059765 0.008556270 0.357755512 0.105243407 0.927826285
1403636702213555456.000000 4.828280926 -0.203897715 4.419926167 0.008086836 0.367632776 0.109190553 0.923503220
1403636702263555584.000000 4.844929218 -0.184266806 4.422537327 0.007952551 0.376340061 0.112185918 0.919629931
1403636702313555456.000000 4.831893444 -0.183854878 4.432477951 0.004533668 0.386544138 0.114901103 0.915074229
1403636702363555584.000000 4.848713398 -0.166948080 4.427902222 0.001965311 0.392628580 0.116015330 0.912348330
1403636702413555456.000000 4.862963676 -0.150326133 4.426814079 -0.000917379 0.398791194 0.115703046 0.909712970
1403636702463555584.000000 4.880426884 -0.133014917 4.426978111 -0.004071753 0.403562695 0.116589069 0.907484233
1403636702513555456.000000 4.896190166 -0.115654767 4.426883698 -0.006273548 0.407759100 0.115952961 0.905675530
1403636702563555584.000000 4.913860321 -0.095279038 4.426144600 -0.007758268 0.410486966 0.116087317 0.904413640
1403636702613555456.000000 4.931791782 -0.075382113 4.424215794 -0.010065459 0.412427902 0.116435885 0.903462648
1403636702663555584.000000 4.942165852 -0.053277075 4.429332256 -0.012875221 0.414530665 0.116231330 0.902490377
1403636702713555456.000000 4.963353157 -0.030878663 4.432952404 -0.014654184 0.415731996 0.115827337 0.901962459
1403636702763555584.000000 4.979864120 -0.008565247 4.432375908 -0.015206134 0.415594667 0.117144212 0.901846468
1403636702813555456.000000 4.996205330 0.013936102 4.439754009 -0.018024648 0.415876716 0.116407767 0.901759982
1403636702863555584.000000 5.015352726 0.038738787 4.444440842 -0.019165462 0.415748388 0.116810411 0.901743531
1403636702913555456.000000 5.031270027 0.060089290 4.453588009 -0.020156894 0.415539294 0.117514752 0.901726782
1403636702963555584.000000 5.048495293 0.079428852 4.460510254 -0.020114170 0.414850384 0.116871618 0.902128458
1403636703013555456.000000 5.065143108 0.093988061 4.468192101 -0.017396843 0.414021641 0.118200861 0.902392387
1403636703063555584.000000 5.084431648 0.108431339 4.475445747 -0.014483421 0.413287610 0.118169680 0.902784348
1403636703113555456.000000 5.100681782 0.120372951 4.485213280 -0.008991729 0.412480474 0.120054185 0.902976215
1403636703163555584.000000 5.115876198 0.124477327 4.493695736 -0.001315140 0.411173433 0.122452736 0.903293967
1403636703213555456.000000 5.135035992 0.132710040 4.499810219 0.004847866 0.409076214 0.125435576 0.903824687
1403636703263555584.000000 5.135212421 0.123892188 4.510220528 0.011260934 0.408798039 0.130809441 0.903131366
1403636703313555456.000000 5.155176640 0.128026783 4.516781807 0.016762735 0.407353580 0.134156197 0.903207779
1403636703363555584.000000 5.177727222 0.133802056 4.519332409 0.019594450 0.406814426 0.133910298 0.903430223
1403636703413555456.000000 5.197423935 0.136699557 4.525059700 0.019020377 0.408191204 0.129954234 0.903399229
1403636703463555584.000000 5.218973637 0.141296268 4.526981354 0.015281405 0.409664333 0.124814831 0.903528035
1403636703513555456.000000 5.241245747 0.143020153 4.525633812 0.010353890 0.410886616 0.119750865 0.903728247
1403636703563555584.000000 5.263261795 0.143055439 4.525299072 0.006648702 0.411897063 0.115746684 0.903824866
1403636703613555456.000000 5.283887863 0.141366184 4.526595116 0.002825227 0.412031114 0.114543423 0.903937101
1403636703663555584.000000 5.303625584 0.137597084 4.526052952 0.000425126 0.411687791 0.114188351 0.904142678
1403636703713555456.000000 5.328001499 0.136432588 4.523504257 -0.000675027 0.410840183 0.114696272 0.904463828
1403636703763555584.000000 5.343290806 0.133403659 4.524819374 0.000701797 0.410467535 0.114444695 0.904664755
1403636703813555456.000000 5.365291119 0.134144783 4.524686813 0.003166609 0.409254611 0.115376703 0.905090570
1403636703863555584.000000 5.381779194 0.134444058 4.527758598 0.006248131 0.408468306 0.116196081 0.905324876
1403636703913555456.000000 5.402586937 0.134152591 4.529317856 0.008997523 0.406981260 0.117474601 0.905806303
1403636703963555584.000000 5.420933723 0.136119187 4.530111313 0.010505258 0.406290770 0.117895007 0.906045377
1403636704013555456.000000 5.434547424 0.137876332 4.534021378 0.012150748 0.405101806 0.119114988 0.906397641
1403636704063555584.000000 5.458463192 0.142537475 4.534343719 0.013417466 0.403397381 0.120276392 0.906986296
1403636704113555456.000000 5.479853630 0.149862349 4.536158562 0.011961413 0.402320623 0.120947361 0.907395661
1403636704163555584.000000 5.496330261 0.160632372 4.538636208 0.008907978 0.401735514 0.120331571 0.907771766
1403636704213555456.000000 5.517191410 0.170235157 4.540480137 0.004782730 0.401005626 0.120299533 0.908129811
1403636704263555584.000000 5.529611588 0.176048994 4.542013645 0.000237118 0.400783747 0.120016374 0.908277750
1403636704313555456.000000 5.556028366 0.187697470 4.543050289 -0.002736224 0.400306284 0.118850030 0.908637524
1403636704363555584.000000 5.572529316 0.191653788 4.544902802 -0.005599028 0.400422871 0.117661551 0.908727705
1403636704413555456.000000 5.590819836 0.196024150 4.545161724 -0.007170176 0.399797648 0.118498653 0.908883154
1403636704463555584.000000 5.614588737 0.202001899 4.545733929 -0.010255818 0.399491191 0.117144980 0.909163713
1403636704513555456.000000 5.636841297 0.201494664 4.547852516 -0.013266003 0.399602205 0.116741933 0.909127891
1403636704563555584.000000 5.659715176 0.199306488 4.548555374 -0.015363056 0.398966342 0.117930770 0.909220636
1403636704613555456.000000 5.672337532 0.194989085 4.553135872 -0.018093865 0.399405926 0.117281869 0.909061372
1403636704663555584.000000 5.698331833 0.194483161 4.557090759 -0.020106353 0.399089634 0.117284387 0.909157634
1403636704713555456.000000 5.723952770 0.194688678 4.560031891 -0.025075752 0.398288250 0.117856197 0.909311652
1403636704763555584.000000 5.727131844 0.184905589 4.569428921 -0.028530626 0.399014860 0.117727913 0.908907771
1403636704813555456.000000 5.750726223 0.187883258 4.576948166 -0.031826336 0.397998035 0.119205147 0.909051597
1403636704863555584.000000 5.776243210 0.191688836 4.586803436 -0.035186533 0.396932334 0.120755456 0.909189105
1403636704913555456.000000 5.803636074 0.196077347 4.596883297 -0.037564769 0.395420730 0.122471973 0.909523010
1403636704963555584.000000 5.832096100 0.200873852 4.610348701 -0.040835865 0.394543171 0.122627795 0.909742057
1403636705013555456.000000 5.861448288 0.205460846 4.626537323 -0.043148678 0.394169152 0.122336425 0.909836650
1403636705063555584.000000 5.892455101 0.210885048 4.641215324 -0.044037886 0.393935233 0.121180378 0.910050035
1403636705113555456.000000 5.921271801 0.213775575 4.658623695 -0.039471932 0.394270182 0.118622757 0.910451353
1403636705163555584.000000 5.956392288 0.216071099 4.679925919 -0.031436503 0.395044923 0.114285633 0.910983086
1403636705213555456.000000 5.985671043 0.216267586 4.700274467 -0.023302823 0.396461964 0.109071560 0.911251009
1403636705263555584.000000 6.021402836 0.217506826 4.716925621 -0.016701102 0.396725059 0.105074696 0.911750913
1403636705313555456.000000 6.048002720 0.216323256 4.739922523 -0.012489126 0.397455961 0.102145053 0.911832929
1403636705363555584.000000 6.078835011 0.209271044 4.761093140 -0.009643276 0.397502571 0.101613306 0.911906540
1403636705413555456.000000 6.112039566 0.206814051 4.785191059 -0.011122339 0.397228777 0.102134392 0.911950767
1403636705463555584.000000 6.144658566 0.197404027 4.809053421 -0.013162566 0.396934003 0.104056329 0.911834657
1403636705513555456.000000 6.161038876 0.192600906 4.833827019 -0.016907565 0.397338003 0.106071293 0.911364675
1403636705563555584.000000 6.192890644 0.191173583 4.857122898 -0.020146063 0.396958292 0.107351013 0.911314428
1403636705613555456.000000 6.225870609 0.186996043 4.881371021 -0.021510843 0.396478176 0.108753547 0.911326051
1403636705663555584.000000 6.256507874 0.185863674 4.909760475 -0.022776999 0.396802694 0.109351136 0.911082506
1403636705713555456.000000 6.290261745 0.182787478 4.937090874 -0.020989122 0.396961302 0.109446771 0.911044836
1403636705763555584.000000 6.322430611 0.182565689 4.969503403 -0.017858297 0.397260219 0.109308377 0.910997868
1403636705813555456.000000 6.356172562 0.180606902 4.999780655 -0.013688230 0.396616727 0.109844059 0.911285937
1403636705863555584.000000 6.385077953 0.177863538 5.029344559 -0.008495519 0.396633983 0.110117972 0.911308587
1403636705913555456.000000 6.416246891 0.173363864 5.063105583 -0.002342789 0.396022797 0.112289689 0.911346018
1403636705963555584.000000 6.451055050 0.165405095 5.088331223 0.003314392 0.394191265 0.115872435 0.911688507
1403636706013555456.000000 6.484439850 0.155683100 5.120532990 0.009033953 0.391983271 0.120128587 0.912050784
1403636706063555584.000000 6.514168262 0.147783816 5.146987915 0.014159783 0.389519662 0.125724092 0.912286937
1403636706113555456.000000 6.542460442 0.141283214 5.176660538 0.019785920 0.387939811 0.129017994 0.912395537
1403636706163555584.000000 6.576456547 0.133365571 5.203737259 0.020562571 0.388162524 0.126094967 0.912692249
1403636706213555456.000000 6.610074043 0.128078520 5.228120804 0.018393753 0.389384091 0.119528875 0.913101614
1403636706263555584.000000 6.644165516 0.125119507 5.250331879 0.015111925 0.390263677 0.115156785 0.913348198
1403636706313555456.000000 6.679539680 0.124563396 5.281625748 0.010392182 0.391904682 0.108233653 0.913558006
1403636706363555584.000000 6.714850426 0.124348998 5.303338051 0.005505332 0.392297894 0.104588233 0.913856387
1403636706413555456.000000 6.748425961 0.125871778 5.325160027 0.001390675 0.392623037 0.101306073 0.914101958
1403636706463555584.000000 6.781754017 0.128100157 5.351763725 -0.002805587 0.392815113 0.099192210 0.914247990
1403636706513555456.000000 6.806187153 0.130548000 5.371905804 -0.005203520 0.393123925 0.097735986 0.914261580
1403636706563555584.000000 6.839864731 0.131259859 5.403337479 -0.007696889 0.393633008 0.096881405 0.914115906
1403636706613555456.000000 6.869052887 0.128775060 5.421195030 -0.008670158 0.393203884 0.097388141 0.914237976
1403636706663555584.000000 6.901632786 0.124991715 5.452329636 -0.010222921 0.393735111 0.097435698 0.913988292
1403636706713555456.000000 6.930325031 0.117067158 5.477394104 -0.012842640 0.393807769 0.097937465 0.913870215
1403636706763555584.000000 6.961669922 0.110378861 5.500236511 -0.014745748 0.393288195 0.100907810 0.913742125
1403636706813555456.000000 6.990894318 0.100672126 5.526497364 -0.017805554 0.393800288 0.102095768 0.913334966
1403636706863555584.000000 7.021893978 0.091967285 5.549128056 -0.019414777 0.394071400 0.103287920 0.913051188
1403636706913555456.000000 7.049626827 0.081335664 5.581582069 -0.019436939 0.395032048 0.104498193 0.912497759
1403636706963555584.000000 7.079069138 0.071241260 5.606386185 -0.019097928 0.396200538 0.104721881 0.911972523
1403636707013555456.000000 7.107726574 0.053984284 5.635924339 -0.016484736 0.397581130 0.103872262 0.911519706
1403636707063555584.000000 7.127063751 0.042451501 5.662540913 -0.013780952 0.399582714 0.102815926 0.910808802
1403636707113555456.000000 7.156343460 0.028992116 5.695136070 -0.011268292 0.401280969 0.102281988 0.910156667
1403636707163555584.000000 7.187715530 0.011926830 5.721250534 -0.011273247 0.402454317 0.102559179 0.909607172
1403636707213555456.000000 7.216312408 -0.002470851 5.750860214 -0.011718404 0.404174626 0.103097521 0.908777475
1403636707263555584.000000 7.246472836 -0.016503334 5.781718254 -0.012076803 0.405715048 0.103560328 0.908033490
1403636707313555456.000000 7.274340630 -0.033867776 5.813436031 -0.013553147 0.407474339 0.103375159 0.907245576
1403636707363555584.000000 7.300987244 -0.055152178 5.842676640 -0.014308129 0.408555865 0.103859335 0.906692207
1403636707413555456.000000 7.332129478 -0.078225493 5.870421410 -0.014966070 0.408919394 0.105156668 0.906368077
1403636707463555584.000000 7.358381748 -0.101149559 5.900214195 -0.016004670 0.409680396 0.104988031 0.906026185
1403636707513555456.000000 7.386261940 -0.130528867 5.930743694 -0.015894802 0.409654945 0.106761359 0.905832350
1403636707563555584.000000 7.414033413 -0.160904944 5.960083961 -0.015761940 0.409498066 0.108559415 0.905691862
1403636707613555456.000000 7.440236568 -0.188607275 5.998092651 -0.016159164 0.409262598 0.110968955 0.905499279
1403636707663555584.000000 7.472617626 -0.219673455 6.029282093 -0.014464606 0.406783521 0.118604742 0.905677080
1403636707713555456.000000 7.494319916 -0.240343392 6.074121475 -0.013564905 0.405997515 0.121109143 0.905712247
1403636707763555584.000000 7.521102905 -0.258185506 6.107741356 -0.012562158 0.404478461 0.125176176 0.905853391
1403636707813555456.000000 7.552801132 -0.279567003 6.142916679 -0.011124156 0.403801203 0.126505509 0.905989707
1403636707863555584.000000 7.573234558 -0.290833473 6.175857544 -0.009117697 0.403222799 0.126485288 0.906272471
1403636707913555456.000000 7.600005627 -0.302845478 6.215970993 -0.006680183 0.402750522 0.125737384 0.906607687
1403636707963555584.000000 7.634294033 -0.314888358 6.250997066 -0.005664589 0.401691079 0.124392092 0.907270014
1403636708013555456.000000 7.665117264 -0.323341846 6.292999268 -0.005099272 0.401271641 0.121780604 0.907813132
1403636708063555584.000000 7.694098473 -0.330055356 6.332828522 -0.004697169 0.401094884 0.118964851 0.908266664
1403636708113555456.000000 7.728103638 -0.333507001 6.370565414 -0.003509986 0.400306314 0.115562595 0.909058809
1403636708163555584.000000 7.753814697 -0.337026179 6.415928841 -0.002697451 0.400588423 0.112234980 0.909354210
1403636708213555456.000000 7.788701534 -0.337841451 6.451672554 -0.000624726 0.398821115 0.112393484 0.910114884
1403636708263555584.000000 7.821551800 -0.336935282 6.494876385 0.002592809 0.397313207 0.114279822 0.910535932
1403636708313555456.000000 7.855469704 -0.339883983 6.534934044 0.007712960 0.395081699 0.118802622 0.910898983
1403636708363555584.000000 7.883350372 -0.342898965 6.579582214 0.013107017 0.392718673 0.125002801 0.911029398
1403636708413555456.000000 7.915922642 -0.344562531 6.618721962 0.017702891 0.390689194 0.129935861 0.911134064
1403636708463555584.000000 7.945919514 -0.343014479 6.653783798 0.021794917 0.389191359 0.133667916 0.911146581
1403636708513555456.000000 7.987987995 -0.349426270 6.689739704 0.023363324 0.388214231 0.134704694 0.911371827
1403636708563555584.000000 8.012940407 -0.356293321 6.728910923 0.024768174 0.389461666 0.133035645 0.911047637
1403636708613555456.000000 8.049364090 -0.357322454 6.755610943 0.024351511 0.391169280 0.128408015 0.910991311
1403636708663555584.000000 8.090471268 -0.362159491 6.787837982 0.020696089 0.393332541 0.122624323 0.910947084
1403636708713555456.000000 8.115299225 -0.364099443 6.820940495 0.018706743 0.397671252 0.114228353 0.910197496
1403636708763555584.000000 8.150591850 -0.368696988 6.843111038 0.015186556 0.400081158 0.107343934 0.910044909
1403636708813555456.000000 8.184782028 -0.368982434 6.872063637 0.013979496 0.403400660 0.099969618 0.909438670
1403636708863555584.000000 8.217074394 -0.370124221 6.898691177 0.012248584 0.405464292 0.097716250 0.908790588
1403636708913555456.000000 8.249333382 -0.371306837 6.926562309 0.012955627 0.407892108 0.095202833 0.907960773
1403636708963555584.000000 8.283825874 -0.372978985 6.948009014 0.013076885 0.409888357 0.093189746 0.907268584
1403636709013555456.000000 8.307874680 -0.375806987 6.975455284 0.015849493 0.411841869 0.092828713 0.906376302
1403636709063555584.000000 8.332080841 -0.383026719 7.009366989 0.016332692 0.415301055 0.089427061 0.905130446
1403636709113555456.000000 8.360170364 -0.385313034 7.031097412 0.017950188 0.416462213 0.090126395 0.904496729
1403636709163555584.000000 8.386053085 -0.395527244 7.054348946 0.016145574 0.418073654 0.090157472 0.903783917
1403636709213555456.000000 8.403079033 -0.402879715 7.084392548 0.013772865 0.419537961 0.091964893 0.902962148
1403636709263555584.000000 8.424015999 -0.408041656 7.110751152 0.009994455 0.420485288 0.092948981 0.902470350
1403636709313555456.000000 8.442565918 -0.420073509 7.138846397 0.006564828 0.420767844 0.095091537 0.902146876
1403636709363555584.000000 8.459140778 -0.436863303 7.152900696 0.003066538 0.420158029 0.097794950 0.902160764
1403636709413555456.000000 8.479440689 -0.438990295 7.178624630 0.001026267 0.420599759 0.096538022 0.902094960
1403636709463555584.000000 8.490934372 -0.447116315 7.219046593 0.000680970 0.421113133 0.097205728 0.901784003
1403636709513555456.000000 8.504048347 -0.457656980 7.244211674 -0.001344149 0.421465516 0.096727632 0.901670098
1403636709563555584.000000 8.521965981 -0.461654127 7.268042088 -0.002397454 0.420533329 0.097208820 0.902051270
1403636709613555456.000000 8.526793480 -0.467486680 7.308884144 -0.004230157 0.421302974 0.097760148 0.901625693
1403636709663555584.000000 8.535110474 -0.472468555 7.337661743 -0.005335700 0.421106279 0.097799018 0.901707590
1403636709713555456.000000 8.550518990 -0.471569717 7.371167660 -0.005699866 0.420394868 0.097031482 0.902120054
1403636709763555584.000000 8.557438850 -0.474249184 7.406671047 -0.005764879 0.419491917 0.097991064 0.902436197
1403636709813555456.000000 8.564008713 -0.491481066 7.437173367 -0.006784166 0.419252396 0.097109638 0.902635634
1403636709863555584.000000 8.576919556 -0.495237410 7.468521595 -0.005963927 0.417675883 0.097768925 0.903300941
1403636709913555456.000000 8.581044197 -0.507663190 7.497947693 -0.006392210 0.417362720 0.096876480 0.903538883
1403636709963555584.000000 8.594964027 -0.511381805 7.527338505 -0.005320223 0.416156560 0.095567442 0.904241264
1403636710013555456.000000 8.588922501 -0.522340238 7.569498539 -0.004824024 0.416307360 0.095749982 0.904155374
1403636710063555584.000000 8.596952438 -0.532446265 7.600575447 -0.004228956 0.415212125 0.095237061 0.904715955
1403636710113555456.000000 8.595875740 -0.542226613 7.636604786 -0.003182406 0.414539784 0.094206743 0.905136347
1403636710163555584.000000 8.603199959 -0.545303345 7.657661438 -0.002492261 0.412802637 0.093441173 0.906011343
1403636710213555456.000000 8.604466438 -0.554030776 7.693688393 -0.002066070 0.411743313 0.092678696 0.906572640
1403636710263555584.000000 8.606367111 -0.560307443 7.730164528 -0.000859704 0.409743071 0.093537927 0.907392204
1403636710313555456.000000 8.605123520 -0.565432429 7.766103268 0.003336409 0.406492889 0.098266810 0.908348024
1403636710363555584.000000 8.602820396 -0.575163007 7.808999062 0.006567268 0.402449310 0.104862995 0.909392834
1403636710413555456.000000 8.601911545 -0.573739648 7.848039627 0.010324915 0.397030741 0.109580092 0.911181808
1403636710463555584.000000 8.601762772 -0.572821856 7.888865471 0.012710247 0.390314132 0.114048913 0.913502157
1403636710513555456.000000 8.596772194 -0.568262935 7.929650307 0.015505700 0.383370429 0.117051706 0.916016221
1403636710563555584.000000 8.594918251 -0.569576979 7.964237213 0.016474059 0.376230687 0.118272014 0.918798625
1403636710613555456.000000 8.593531609 -0.563813210 8.004537582 0.018152870 0.370014071 0.117883399 0.921337962
1403636710663555584.000000 8.590844154 -0.563893795 8.039879799 0.018213967 0.362924576 0.116536848 0.924323142
1403636710713555456.000000 8.588056564 -0.556888938 8.075954437 0.018660190 0.355921894 0.112906881 0.927482367
1403636710763555584.000000 8.588804245 -0.557520330 8.105298996 0.018220523 0.347773433 0.109169520 0.931022942
1403636710813555456.000000 8.594532013 -0.539234161 8.148264885 0.018089982 0.340602249 0.100196145 0.934678376
1403636710863555584.000000 8.589937210 -0.537649155 8.179843903 0.015178017 0.332940459 0.091916740 0.938334525
1403636710913555456.000000 8.590686798 -0.535011530 8.210090637 0.012520259 0.325008184 0.084110871 0.941880226
1403636710963555584.000000 8.589612007 -0.536313295 8.236808777 0.010639432 0.317670822 0.076772034 0.945028126
1403636711013555456.000000 8.588042259 -0.534256816 8.267059326 0.006770749 0.311898261 0.067975037 0.947656631
1403636711063555584.000000 8.585895538 -0.537185669 8.291289330 0.006133127 0.305764198 0.063870683 0.949942768
1403636711113555456.000000 8.583281517 -0.542730808 8.318558693 0.004461372 0.301784217 0.058303729 0.951581359
1403636711163555584.000000 8.578954697 -0.548570633 8.346197128 0.004652416 0.298505992 0.054754931 0.952824473
1403636711213555456.000000 8.573165894 -0.554867744 8.371450424 0.004674221 0.295927286 0.051881369 0.953789055
1403636711263555584.000000 8.568944931 -0.559185505 8.398608208 0.005152297 0.293862849 0.050509274 0.954498291
1403636711313555456.000000 8.565010071 -0.564331889 8.430059433 0.007454073 0.291503221 0.051833954 0.955135345
1403636711363555584.000000 8.557828903 -0.577399075 8.447307587 0.009145152 0.289373696 0.053425025 0.955680430
1403636711413555456.000000 8.546032906 -0.585368633 8.478847504 0.015403369 0.289159387 0.054381978 0.955610871
1403636711463555584.000000 8.540217400 -0.602090001 8.499284744 0.022849938 0.288342863 0.054707408 0.955690026
1403636711513555456.000000 8.527462959 -0.610971987 8.522673607 0.030130235 0.289085329 0.054275125 0.955288470
1403636711563555584.000000 8.510656357 -0.622303128 8.547881126 0.034818403 0.291498214 0.050817501 0.954585850
1403636711613555456.000000 8.494482994 -0.632068753 8.567607880 0.037380833 0.293560296 0.048419204 0.953981459
1403636711663555584.000000 8.483077049 -0.640341520 8.584289551 0.038313515 0.294651538 0.046751659 0.953691244
1403636711713555456.000000 8.474534035 -0.649844229 8.602731705 0.036397398 0.296003044 0.045232274 0.953420997
1403636711763555584.000000 8.448287964 -0.658686399 8.616932869 0.035512075 0.297756523 0.045684692 0.952886641
1403636711813555456.000000 8.428218842 -0.665792704 8.643827438 0.033784918 0.298656732 0.048599221 0.952523470
1403636711863555584.000000 8.403721809 -0.672672570 8.662387848 0.031414527 0.298443794 0.053883869 0.952386975
1403636711913555456.000000 8.380655289 -0.689105630 8.676305771 0.028196359 0.297373712 0.061278433 0.952375412
1403636711963555584.000000 8.360412598 -0.697947085 8.687683105 0.026455203 0.295740038 0.068673894 0.952429473
1403636712013555456.000000 8.339893341 -0.706807733 8.692203522 0.025406588 0.293566436 0.075563259 0.952608824
1403636712063555584.000000 8.309716225 -0.717365086 8.705872536 0.025233058 0.292873770 0.081760183 0.952314854
1403636712113555456.000000 8.274374962 -0.733432412 8.736472130 0.026207570 0.294781059 0.085337996 0.951385736
1403636712163555584.000000 8.252648354 -0.747808635 8.738002777 0.027295474 0.293351650 0.086344950 0.951706052
1403636712213555456.000000 8.233805656 -0.764221072 8.734140396 0.025695000 0.291351318 0.081460901 0.952795029
1403636712263555584.000000 8.196011543 -0.778320909 8.752435684 0.023997381 0.290660262 0.074437447 0.953624606
1403636712313555456.000000 8.172333717 -0.789818168 8.757168770 0.024116041 0.286494046 0.066438787 0.955471396
1403636712363555584.000000 8.167338371 -0.796926260 8.737405777 0.023420108 0.278850347 0.058248844 0.958280325
1403636712413555456.000000 8.142017365 -0.815876603 8.735264778 0.022873217 0.273499280 0.052546583 0.960163474
1403636712463555584.000000 8.110484123 -0.823031783 8.750312805 0.024477536 0.269647211 0.046150815 0.961541116
1403636712513555456.000000 8.085359573 -0.843453288 8.744743347 0.024688374 0.263490468 0.042398762 0.963413596
1403636712563555584.000000 8.051858902 -0.862448394 8.744132996 0.025681108 0.258781075 0.040175326 0.964758456
1403636712613555456.000000 8.024430275 -0.883456230 8.741847992 0.028318631 0.253190756 0.038774755 0.966224134
1403636712663555584.000000 7.994550228 -0.902809381 8.735926628 0.032318186 0.247677758 0.038989700 0.967518091
1403636712713555456.000000 7.961933613 -0.918383956 8.730920792 0.035952091 0.243179068 0.039092287 0.968526363
1403636712763555584.000000 7.927785873 -0.933774531 8.725514412 0.037455771 0.239161819 0.039154369 0.969466746
1403636712813555456.000000 7.891639709 -0.945207596 8.722337723 0.036740631 0.236443639 0.039600249 0.970142484
1403636712863555584.000000 7.860944271 -0.950649261 8.718135834 0.035026491 0.233994514 0.040144354 0.970777094
1403636712913555456.000000 7.827250957 -0.958986342 8.708798409 0.032296903 0.232210815 0.040642280 0.971279204
1403636712963555584.000000 7.794062614 -0.963551044 8.701004982 0.028883882 0.231420889 0.040463075 0.971582651
1403636713013555456.000000 7.759541035 -0.970339537 8.693133354 0.026141234 0.231617957 0.039016586 0.971672535
1403636713063555584.000000 7.724752426 -0.971280575 8.684956551 0.026951127 0.230834857 0.039699666 0.971809089
1403636713113555456.000000 7.689831734 -0.977544546 8.674684525 0.027680989 0.229253501 0.041215487 0.972099781
1403636713163555584.000000 7.652141094 -0.982545495 8.665447235 0.027054448 0.228200302 0.042476527 0.972310901
1403636713213555456.000000 7.619081497 -0.983063459 8.648553848 0.026179157 0.226999655 0.043579970 0.972567081
1403636713263555584.000000 7.578947067 -0.988958836 8.636656761 0.024100039 0.226775512 0.044625860 0.972625673
1403636713313555456.000000 7.545323372 -1.003140211 8.617760658 0.022409389 0.226601064 0.044725671 0.972702146
1403636713363555584.000000 7.508968353 -1.017954350 8.604106903 0.019952241 0.226955876 0.045514058 0.972636342
1403636713413555456.000000 7.473789215 -1.022148609 8.584967613 0.020875735 0.226054862 0.047277346 0.972742677
1403636713463555584.000000 7.435204983 -1.035984278 8.563222885 0.020821808 0.225903794 0.049199708 0.972683609
1403636713513555456.000000 7.397899628 -1.049399614 8.545690536 0.020525739 0.225885496 0.051628515 0.972568214
1403636713563555584.000000 7.363553524 -1.067596912 8.525274277 0.020859016 0.225474849 0.054325115 0.972509563
1403636713613555456.000000 7.330245972 -1.082773805 8.499440193 0.019804573 0.224809155 0.058998827 0.972413421
1403636713663555584.000000 7.295629978 -1.095078826 8.474229813 0.018372953 0.224145815 0.062262010 0.972391188
1403636713713555456.000000 7.259819984 -1.105015039 8.449089050 0.018029764 0.223765552 0.065770619 0.972254157
1403636713763555584.000000 7.224148750 -1.114209533 8.431762695 0.017482972 0.224386975 0.069154344 0.971886098
1403636713813555456.000000 7.210214615 -1.123239398 8.414194107 0.016415602 0.224007979 0.071164206 0.971847057
1403636713863555584.000000 7.177983284 -1.128270268 8.391067505 0.016332626 0.224923596 0.071637064 0.971602142
1403636713913555456.000000 7.146389008 -1.131534815 8.367725372 0.015482820 0.226489246 0.070364803 0.971345365
1403636713963555584.000000 7.117847919 -1.133895397 8.345756531 0.014473998 0.228161916 0.068317339 0.971115589
1403636714013555456.000000 7.089262009 -1.137109756 8.322460175 0.012644307 0.229820177 0.067319646 0.970819712
1403636714063555584.000000 7.059931755 -1.135303497 8.298806190 0.012334320 0.232630804 0.062681444 0.970464826
1403636714113555456.000000 7.034720898 -1.132572174 8.278090477 0.011762873 0.234222814 0.062068742 0.970128238
1403636714163555584.000000 7.008441925 -1.133368134 8.249260902 0.011259179 0.235453472 0.060952127 0.969907165
1403636714213555456.000000 6.980005264 -1.128903151 8.233228683 0.013010195 0.237234280 0.060881048 0.969455659
1403636714263555584.000000 6.954346180 -1.124156475 8.209649086 0.014672923 0.237423420 0.063057676 0.969246387
1403636714313555456.000000 6.929620266 -1.120102882 8.188701630 0.015474661 0.237742856 0.065456226 0.968996644
1403636714363555584.000000 6.903678417 -1.116875768 8.166299820 0.014319817 0.238500029 0.066742018 0.968740523
1403636714413555456.000000 6.879503727 -1.106889725 8.142514229 0.010690631 0.239073366 0.067304052 0.968607187
1403636714463555584.000000 6.855062485 -1.100934982 8.117038727 0.005806908 0.238007829 0.068486206 0.968828261
1403636714513555456.000000 6.835999489 -1.088524580 8.095333099 0.001481647 0.235124350 0.068875842 0.969520748
1403636714563555584.000000 6.812720299 -1.078592539 8.074001312 -0.002699771 0.230623573 0.069441639 0.970558286
1403636714613555456.000000 6.787786961 -1.070575714 8.054522514 -0.006804307 0.224985629 0.068766020 0.971908689
1403636714663555584.000000 6.767473698 -1.058328986 8.034100533 -0.009205380 0.218081206 0.065984108 0.973653913
1403636714713555456.000000 6.747762680 -1.049129009 8.011959076 -0.011694504 0.209291935 0.062637940 0.975774884
1403636714763555584.000000 6.728534698 -1.037209034 7.988946915 -0.013233538 0.199280888 0.058035672 0.978132904
1403636714813555456.000000 6.707676411 -1.031898379 7.967828751 -0.013828218 0.188865513 0.051539093 0.980552077
1403636714863555584.000000 6.690202713 -1.025090933 7.947995186 -0.013965841 0.177482992 0.043584909 0.983059108
1403636714913555456.000000 6.671396732 -1.025331020 7.929408073 -0.015001412 0.165449217 0.036932264 0.985412359
1403636714963555584.000000 6.647260666 -1.022550225 7.907694340 -0.015726540 0.153084606 0.031985302 0.987570107
1403636715013555456.000000 6.632007599 -1.030506492 7.883412361 -0.017131235 0.141901776 0.026653681 0.989373624
1403636715063555584.000000 6.614750862 -1.024386764 7.860228539 -0.016751165 0.131515607 0.022554459 0.990915954
1403636715113555456.000000 6.603441238 -1.039011836 7.842863560 -0.019230308 0.123074591 0.017297791 0.992060363
1403636715163555584.000000 6.603486061 -1.044715762 7.823092937 -0.019623157 0.114638485 0.015138743 0.993098080
1403636715213555456.000000 6.588537216 -1.052982092 7.804786682 -0.019938944 0.108965062 0.012275863 0.993769825
1403636715263555584.000000 6.572852612 -1.060781002 7.790706158 -0.018821128 0.104096591 0.011123594 0.994326949
1403636715313555456.000000 6.560529232 -1.067605019 7.776480675 -0.016425801 0.099698506 0.011467538 0.994816005
1403636715363555584.000000 6.543121338 -1.073337793 7.766289234 -0.014526214 0.097172238 0.010717046 0.995103896
1403636715413555456.000000 6.531287670 -1.079592586 7.751329422 -0.010314927 0.093826003 0.013628088 0.995441914
1403636715463555584.000000 6.519006252 -1.085188746 7.738382339 -0.006302934 0.091495395 0.016460966 0.995649457
1403636715513555456.000000 6.504752159 -1.087322235 7.731169701 -0.002133769 0.089155577 0.021789771 0.995777071
1403636715563555584.000000 6.492340565 -1.088789821 7.719316483 0.001396054 0.086250015 0.029365491 0.995839715
1403636715613555456.000000 6.483768940 -1.089909077 7.710110664 0.001954977 0.085199468 0.032254461 0.995839834
1403636715663555584.000000 6.472765446 -1.084047914 7.702460289 0.006724807 0.086375162 0.031385768 0.995745540
1403636715713555456.000000 6.466527939 -1.079047680 7.696008205 0.012893694 0.088666566 0.026318824 0.995630145
1403636715763555584.000000 6.460098267 -1.075046301 7.688034534 0.017963290 0.091431893 0.021229286 0.995422959
1403636715813555456.000000 6.451988697 -1.068868518 7.681582928 0.022818398 0.094525553 0.016788840 0.995119333
1403636715863555584.000000 6.449712276 -1.067975521 7.669505596 0.026799828 0.095959239 0.013724842 0.994929790
1403636715913555456.000000 6.445116997 -1.063132405 7.659497261 0.031050196 0.098476470 0.009892548 0.994605660
1403636715963555584.000000 6.437970161 -1.064058661 7.641018867 0.033488885 0.100215688 0.009140403 0.994359970
1403636716013555456.000000 6.432709217 -1.063228011 7.630634785 0.034794733 0.101476595 0.008679246 0.994191408
1403636716063555584.000000 6.426609993 -1.060527205 7.612644196 0.034710582 0.102760322 0.008970970 0.994059920
1403636716113555456.000000 6.420750618 -1.062462449 7.596270084 0.033538487 0.103413202 0.011658119 0.994004548
1403636716163555584.000000 6.410882473 -1.063677073 7.577610493 0.028554121 0.104569301 0.014120858 0.994007349
1403636716213555456.000000 6.404094696 -1.066367507 7.556253910 0.021794643 0.105303355 0.017342720 0.994050086
1403636716263555584.000000 6.400645256 -1.065137863 7.539793491 0.017851038 0.107010707 0.018912418 0.993917704
1403636716313555456.000000 6.390789986 -1.065882564 7.516843796 0.013766500 0.108570375 0.019975219 0.993792772
1403636716363555584.000000 6.387670040 -1.061399341 7.500988483 0.011120247 0.110057697 0.021323849 0.993634284
1403636716413555456.000000 6.385394096 -1.059468508 7.478496552 0.010601569 0.111223631 0.022170350 0.993491530
1403636716463555584.000000 6.385182381 -1.051365137 7.459296227 0.009888389 0.112224936 0.022112986 0.993387580
1403636716513555456.000000 6.378131866 -1.045595288 7.440831184 0.010159308 0.113838084 0.022313626 0.993196785
1403636716563555584.000000 6.368946075 -1.035693288 7.422759533 0.010588702 0.114623979 0.019854125 0.993154109
1403636716613555456.000000 6.361973763 -1.031930804 7.401258469 0.009902040 0.113623396 0.018295711 0.993306100
1403636716663555584.000000 6.357994556 -1.017079353 7.378759861 0.010936099 0.110356487 0.016673721 0.993692040
1403636716713555456.000000 6.350230217 -1.007389545 7.359819889 0.010573149 0.106025934 0.014651930 0.994199216
1403636716763555584.000000 6.350005627 -0.995920718 7.342378139 0.010900694 0.100036889 0.013336246 0.994834661
1403636716813555456.000000 6.340348721 -0.979762971 7.319144726 0.011211953 0.092999399 0.011623234 0.995535195
1403636716863555584.000000 6.334575653 -0.964662135 7.300827980 0.010963264 0.084329784 0.009595793 0.996331394
1403636716913555456.000000 6.329466343 -0.954388797 7.278029919 0.010531765 0.074375838 0.007465077 0.997146785
1403636716963555584.000000 6.316909313 -0.940839171 7.260359287 0.008864692 0.063700803 0.002705694 0.997926056
1403636717013555456.000000 6.309562683 -0.934908628 7.233243465 0.008627857 0.051879134 -0.001124189 0.998615503
1403636717063555584.000000 6.308312893 -0.923427820 7.206657410 0.007963000 0.039509494 -0.005149997 0.999174297
1403636717113555456.000000 6.299295902 -0.916719437 7.184105873 0.007501785 0.028287778 -0.009348229 0.999527991
1403636717163555584.000000 6.290979385 -0.911024392 7.163107872 0.007279554 0.019423179 -0.013782996 0.999689877
1403636717213555456.000000 6.282872200 -0.912306190 7.135700226 0.006065115 0.011432785 -0.017481787 0.999763429
1403636717263555584.000000 6.278117657 -0.903921723 7.112895966 0.006155889 0.005225727 -0.022548899 0.999713182
1403636717313555456.000000 6.273231506 -0.891884744 7.097221851 0.006036544 0.001310708 -0.029584225 0.999543250
1403636717363555584.000000 6.266990185 -0.890663922 7.071612358 0.005971347 -0.001175676 -0.037706256 0.999270380
1403636717413555456.000000 6.257590294 -0.890532374 7.050398350 0.005978586 -0.002586924 -0.044153869 0.999003530
1403636717463555584.000000 6.247471809 -0.888929248 7.016531944 0.005726554 -0.004496344 -0.047975928 0.998821974
1403636717513555456.000000 6.240428448 -0.877308667 6.998525620 0.006080974 -0.006289444 -0.049109913 0.998755097
1403636717563555584.000000 6.232839108 -0.872193933 6.971698761 0.006624793 -0.008571298 -0.047682088 0.998803854
1403636717613555456.000000 6.213277340 -0.860624552 6.948017597 0.006264295 -0.009947639 -0.044440240 0.998942912
1403636717663555584.000000 6.206422329 -0.852868140 6.925324917 0.007000337 -0.011063829 -0.042913653 0.998993039
1403636717713555456.000000 6.196842194 -0.840177894 6.908641338 0.008004304 -0.011686706 -0.041121844 0.999053776
1403636717763555584.000000 6.180098057 -0.831480205 6.886928082 0.006729336 -0.011415509 -0.044774439 0.998909235
1403636717813555456.000000 6.160206318 -0.813806057 6.865957260 0.006488333 -0.012838494 -0.046103954 0.998833120
1403636717863555584.000000 6.154255867 -0.800752461 6.841607571 0.005935936 -0.016780457 -0.049292646 0.998625815
1403636717913555456.000000 6.129590511 -0.787635684 6.820727348 0.005461877 -0.021025421 -0.052808575 0.998368382
1403636717963555584.000000 6.113607407 -0.779771745 6.802073479 0.005557704 -0.026754256 -0.056137286 0.998049140
1403636718013555456.000000 6.093111038 -0.774432719 6.766503334 0.005338898 -0.034701828 -0.059043426 0.997637808
1403636718063555584.000000 6.062468529 -0.767637134 6.740295410 0.004808104 -0.042616863 -0.061028875 0.997214198
1403636718113555456.000000 6.037611961 -0.754611373 6.719923973 0.005674161 -0.053703982 -0.060465332 0.996708393
1403636718163555584.000000 6.009650707 -0.750774205 6.689045906 0.004729134 -0.064716905 -0.059907496 0.996092618
1403636718213555456.000000 5.981742382 -0.747451782 6.666105747 0.003903691 -0.074712105 -0.059243143 0.995436192
1403636718263555584.000000 5.955262661 -0.735386610 6.640581608 0.003563184 -0.083560333 -0.058423255 0.994782269
1403636718313555456.000000 5.927830696 -0.729002297 6.615933895 0.002199774 -0.091442898 -0.057579294 0.994141817
1403636718363555584.000000 5.939337254 -0.733288467 6.600044727 0.000706989 -0.102772579 -0.057826702 0.993022382
1403636718413555456.000000 5.915614605 -0.720414281 6.579411507 -0.000853417 -0.111596920 -0.058187757 0.992048264
1403636718463555584.000000 5.887174606 -0.706467450 6.554513931 -0.001331083 -0.120753042 -0.057209931 0.991031826
1403636718513555456.000000 5.860806465 -0.687842190 6.531694889 -0.001237168 -0.129960835 -0.058180172 0.989809990
1403636718563555584.000000 5.834139347 -0.672120452 6.508573055 -0.001876241 -0.138331339 -0.057044361 0.988740087
1403636718613555456.000000 5.810909271 -0.654539466 6.492295742 -0.002898967 -0.146076739 -0.055561215 0.987707555
1403636718663555584.000000 5.780314445 -0.635852695 6.472048283 -0.004061220 -0.153247938 -0.052132837 0.986803353
1403636718713555456.000000 5.759837627 -0.616587281 6.458467960 -0.005927462 -0.160087541 -0.050268151 0.985804200
1403636718763555584.000000 5.735408783 -0.592971087 6.436068535 -0.005562612 -0.164765373 -0.050192319 0.985039234
1403636718813555456.000000 5.716429234 -0.571220815 6.424003124 -0.005610249 -0.167764992 -0.054520275 0.984302342
1403636718863555584.000000 5.698240280 -0.548404872 6.410937309 -0.004450831 -0.169204608 -0.060993940 0.983681798
1403636718913555456.000000 5.677918434 -0.527552545 6.395702839 -0.002935912 -0.170040935 -0.066494077 0.983186722
1403636718963555584.000000 5.652029991 -0.510716677 6.374686718 -0.001185103 -0.169861734 -0.071356319 0.982880414
1403636719013555456.000000 5.632519245 -0.500104785 6.351655006 -0.000549131 -0.170257330 -0.075381465 0.982511997
1403636719063555584.000000 5.618353844 -0.492380559 6.335145950 0.001509384 -0.171304509 -0.077465020 0.982166886
1403636719113555456.000000 5.595669270 -0.484788924 6.307581425 0.004059593 -0.171069741 -0.078993097 0.982078850
1403636719163555584.000000 5.576881409 -0.475718498 6.293404579 0.007729502 -0.171691269 -0.078552380 0.981983721
1403636719213555456.000000 5.550056458 -0.470130444 6.258513927 0.011039356 -0.170829177 -0.078138947 0.982135355
1403636719263555584.000000 5.527238369 -0.465948522 6.249426365 0.014291083 -0.170633331 -0.077154145 0.982205331
1403636719313555456.000000 5.509438038 -0.460175365 6.226724148 0.016234746 -0.171171755 -0.074127667 0.982314467
1403636719363555584.000000 5.495568275 -0.448638439 6.209451675 0.018941538 -0.171382204 -0.072567262 0.982345879
1403636719413555456.000000 5.471750259 -0.432125419 6.189338684 0.020647436 -0.170595005 -0.070959695 0.982565939
1403636719463555584.000000 5.459558487 -0.419368297 6.178242683 0.021481331 -0.170975596 -0.069666952 0.982574463
1403636719513555456.000000 5.447614670 -0.398542613 6.158848286 0.021901429 -0.170605227 -0.068018571 0.982745051
1403636719563555584.000000 5.429742336 -0.383782804 6.145585060 0.018625535 -0.169361651 -0.067663714 0.983052075
1403636719613555456.000000 5.404884338 -0.371389627 6.119051456 0.015312537 -0.167911634 -0.066358216 0.983446896
1403636719663555584.000000 5.389719963 -0.358670324 6.093161106 0.011257354 -0.166382238 -0.066433735 0.983756483
1403636719713555456.000000 5.379858971 -0.334739089 6.088253975 0.008699805 -0.165253758 -0.066657826 0.983957469
1403636719763555584.000000 5.393395901 -0.340186387 6.071036339 0.005181545 -0.165782467 -0.064926773 0.984009087
1403636719813555456.000000 5.378478050 -0.331167012 6.046307564 0.002853523 -0.164073706 -0.064460471 0.984335542
1403636719863555584.000000 5.363608360 -0.324452251 6.022988796 0.002217265 -0.162538663 -0.063805722 0.984634578
1403636719913555456.000000 5.351853371 -0.319621384 5.999279976 0.001402895 -0.161397755 -0.062905736 0.984881520
1403636719963555584.000000 5.337649822 -0.312055379 5.976284981 -0.000280420 -0.160015360 -0.062343348 0.985143840
1403636720013555456.000000 5.324729443 -0.304599464 5.954113483 -0.000441794 -0.158498406 -0.062543094 0.985376298
1403636720063555584.000000 5.313939095 -0.297457337 5.931786537 -0.001371352 -0.158209056 -0.062264200 0.985439599
1403636720113555456.000000 5.301340103 -0.287490845 5.911028385 -0.001618129 -0.157254547 -0.062767930 0.985560060
1403636720163555584.000000 5.290195942 -0.278021634 5.892446518 -0.002963230 -0.156962454 -0.062903926 0.985594809
1403636720213555456.000000 5.277868748 -0.266925037 5.872632027 -0.003322538 -0.157036245 -0.062305454 0.985619903
1403636720263555584.000000 5.266711235 -0.254778564 5.852899551 -0.003167237 -0.156975359 -0.062200285 0.985636830
1403636720313555456.000000 5.256337166 -0.242246583 5.834023952 -0.003168571 -0.157312125 -0.061375361 0.985634804
1403636720363555584.000000 5.249357700 -0.227198511 5.820411205 -0.002912307 -0.157891721 -0.061594866 0.985529244
1403636720413555456.000000 5.239671230 -0.213290274 5.802191734 -0.003156393 -0.158590466 -0.061525654 0.985420585
1403636720463555584.000000 5.232764244 -0.198524728 5.789183617 -0.003454652 -0.159599304 -0.061007615 0.985288918
1403636720513555456.000000 5.221649170 -0.184309304 5.769781590 -0.004179404 -0.159959584 -0.060649838 0.985249817
1403636720563555584.000000 5.212140560 -0.177949920 5.750679493 -0.004884382 -0.160924584 -0.060146503 0.985120177
1403636720613555456.000000 5.209258556 -0.170704752 5.735247612 -0.005691661 -0.161492288 -0.061576121 0.984934628
1403636720663555584.000000 5.196050167 -0.158997864 5.713747025 -0.005433360 -0.162065074 -0.061087366 0.984872460
1403636720713555456.000000 5.194828510 -0.153181225 5.704398632 -0.003805003 -0.162464380 -0.061366167 0.984797001
1403636720763555584.000000 5.192215919 -0.149788707 5.691236019 -0.004020506 -0.161461890 -0.060331848 0.985024929
1403636720813555456.000000 5.182566166 -0.153497607 5.666528702 -0.004925120 -0.157767072 -0.059116710 0.985692978
1403636720863555584.000000 5.177954674 -0.148207039 5.652723312 -0.005008559 -0.152634457 -0.059732936 0.986463249
1403636720913555456.000000 5.174701214 -0.144276857 5.641741753 -0.004806251 -0.146427587 -0.057853673 0.987516522
1403636720963555584.000000 5.170042515 -0.137087494 5.627033710 -0.003298810 -0.139461160 -0.055583216 0.988660812
1403636721013555456.000000 5.164247990 -0.133093044 5.608114243 -0.002139526 -0.133542791 -0.051760342 0.989688158
1403636721063555584.000000 5.161935329 -0.128401488 5.598622799 -0.000120048 -0.126912773 -0.048439011 0.990730464
1403636721113555456.000000 5.165981770 -0.119552091 5.588157177 0.000958014 -0.120033860 -0.045048166 0.991746783
1403636721163555584.000000 5.164301395 -0.110615030 5.577768326 0.003518773 -0.111181892 -0.042215966 0.992896855
1403636721213555456.000000 5.162564278 -0.103055909 5.565851688 0.004822591 -0.102517031 -0.039657239 0.993928790
1403636721263555584.000000 5.166380405 -0.095617495 5.561825752 0.007921838 -0.095443532 -0.036173008 0.994745910
1403636721313555456.000000 5.162772179 -0.089923814 5.552268982 0.008171715 -0.088147581 -0.034132622 0.995488942
1403636721363555584.000000 5.166769505 -0.087862387 5.539414406 0.008383660 -0.081798568 -0.032316577 0.996089518
1403636721413555456.000000 5.166735172 -0.086584672 5.523996353 0.009159868 -0.076434411 -0.032051317 0.996517241
1403636721463555584.000000 5.164841175 -0.085857213 5.514567375 0.008782143 -0.071403690 -0.030811323 0.996932864
1403636721513555456.000000 5.169278145 -0.079265639 5.494100094 0.008617522 -0.065594174 -0.029720502 0.997366488
1403636721563555584.000000 5.171222210 -0.077193856 5.479455948 0.007871753 -0.059514821 -0.028860396 0.997779071
1403636721613555456.000000 5.175716400 -0.073698372 5.467748165 0.006963547 -0.053391580 -0.028700668 0.998136878
1403636721663555584.000000 5.175977707 -0.069936745 5.451560020 0.005614911 -0.047880664 -0.028779367 0.998422563
1403636721713555456.000000 5.179697514 -0.064492851 5.438641548 0.006484610 -0.043829367 -0.028598957 0.998608589
1403636721763555584.000000 5.184310436 -0.057214383 5.423161983 0.005805207 -0.040222585 -0.029801872 0.998729348
1403636721813555456.000000 5.187558174 -0.049731217 5.410252571 0.006032247 -0.038218856 -0.029392570 0.998818874
1403636721863555584.000000 5.189974785 -0.038121957 5.396101952 0.006887871 -0.037097402 -0.028635293 0.998877585
1403636721913555456.000000 5.192353249 -0.029636990 5.381456375 0.006806224 -0.036152620 -0.028662469 0.998911977
1403636721963555584.000000 5.194257259 -0.016921332 5.370482922 0.007307785 -0.035162248 -0.031410486 0.998861194
1403636722013555456.000000 5.197174549 -0.006197614 5.356379032 0.007427264 -0.034209602 -0.034881946 0.998778224
1403636722063555584.000000 5.199009418 0.004174195 5.341448784 0.007454651 -0.033555027 -0.038256176 0.998676658
1403636722113555456.000000 5.201020718 0.012004374 5.327723026 0.007254259 -0.034417063 -0.039099973 0.998616099
1403636722163555584.000000 5.199357986 0.016288914 5.311477661 0.006749132 -0.035546206 -0.038019836 0.998621762
1403636722213555456.000000 5.202495575 0.019664027 5.294732094 0.006487238 -0.037024159 -0.036927737 0.998610854
1403636722263555584.000000 5.203409195 0.018229790 5.276009560 0.005235260 -0.038603164 -0.035850771 0.998597622
1403636722313555456.000000 5.202450275 0.022198617 5.256532669 0.005941174 -0.040169075 -0.034144700 0.998591721
1403636722363555584.000000 5.201254368 0.023494139 5.241548538 0.005002060 -0.040496826 -0.033641968 0.998600662
1403636722413555456.000000 5.199804306 0.027319016 5.223834515 0.004710843 -0.038986262 -0.033466492 0.998668134
1403636722463555584.000000 5.201004982 0.033625912 5.209048271 0.005516523 -0.036570799 -0.032809410 0.998777151
1403636722513555456.000000 5.199828625 0.040931471 5.195773602 0.005669145 -0.034202378 -0.031783998 0.998893380
1403636722563555584.000000 5.200403214 0.050824933 5.178617001 0.005871013 -0.031963080 -0.030682035 0.999000788
1403636722613555456.000000 5.198033810 0.058056787 5.160718918 0.005455474 -0.029667346 -0.032006443 0.999032438
1403636722663555584.000000 5.199514866 0.068261519 5.148622036 0.005122863 -0.027838666 -0.031869296 0.999091148
1403636722713555456.000000 5.199464798 0.077140741 5.130385876 0.005431816 -0.026241250 -0.032299004 0.999118984
1403636722763555584.000000 5.197318077 0.091307573 5.121164799 0.005480727 -0.024519099 -0.033529568 0.999121904
1403636722813555456.000000 5.194961071 0.097946301 5.103122711 0.004525000 -0.023645960 -0.034264389 0.999122858
1403636722863555584.000000 5.197596550 0.104989812 5.086090565 0.004419786 -0.023014324 -0.034548678 0.999128282
1403636722913555456.000000 5.189892769 0.113136932 5.072921753 0.004428300 -0.022373622 -0.034192819 0.999154985
1403636722963555584.000000 5.183647156 0.116987608 5.060220718 0.004139496 -0.022599218 -0.032636862 0.999203146
1403636723013555456.000000 5.180621624 0.115929015 5.041585445 0.004383861 -0.023330927 -0.030715486 0.999246240
1403636723063555584.000000 5.172330379 0.114300184 5.023423672 0.005165705 -0.023812287 -0.028183563 0.999305785
1403636723113555456.000000 5.171031952 0.110500656 5.006308079 0.005106251 -0.024518641 -0.027388413 0.999311149
1403636723163555584.000000 5.173221111 0.111246437 4.984755039 0.005281391 -0.024839580 -0.027041743 0.999311745
1403636723213555456.000000 5.169761181 0.113591753 4.972666740 0.005442258 -0.024826026 -0.026369337 0.999329209
1403636723263555584.000000 5.162446022 0.111655153 4.949291229 0.004097830 -0.024078809 -0.027508577 0.999323130
1403636723313555456.000000 5.152792454 0.116328813 4.934913158 0.004521986 -0.022265460 -0.029734308 0.999299645
1403636723363555584.000000 5.151068211 0.122189313 4.914772987 0.004573582 -0.020353694 -0.030382950 0.999320626
1403636723413555456.000000 5.144213676 0.126472846 4.902820110 0.005146331 -0.015722569 -0.031799305 0.999357402
1403636723463555584.000000 5.148954868 0.132994309 4.882623672 0.007541924 -0.010961777 -0.032334112 0.999388576
1403636723513555456.000000 5.146978855 0.138734266 4.881091118 0.012152880 -0.005436979 -0.030402454 0.999449134
1403636723563555584.000000 5.141055584 0.142540708 4.857130527 0.018595682 -0.000595287 -0.026600508 0.999473035
1403636723613555456.000000 5.132019043 0.146179825 4.839054108 0.025796721 0.004374135 -0.023050474 0.999391913
1403636723663555584.000000 5.130945683 0.146627665 4.814756393 0.026682308 0.008322570 -0.020247577 0.999404311
1403636723713555456.000000 5.124804020 0.150412872 4.805484295 0.023198469 0.012529730 -0.018636126 0.999478698
1403636723763555584.000000 5.120862961 0.152908713 4.791200638 0.018777847 0.016321525 -0.016340841 0.999556899
1403636723813555456.000000 5.110213757 0.149148092 4.763131618 0.013179244 0.019212468 -0.014157465 0.999628305
1403636723863555584.000000 5.111074924 0.155648097 4.749252319 0.009919011 0.021421779 -0.011980719 0.999649525
1403636723913555456.000000 5.100511074 0.154977694 4.731717587 0.006159755 0.023855940 -0.009587008 0.999650478
1403636723963555584.000000 5.099362373 0.165190488 4.708605766 0.001799514 0.025635321 -0.007828534 0.999639153
1403636724013555456.000000 5.101525784 0.179923102 4.693276882 -0.001928105 0.028342074 -0.006471998 0.999575496
1403636724063555584.000000 5.087954521 0.183958352 4.686000347 -0.005568916 0.033389714 -0.004727945 0.999415755
1403636724113555456.000000 5.075167656 0.189272627 4.661383629 -0.009882746 0.039923299 -0.003464991 0.999147892
1403636724163555584.000000 5.073744774 0.204533368 4.631015778 -0.009667651 0.047321592 -0.002419008 0.998830020
1403636724213555456.000000 5.067373753 0.211335793 4.613694668 -0.011075198 0.055134166 0.001054759 0.998416960
1403636724263555584.000000 5.064727306 0.223444104 4.599848270 -0.010720694 0.064202748 0.003649269 0.997872591
1403636724313555456.000000 5.058506012 0.230550468 4.586911678 -0.009973114 0.074339718 0.005056476 0.997170329
1403636724363555584.000000 5.056191921 0.242699698 4.573053360 -0.007463358 0.084109940 0.007271704 0.996402025
1403636724413555456.000000 5.054316044 0.252072304 4.556848526 -0.004171061 0.093936808 0.009678294 0.995522439
1403636724463555584.000000 5.046651363 0.258335590 4.544152737 -0.002012628 0.102652207 0.012105048 0.994641662
1403636724513555456.000000 5.042694569 0.264907420 4.535093307 0.001253739 0.110025302 0.012607759 0.993848085
1403636724563555584.000000 5.037193298 0.267053753 4.527084827 0.003782694 0.116047308 0.014065749 0.993136942
1403636724613555456.000000 5.030382156 0.268321455 4.510719299 0.004194014 0.121286906 0.014933752 0.992496312
1403636724663555584.000000 5.026799202 0.269579768 4.496758461 0.005211148 0.124856412 0.015875999 0.992034137
1403636724713555456.000000 5.019140244 0.265767723 4.481045723 0.005000243 0.127722412 0.017069886 0.991650462
1403636724763555584.000000 5.009967327 0.258676171 4.466356277 0.004290798 0.130042657 0.018137522 0.991333246
1403636724813555456.000000 5.000302792 0.253159404 4.445415020 0.003277679 0.131265685 0.018565848 0.991167963
1403636724863555584.000000 4.991779327 0.245591715 4.428232193 0.002341506 0.131528720 0.019817069 0.991111577
1403636724913555456.000000 4.985085011 0.238582641 4.414577007 0.002148029 0.130755574 0.021771526 0.991173267
1403636724963555584.000000 4.975237846 0.225217924 4.396086216 0.001323312 0.129365221 0.024192486 0.991301000
1403636725013555456.000000 4.964992523 0.211164951 4.380800724 0.001248256 0.127799287 0.026797101 0.991437256
1403636725063555584.000000 4.961568832 0.199483320 4.361339569 0.002538362 0.125957519 0.029028485 0.991607606
1403636725113555456.000000 4.948745728 0.179779634 4.344277382 0.001942790 0.124773480 0.030754032 0.991706669
1403636725163555584.000000 4.941123009 0.163748413 4.329096794 0.001170437 0.123577088 0.032269217 0.991809487
1403636725213555456.000000 4.932054996 0.142910138 4.307636738 0.000914423 0.123307861 0.031330444 0.991873384
1403636725263555584.000000 4.922101498 0.126624227 4.292851448 0.000419824 0.122626320 0.031606376 0.991949499
1403636725313555456.000000 4.919614792 0.114810854 4.276061058 -0.000158861 0.122849092 0.029726891 0.991980076
1403636725363555584.000000 4.915676594 0.102204911 4.262304306 -0.000444572 0.122917995 0.028406402 0.992010176
1403636725413555456.000000 4.910549164 0.089857951 4.246259689 -0.000334794 0.123385042 0.026825318 0.991996169
1403636725463555584.000000 4.906083584 0.077300355 4.232577801 -0.000388638 0.123652592 0.025890997 0.991987705
1403636725513555456.000000 4.904863358 0.071187451 4.219494343 -0.000575109 0.123840734 0.024576396 0.991997600
1403636725563555584.000000 4.898070812 0.066590361 4.212119102 -0.000987673 0.124556638 0.023541965 0.991932750
1403636725613555456.000000 4.893555164 0.057651982 4.193046570 -0.001167902 0.124936201 0.022607287 0.991906583
1403636725663555584.000000 4.889457226 0.052109025 4.185977459 0.000553962 0.125289962 0.022234777 0.991870880
1403636725713555456.000000 4.885034561 0.045496289 4.174203873 0.000988057 0.125329271 0.022676401 0.991855502
1403636725763555584.000000 4.878617764 0.043574087 4.168025017 0.000473413 0.125630215 0.022389973 0.991824389
1403636725813555456.000000 4.874648571 0.041408330 4.157235146 0.000741178 0.125366405 0.022230418 0.991861224
1403636725863555584.000000 4.872077942 0.046282556 4.148313522 -0.000263108 0.124830686 0.023034373 0.991910696
1403636725913555456.000000 4.867520809 0.047131874 4.141902924 0.000129590 0.123988643 0.024821978 0.991973162
1403636725963555584.000000 4.864747047 0.046731617 4.130303383 -0.000954834 0.123020574 0.025486114 0.992076397
1403636726013555456.000000 4.862352848 0.051877901 4.122515202 0.000528001 0.122282952 0.026246713 0.992148101
1403636726063555584.000000 4.855838776 0.053995289 4.119108677 0.000530273 0.122295491 0.024879897 0.992181778
1403636726113555456.000000 4.854032040 0.059003156 4.111756802 0.000803368 0.122202218 0.023975702 0.992215335
1403636726163555584.000000 4.851305962 0.063237958 4.106667995 0.002469612 0.121869810 0.022332093 0.992291808
1403636726213555456.000000 4.847680092 0.071212374 4.101184845 0.003410731 0.121286392 0.021807838 0.992372155
1403636726263555584.000000 4.844580650 0.079749569 4.096990585 0.003618683 0.121030845 0.020622930 0.992427945
1403636726313555456.000000 4.841635704 0.086736642 4.088949203 0.004121963 0.120068118 0.020374361 0.992547989
1403636726363555584.000000 4.837162495 0.092600256 4.085562706 0.005299896 0.119936287 0.019044226 0.992584765
1403636726413555456.000000 4.835793972 0.098690376 4.082213402 0.006129024 0.119049840 0.018505068 0.992696941
1403636726463555584.000000 4.827815533 0.096595138 4.073665619 0.006865303 0.118300200 0.018824788 0.992775738
1403636726513555456.000000 4.824683189 0.093222439 4.068101406 0.007428866 0.116675600 0.021092566 0.992918313
1403636726563555584.000000 4.825273037 0.090805769 4.061399937 0.009777100 0.113531202 0.027551781 0.993104219
1403636726613555456.000000 4.813599110 0.085821107 4.044061661 0.011923123 0.110417590 0.035527352 0.993178546
1403636726663555584.000000 4.810328007 0.080343112 4.035557270 0.015484015 0.107554242 0.042278606 0.993179202
1403636726713555456.000000 4.813759804 0.074387692 4.026459694 0.015687564 0.106813967 0.043159328 0.993218005
1403636726763555584.000000 4.809927940 0.063938454 4.015110016 0.015965072 0.107945509 0.039244831 0.993253648
1403636726813555456.000000 4.813500404 0.058055505 4.009207726 0.015845917 0.109197609 0.033693634 0.993322492
1403636726863555584.000000 4.810853004 0.045946080 3.989753246 0.015625911 0.109132983 0.027388969 0.993526876
1403636726913555456.000000 4.815262318 0.034254517 3.973904610 0.014908259 0.108094856 0.022826141 0.993766725
1403636726963555584.000000 4.817377567 0.021531984 3.964200735 0.014340438 0.107069895 0.019120079 0.993964195
1403636727013555456.000000 4.813221455 0.003689827 3.946236372 0.014382500 0.106219918 0.017037725 0.994092643
1403636727063555584.000000 4.817163944 -0.008770615 3.935827255 0.014418469 0.105589956 0.014613045 0.994197905
1403636727113555456.000000 4.821888447 -0.023680486 3.918035030 0.013644121 0.104884960 0.012474794 0.994312525
1403636727163555584.000000 4.819022655 -0.036354072 3.900674343 0.012326549 0.105103351 0.009094304 0.994343400
1403636727213555456.000000 4.822081089 -0.045870677 3.886765242 0.011519331 0.105053864 0.006508725 0.994378507
1403636727263555584.000000 4.827851295 -0.061406732 3.864873409 0.010167262 0.104994453 0.003975169 0.994412899
1403636727313555456.000000 4.826650143 -0.067629866 3.851495981 0.009207409 0.105755657 0.001042165 0.994349003
1403636727363555584.000000 4.824572563 -0.075458646 3.832940817 0.007336705 0.105859809 0.000084217 0.994354010
1403636727413555456.000000 4.821398735 -0.076444119 3.823337555 0.007374790 0.106060401 -0.000771349 0.994332075
1403636727463555584.000000 4.819065094 -0.086047389 3.807021856 0.007076833 0.106331326 -0.002113732 0.994303405
1403636727513555456.000000 4.817360878 -0.091905244 3.793784380 0.009036559 0.105673999 -0.000069095 0.994359791
1403636727563555584.000000 4.810243607 -0.100974411 3.771100044 0.010760366 0.104667880 0.003307512 0.994443536
1403636727613555456.000000 4.802486420 -0.106755562 3.760978699 0.012556747 0.104488797 0.004283991 0.994437575
1403636727663555584.000000 4.794548512 -0.120036863 3.742449045 0.012935160 0.103865281 0.006138822 0.994488299
1403636727713555456.000000 4.789612293 -0.130090520 3.730365276 0.011171273 0.104034156 0.005860640 0.994493723
1403636727763555584.000000 4.794395447 -0.134897143 3.720710993 0.011010593 0.103786729 0.005031792 0.994525909
1403636727813555456.000000 4.788915634 -0.150481388 3.699795485 0.010036861 0.103959583 0.003647256 0.994524240
1403636727863555584.000000 4.781421185 -0.164759412 3.683513403 0.008583133 0.105760038 -0.001256652 0.994353890
1403636727913555456.000000 4.768161774 -0.179535389 3.666911840 0.008214710 0.107809260 -0.006012823 0.994119525
1403636727963555584.000000 4.759045124 -0.192659661 3.647609949 0.008097475 0.108201824 -0.006899364 0.994072020
1403636728013555456.000000 4.747072220 -0.207104892 3.629216909 0.007661699 0.107938871 -0.005471706 0.994112968
1403636728063555584.000000 4.737561226 -0.215915188 3.613588333 0.007729921 0.107463568 -0.003406517 0.994173169
1403636728113555456.000000 4.724197388 -0.228761047 3.595798492 0.009540338 0.106468029 -0.000249014 0.994270384
1403636728163555584.000000 4.711232185 -0.236744136 3.581313133 0.010961720 0.106347248 0.001694697 0.994267225
1403636728213555456.000000 4.697608471 -0.243990734 3.561172724 0.012293581 0.105719589 0.003309057 0.994314492
1403636728263555584.000000 4.684411049 -0.245086551 3.547591209 0.013374416 0.105483726 0.004406731 0.994321346
1403636728313555456.000000 4.670816898 -0.252377898 3.534881592 0.013002951 0.105180651 0.006281828 0.994348347
1403636728363555584.000000 4.654237270 -0.248314470 3.518824339 0.012911882 0.105637476 0.005772384 0.994304180
1403636728413555456.000000 4.643918514 -0.253129601 3.503903389 0.012580349 0.103840105 0.010114838 0.994463086
1403636728463555584.000000 4.622461796 -0.253459454 3.487593412 0.013795550 0.102452323 0.016082196 0.994512260
1403636728513555456.000000 4.608445168 -0.256271839 3.472332239 0.013986726 0.100097321 0.023706032 0.994596899
1403636728563555584.000000 4.593814850 -0.252259791 3.460347891 0.013840922 0.098312154 0.027096182 0.994690478
1403636728613555456.000000 4.579693794 -0.246635467 3.447620630 0.014639890 0.096008971 0.028441034 0.994866431
1403636728663555584.000000 4.563236713 -0.241405070 3.428659439 0.013456892 0.094062850 0.024142807 0.995182574
1403636728713555456.000000 4.554211140 -0.236040503 3.415542603 0.013133924 0.090640031 0.017717715 0.995639503
1403636728763555584.000000 4.535785198 -0.233104318 3.401534796 0.012250329 0.085840404 0.010904817 0.996173918
1403636728813555456.000000 4.519310951 -0.228196874 3.383199215 0.011427389 0.079619370 0.003837439 0.996752501
1403636728863555584.000000 4.504636765 -0.234003320 3.361732006 0.010871711 0.072913721 -0.001149983 0.997278392
1403636728913555456.000000 4.494966984 -0.231532335 3.346433163 0.012366400 0.066530630 -0.005709431 0.997691453
1403636728963555584.000000 4.478829384 -0.231685102 3.332434177 0.013265457 0.060998943 -0.008708185 0.998011768
1403636729013555456.000000 4.473122597 -0.225030467 3.312828541 0.015137663 0.054970976 -0.011003903 0.998312533
1403636729063555584.000000 4.452437878 -0.224799812 3.292472839 0.016551388 0.050855208 -0.013938440 0.998471677
1403636729113555456.000000 4.445005894 -0.219310582 3.278072834 0.017601427 0.046512641 -0.015331995 0.998644948
1403636729163555584.000000 4.432097435 -0.214087069 3.254967690 0.017355923 0.043359447 -0.016889881 0.998765945
1403636729213555456.000000 4.415593147 -0.208020523 3.237578869 0.015181547 0.040715147 -0.017308697 0.998905540
1403636729263555584.000000 4.400051594 -0.201329663 3.220021963 0.014091508 0.037897371 -0.015827319 0.999056935
1403636729313555456.000000 4.384961128 -0.192458749 3.198754311 0.013803682 0.036380004 -0.016379239 0.999108493
1403636729363555584.000000 4.366954327 -0.186473995 3.185702801 0.013680561 0.035148829 -0.015761390 0.999164164
1403636729413555456.000000 4.351746559 -0.177502722 3.166374445 0.014498010 0.034409821 -0.016575184 0.999165237
1403636729463555584.000000 4.335694790 -0.167471230 3.145371914 0.014859864 0.033892095 -0.016620697 0.999176800
1403636729513555456.000000 4.318508148 -0.161481693 3.127802849 0.014898855 0.033407148 -0.016693830 0.999191344
1403636729563555584.000000 4.300371170 -0.158519045 3.104630947 0.014111198 0.033051427 -0.016274523 0.999221563
1403636729613555456.000000 4.284570217 -0.155861661 3.084525108 0.013175415 0.032809738 -0.016418329 0.999239981
1403636729663555584.000000 4.268063545 -0.150900036 3.062668324 0.012775189 0.032515574 -0.015901158 0.999263108
1403636729713555456.000000 4.248112202 -0.151880413 3.036837101 0.013102172 0.032215763 -0.014642562 0.999287844
1403636729763555584.000000 4.228509903 -0.153676242 3.015174866 0.010960468 0.032815140 -0.015031857 0.999288321
1403636729813555456.000000 4.216802597 -0.150726229 2.990005016 0.008920433 0.032704774 -0.014326191 0.999322593
1403636729863555584.000000 4.198193073 -0.147415042 2.974842072 0.006126335 0.033579089 -0.014950655 0.999305546
1403636729913555456.000000 4.180298805 -0.147012427 2.945796490 0.004086406 0.033127494 -0.012644899 0.999362826
1403636729963555584.000000 4.165020466 -0.142790213 2.924714327 0.002159352 0.033480093 -0.013569077 0.999344945
1403636730013555456.000000 4.150305271 -0.138068438 2.899431229 0.000433547 0.033129994 -0.012624692 0.999371231
1403636730063555584.000000 4.130588531 -0.128694817 2.872792721 -0.000291527 0.032939218 -0.012543918 0.999378622
1403636730113555456.000000 4.111492157 -0.120049462 2.859506607 -0.000784078 0.032745663 -0.012660878 0.999383271
1403636730163555584.000000 4.095418453 -0.109670408 2.836528778 -0.000515440 0.032077290 -0.011729190 0.999416411
1403636730213555456.000000 4.075601101 -0.101969294 2.814798594 -0.001794674 0.032429349 -0.012412466 0.999395430
1403636730263555584.000000 4.074451447 -0.093187369 2.809876919 -0.001830210 0.031506807 -0.012225068 0.999427080
1403636730313555456.000000 4.060009956 -0.081136793 2.787353754 -0.000851073 0.030500101 -0.010267170 0.999481678
1403636730363555584.000000 4.044086933 -0.068310216 2.768339157 -0.001137896 0.029945198 -0.010019859 0.999500692
1403636730413555456.000000 4.024869442 -0.058330141 2.752726555 -0.002701875 0.030017184 -0.010773653 0.999487698
1403636730463555584.000000 4.008709908 -0.050358426 2.734436274 -0.006824119 0.029405981 -0.010516589 0.999488950
1403636730513555456.000000 3.992822886 -0.040692177 2.716351509 -0.010887869 0.029542070 -0.011427752 0.999438941
1403636730563555584.000000 3.979838610 -0.030770861 2.695772171 -0.014929996 0.028738542 -0.010525946 0.999420047
1403636730613555456.000000 3.960820198 -0.026071697 2.680467367 -0.017964389 0.028574036 -0.009877099 0.999381483
1403636730663555584.000000 3.944299936 -0.025305470 2.662620783 -0.019638568 0.028307520 -0.009221510 0.999363780
1403636730713555456.000000 3.929837465 -0.028005373 2.646866083 -0.020870186 0.027787060 -0.009220785 0.999353468
1403636730763555584.000000 3.910871983 -0.031019229 2.630984545 -0.022126641 0.028209066 -0.009693407 0.999310136
1403636730813555456.000000 3.898538828 -0.034678921 2.620432377 -0.022373751 0.027757542 -0.009720377 0.999316990
1403636730863555584.000000 3.877998829 -0.043217048 2.603790522 -0.023477901 0.027577771 -0.008212539 0.999310195
1403636730913555456.000000 3.865471125 -0.050488643 2.591124773 -0.023853706 0.026281975 -0.004271147 0.999360800
1403636730963555584.000000 3.849701643 -0.057220861 2.582187653 -0.022259330 0.024934402 0.000866584 0.999440908
1403636731013555456.000000 3.833244324 -0.061725724 2.575035810 -0.020388126 0.023932636 0.005930807 0.999488115
1403636731063555584.000000 3.820081711 -0.066645764 2.564707994 -0.014171924 0.022131497 0.012595608 0.999575317
1403636731113555456.000000 3.807088137 -0.073352791 2.558074236 -0.007175598 0.021700699 0.016336406 0.999605298
1403636731163555584.000000 3.789568186 -0.077086285 2.553400755 -0.001600810 0.021869322 0.018121257 0.999595344
1403636731213555456.000000 3.784609318 -0.078902200 2.545470476 0.002481080 0.022673594 0.016367586 0.999605834
1403636731263555584.000000 3.774128914 -0.078826360 2.545264244 0.005951074 0.024738953 0.012195792 0.999601901
1403636731313555456.000000 3.767497063 -0.081489488 2.532888412 0.007290808 0.026769454 0.006981130 0.999590695
1403636731363555584.000000 3.758911610 -0.080388322 2.530523062 0.007600512 0.028814664 0.002756526 0.999552071
1403636731413555456.000000 3.759062529 -0.079439312 2.526099682 0.006285784 0.030323787 -0.002021836 0.999518394
1403636731463555584.000000 3.752012491 -0.073093325 2.520781755 0.007206806 0.031040093 -0.003440032 0.999486268
1403636731513555456.000000 3.752690792 -0.066905238 2.514618158 0.006582628 0.030387897 -0.002027148 0.999514461
1403636731563555584.000000 3.744728804 -0.067199506 2.513183117 0.005837791 0.029154178 0.001887191 0.999556124
1403636731613555456.000000 3.737804890 -0.058826786 2.509762764 0.006276171 0.028524762 0.004540108 0.999563098
1403636731663555584.000000 3.737190485 -0.048777238 2.502908230 0.006371835 0.027361564 0.007208544 0.999579310
1403636731713555456.000000 3.734628677 -0.044052131 2.497935057 0.006189751 0.027673755 0.006529409 0.999576509
1403636731763555584.000000 3.735896349 -0.031384986 2.491552830 0.005966597 0.028512117 0.003720202 0.999568760
1403636731813555456.000000 3.736107349 -0.024191272 2.486645460 0.005699565 0.029000826 0.001777707 0.999561608
1403636731863555584.000000 3.737040758 -0.013422263 2.482703209 0.005352895 0.029557385 -0.000728382 0.999548554
1403636731913555456.000000 3.738736868 0.005031995 2.478594303 0.006159660 0.029453842 -0.002581649 0.999543846
1403636731963555584.000000 3.739796877 0.012283914 2.469934702 0.006573839 0.029234465 -0.003046982 0.999546409
1403636732013555456.000000 3.738507748 0.026632352 2.474992752 0.006806124 0.029453160 -0.004033339 0.999534845
1403636732063555584.000000 3.745334148 0.044165857 2.472162724 0.008705653 0.029000521 -0.004617494 0.999530852
1403636732113555456.000000 3.740973234 0.058290020 2.472784758 0.008693769 0.029085604 -0.004537430 0.999528825
1403636732163555584.000000 3.744764328 0.076003104 2.466821194 0.008916510 0.028775770 -0.005566162 0.999530673
1403636732213555456.000000 3.750833035 0.095018514 2.462312698 0.010957090 0.028436353 -0.005971628 0.999517739
1403636732263555584.000000 3.750442982 0.107420258 2.456955671 0.011508308 0.028628349 -0.007855741 0.999493062
1403636732313555456.000000 3.748723030 0.118950062 2.459353447 0.012350890 0.028281813 -0.007224789 0.999497592
1403636732363555584.000000 3.754559040 0.131420106 2.450965643 0.011816797 0.028794929 -0.009791783 0.999467552
1403636732413555456.000000 3.758089066 0.135014340 2.445915937 0.012980998 0.030114993 -0.014157931 0.999361873
1403636732463555584.000000 3.763589621 0.145192012 2.438316345 0.015215337 0.032109976 -0.021508843 0.999137044
1403636732513555456.000000 3.759283304 0.148108825 2.432466507 0.017754661 0.034981012 -0.030129917 0.998775899
1403636732563555584.000000 3.756016016 0.154203415 2.416825771 0.020637754 0.036761563 -0.036704801 0.998436511
1403636732613555456.000000 3.758963346 0.164077520 2.407810211 0.024092153 0.037739601 -0.041874614 0.998119175
1403636732663555584.000000 3.754306555 0.163620740 2.396975279 0.026635375 0.037300181 -0.041560907 0.998084128
1403636732713555456.000000 3.744950294 0.162153676 2.379696608 0.028389951 0.035704188 -0.038582336 0.998213768
1403636732763555584.000000 3.737462521 0.164306760 2.370213270 0.029299179 0.033925228 -0.033514038 0.998432517
1403636732813555456.000000 3.738574743 0.167954236 2.351001978 0.030982848 0.031360518 -0.028247882 0.998628378
1403636732863555584.000000 3.722392321 0.163009793 2.333269119 0.030630127 0.031041257 -0.026710864 0.998691499
1403636732913555456.000000 3.711412191 0.167498440 2.317388773 0.029878955 0.030363455 -0.025535455 0.998765826
1403636732963555584.000000 3.700392485 0.171918347 2.297264099 0.027659422 0.029818701 -0.024572769 0.998870373
1403636733013555456.000000 3.696083784 0.178990275 2.283820152 0.024837753 0.028978944 -0.023582887 0.998993099
1403636733063555584.000000 3.681516171 0.171401590 2.262996197 0.021016421 0.028971883 -0.023950221 0.999072254
1403636733113555456.000000 3.674010277 0.179782569 2.248191357 0.017059408 0.028414743 -0.023466187 0.999175131
1403636733163555584.000000 3.671080589 0.175287768 2.238024950 0.016371489 0.029291835 -0.026056647 0.999097109
1403636733213555456.000000 3.659332514 0.176559389 2.213672161 0.014959335 0.028709289 -0.026307749 0.999129653
1403636733263555584.000000 3.645530701 0.176921874 2.189365864 0.014086007 0.028477231 -0.027219318 0.999124527
1403636733313555456.000000 3.630509615 0.176870406 2.164076090 0.013708550 0.027490851 -0.025785046 0.999195457
1403636733363555584.000000 3.614711285 0.172344849 2.137314081 0.011497866 0.026392352 -0.023618395 0.999306560
1403636733413555456.000000 3.598229647 0.164887577 2.112528563 0.008493197 0.025298817 -0.022231711 0.999396682
1403636733463555584.000000 3.581657648 0.163250238 2.085051298 0.007178281 0.024547206 -0.019365193 0.999485373
1403636733513555456.000000 3.569133043 0.156686246 2.056964874 0.004819679 0.023909692 -0.018604664 0.999529421
1403636733563555584.000000 3.551316500 0.149709493 2.031427622 0.003109795 0.023671173 -0.017771451 0.999557018
1403636733613555456.000000 3.532845020 0.147624463 2.006058693 0.001743039 0.023729950 -0.018686557 0.999542296
1403636733663555584.000000 3.518201828 0.144028232 1.980947375 0.000473654 0.022915721 -0.017039219 0.999592125
1403636733713555456.000000 3.502042532 0.143638581 1.953744173 -0.000616108 0.022559138 -0.017197741 0.999597430
1403636733763555584.000000 3.484976292 0.144045651 1.927859426 -0.001184712 0.022652423 -0.018326061 0.999574780
1403636733813555456.000000 3.464461803 0.142955035 1.905664921 -0.003449177 0.022517366 -0.017635120 0.999584973
1403636733863555584.000000 3.450427771 0.145960033 1.884217024 -0.004401817 0.022234749 -0.017738484 0.999585748
1403636733913555456.000000 3.435231209 0.154575422 1.865956187 -0.002843633 0.022671390 -0.019250274 0.999553621
1403636733963555584.000000 3.419855118 0.157658488 1.841907024 -0.000819218 0.023578471 -0.022301065 0.999472916
1403636734013555456.000000 3.397894382 0.159625441 1.825476885 0.002198106 0.024323422 -0.023911510 0.999415696
1403636734063555584.000000 3.381191254 0.166860148 1.802410960 0.004959415 0.024749024 -0.023901775 0.999395669
1403636734113555456.000000 3.362986803 0.171297491 1.781809688 0.007151278 0.024969766 -0.022523103 0.999408901
1403636734163555584.000000 3.349854708 0.176753283 1.760150433 0.007922872 0.024840094 -0.022039546 0.999417067
1403636734213555456.000000 3.328274012 0.178741708 1.744927645 0.007955026 0.024406789 -0.020765046 0.999454796
1403636734263555584.000000 3.310320854 0.182082996 1.723034620 0.008859580 0.023333747 -0.019566705 0.999496996
1403636734313555456.000000 3.291688442 0.182694137 1.705813408 0.007824436 0.022541581 -0.018030435 0.999552727
1403636734363555584.000000 3.269344807 0.179457366 1.680130959 0.006086325 0.021812860 -0.017070368 0.999597788
1403636734413555456.000000 3.251020670 0.174982563 1.651876926 0.004475362 0.020723380 -0.015281876 0.999658465
1403636734463555584.000000 3.233432531 0.176734328 1.632384658 0.002769538 0.020142706 -0.015378860 0.999674976
1403636734513555456.000000 3.215621471 0.170947015 1.599871039 0.000957961 0.019060668 -0.014671740 0.999710262
1403636734563555584.000000 3.197777510 0.170389831 1.577792645 -0.001282813 0.018448669 -0.014562633 0.999723017
1403636734613555456.000000 3.175945044 0.171579480 1.561865807 -0.003476092 0.018047234 -0.014373766 0.999727786
1403636734663555584.000000 3.154693842 0.167317763 1.542888522 -0.006112171 0.018200573 -0.015724674 0.999692023
1403636734713555456.000000 3.147038698 0.172115043 1.513731241 -0.006520554 0.016928084 -0.015722970 0.999711812
1403636734763555584.000000 3.123970032 0.170037106 1.491844893 -0.006666226 0.016852520 -0.017306188 0.999686003
1403636734813555456.000000 3.104116201 0.183709607 1.483043313 -0.007412666 0.016550332 -0.017474812 0.999682844
1403636734863555584.000000 3.086777210 0.185934305 1.463732123 -0.007868479 0.015709892 -0.017608235 0.999690533
1403636734913555456.000000 3.095933437 0.196803287 1.467505217 -0.007386707 0.014241527 -0.016430251 0.999736309
1403636734963555584.000000 3.080616236 0.204634473 1.448243260 -0.007602278 0.013638782 -0.015775045 0.999753714
1403636735013555456.000000 3.064354181 0.212035894 1.432773352 -0.007459726 0.013596082 -0.016976172 0.999735653
1403636735063555584.000000 3.050074816 0.223635763 1.414856672 -0.006442766 0.013069056 -0.016177235 0.999762952
1403636735113555456.000000 3.030346870 0.230977938 1.403442860 -0.006491390 0.013156350 -0.015765730 0.999768078
1403636735163555584.000000 3.013054132 0.236829445 1.386811376 -0.006755807 0.012887084 -0.014276036 0.999792278
1403636735213555456.000000 2.995847464 0.242872745 1.371999621 -0.007749531 0.013118772 -0.013373052 0.999794543
1403636735263555584.000000 2.982628584 0.247656167 1.357316494 -0.008961125 0.012809244 -0.011826855 0.999807835
1403636735313555456.000000 2.965695143 0.248493537 1.343242407 -0.010473610 0.013270051 -0.010324752 0.999803782
1403636735363555584.000000 2.951178789 0.248906478 1.329058409 -0.011502205 0.013804757 -0.009051251 0.999797583
1403636735413555456.000000 2.934975624 0.246530905 1.314092040 -0.009815481 0.015255168 -0.008791104 0.999796867
1403636735463555584.000000 2.919961691 0.242858514 1.301260114 -0.008423326 0.016502777 -0.007307459 0.999801636
1403636735513555456.000000 2.904522657 0.230967522 1.284714341 -0.007668771 0.018656816 -0.007922575 0.999765217
1403636735563555584.000000 2.889447212 0.219342217 1.273049116 -0.006234625 0.020717904 -0.007840487 0.999735236
1403636735613555456.000000 2.877223015 0.210827321 1.258316159 -0.004794632 0.022491096 -0.008082387 0.999702871
1403636735663555584.000000 2.865199804 0.199738979 1.245422602 -0.004375936 0.024431944 -0.008116013 0.999659002
1403636735713555456.000000 2.853201628 0.190926716 1.235065579 -0.005198989 0.025482373 -0.007415918 0.999634326
1403636735763555584.000000 2.842084885 0.181169063 1.222224951 -0.005785713 0.027071005 -0.007999090 0.999584794
1403636735813555456.000000 2.828511953 0.173059449 1.210882187 -0.005688650 0.027846770 -0.007008640 0.999571443
1403636735863555584.000000 2.819063902 0.170400634 1.204819322 -0.004747181 0.028561646 -0.007132796 0.999555409
1403636735913555456.000000 2.802079439 0.163441747 1.194860816 -0.004438085 0.029041475 -0.007108680 0.999543071
1403636735963555584.000000 2.793494225 0.158231243 1.186206579 -0.004248933 0.029277781 -0.007405355 0.999534905
1403636736013555456.000000 2.780601740 0.155777454 1.177028060 -0.003259238 0.027994804 -0.009022923 0.999562085
1403636736063555584.000000 2.766760588 0.146996781 1.163112044 -0.002874504 0.024996033 -0.010987980 0.999623120
1403636736113555456.000000 2.759062767 0.147131652 1.158918619 -0.000020966 0.019781239 -0.011540266 0.999737799
1403636736163555584.000000 2.738469362 0.132978663 1.149076581 0.001413306 0.014271502 -0.013974224 0.999799550
1403636736213555456.000000 2.734149933 0.128547341 1.140538335 0.003945281 0.007089946 -0.015038574 0.999854028
1403636736263555584.000000 2.718483925 0.114675030 1.136024475 0.004246324 0.001246579 -0.017655611 0.999834418
1403636736313555456.000000 2.706769705 0.102048658 1.123098493 0.004568474 -0.004391126 -0.020124774 0.999777436
1403636736363555584.000000 2.692869663 0.093367770 1.113117814 0.004757748 -0.008909973 -0.022796076 0.999689162
1403636736413555456.000000 2.687399626 0.090858415 1.102917552 0.004913001 -0.013364932 -0.024593003 0.999596179
1403636736463555584.000000 2.683170080 0.088153094 1.091093063 0.005824863 -0.016373312 -0.028714092 0.999436617
1403636736513555456.000000 2.662854433 0.077924192 1.083535552 0.005843745 -0.017394476 -0.034642801 0.999231339
1403636736563555584.000000 2.647367001 0.076183431 1.076122403 0.006353370 -0.018429294 -0.039753757 0.999019384
1403636736613555456.000000 2.647485495 0.079247773 1.060355783 0.007533332 -0.020235391 -0.043000206 0.998841703
1403636736663555584.000000 2.627771616 0.075385295 1.060689807 0.007991073 -0.020683601 -0.044830438 0.998748600
1403636736713555456.000000 2.612224102 0.074204721 1.055639148 0.008426504 -0.021407228 -0.046483781 0.998654127
1403636736763555584.000000 2.601226091 0.076958060 1.048683047 0.007875167 -0.022258177 -0.046860237 0.998622417
1403636736813555456.000000 2.590010166 0.082118995 1.039827824 0.009010841 -0.023224445 -0.048186820 0.998527706
1403636736863555584.000000 2.564892769 0.082189776 1.038872719 0.008907503 -0.023952862 -0.047281634 0.998554707
1403636736913555456.000000 2.554093599 0.088601969 1.025019169 0.008152533 -0.025033206 -0.047928348 0.998503804
1403636736963555584.000000 2.537460804 0.092198737 1.017081857 0.008234119 -0.026887687 -0.046228599 0.998535097
1403636737013555456.000000 2.527874231 0.096944891 1.000420451 0.008031724 -0.030006588 -0.042398620 0.998617828
1403636737063555584.000000 2.509997368 0.099571474 0.995639205 0.008017960 -0.032329101 -0.039668910 0.998657644
1403636737113555456.000000 2.493570328 0.103793211 0.990780354 0.008648708 -0.035078198 -0.035896469 0.998702288
1403636737163555584.000000 2.470302582 0.107318230 0.977230370 0.007678275 -0.036648028 -0.035228249 0.998677611
1403636737213555456.000000 2.450144768 0.127057508 0.971234143 0.008009750 -0.038565513 -0.034852568 0.998615980
1403636737263555584.000000 2.439758539 0.135107189 0.960160494 0.007520923 -0.041176952 -0.032185774 0.998605013
1403636737313555456.000000 2.415248632 0.141938329 0.961798608 0.004328704 -0.041812040 -0.033855155 0.998542368
1403636737363555584.000000 2.415551186 0.153743148 0.962231100 0.002650997 -0.043841738 -0.032882527 0.998493731
1403636737413555456.000000 2.397349119 0.165960729 0.951779902 0.000857050 -0.044866160 -0.033335745 0.998436332
1403636737463555584.000000 2.383262634 0.168012172 0.941355288 -0.002053933 -0.046467066 -0.033613212 0.998352051
1403636737513555456.000000 2.368873835 0.177050292 0.931500971 -0.003468126 -0.047209278 -0.034787040 0.998273134
1403636737563555584.000000 2.352710962 0.183502302 0.918130815 -0.004043201 -0.048666928 -0.033170365 0.998256028
1403636737613555456.000000 2.334604025 0.178814873 0.907034218 -0.005639385 -0.049796760 -0.031398848 0.998249829
1403636737663555584.000000 2.316178322 0.175285071 0.897323430 -0.007249071 -0.051264782 -0.027746538 0.998273253
1403636737713555456.000000 2.295548916 0.172746241 0.887774050 -0.008805312 -0.051940136 -0.024755768 0.998304486
1403636737763555584.000000 2.283262253 0.161905974 0.877802014 -0.010070193 -0.053248253 -0.022633187 0.998273969
1403636737813555456.000000 2.263874531 0.158683971 0.869655013 -0.010467389 -0.053421486 -0.019727653 0.998322368
1403636737863555584.000000 2.258106232 0.150205433 0.855453849 -0.010568597 -0.054304287 -0.018290637 0.998300970
1403636737913555456.000000 2.239247561 0.137428656 0.848648846 -0.010784631 -0.053826418 -0.018016763 0.998329520
1403636737963555584.000000 2.227911949 0.126684204 0.836926937 -0.010211587 -0.053735796 -0.017048715 0.998357475
1403636738013555456.000000 2.216360331 0.111828975 0.829561174 -0.009680848 -0.052795220 -0.017185310 0.998410583
1403636738063555584.000000 2.209086895 0.096714854 0.815774918 -0.009811945 -0.052050836 -0.017468104 0.998443425
1403636738113555456.000000 2.201192141 0.078685917 0.811167479 -0.008623320 -0.050406981 -0.020568809 0.998479664
1403636738163555584.000000 2.191043139 0.059540596 0.805115819 -0.007677617 -0.049065609 -0.021680141 0.998530746
1403636738213555456.000000 2.179425240 0.046300266 0.800772071 -0.006338913 -0.047451459 -0.023137236 0.998585463
1403636738263555584.000000 2.173692942 0.035702839 0.791433990 -0.005801197 -0.046591382 -0.022828106 0.998636365
1403636738313555456.000000 2.165085316 0.017890314 0.784899414 -0.006422864 -0.045518599 -0.023375820 0.998669326
1403636738363555584.000000 2.163520336 0.016605161 0.777839899 -0.005805607 -0.044694126 -0.022654463 0.998726964
1403636738413555456.000000 2.161415339 0.006632931 0.771166861 -0.006262741 -0.044250850 -0.022206774 0.998753965
1403636738463555584.000000 2.157741070 -0.001063916 0.771362007 -0.006782048 -0.042401031 -0.022283003 0.998829126
1403636738513555456.000000 2.149420261 -0.008835465 0.770962834 -0.008118117 -0.038503308 -0.021123707 0.999002218
1403636738563555584.000000 2.141948700 -0.018992519 0.772746921 -0.010403287 -0.033036534 -0.019131741 0.999216855
1403636738613555456.000000 2.142752171 -0.015179507 0.773855567 -0.011484612 -0.027006811 -0.015860915 0.999443471
1403636738663555584.000000 2.143964291 -0.014902573 0.772859395 -0.011363254 -0.019158140 -0.012790638 0.999670088
1403636738713555456.000000 2.150540113 -0.021452779 0.771170199 -0.010854241 -0.010824764 -0.008412075 0.999847114
1403636738763555584.000000 2.150962830 -0.022428751 0.780286729 -0.007836823 -0.000641041 -0.004246478 0.999960065
1403636738813555456.000000 2.151944160 -0.023150133 0.779344141 -0.004786314 0.010303125 0.001768893 0.999933898
1403636738863555584.000000 2.153476715 -0.023735549 0.785068393 -0.001473369 0.021617746 0.007751290 0.999735236
1403636738913555456.000000 2.151964903 -0.017101549 0.793410003 0.001173634 0.034317754 0.013860750 0.999314189
1403636738963555584.000000 2.151019335 -0.023593968 0.804838300 0.001835424 0.046882272 0.020439964 0.998689592
1403636739013555456.000000 2.159456253 -0.018431641 0.812310636 0.003945633 0.059595641 0.028347971 0.997812271
1403636739063555584.000000 2.169646740 -0.010359004 0.807331681 0.004956763 0.072697572 0.035915408 0.996694863
1403636739113555456.000000 2.170205355 -0.003166155 0.820027828 0.005737733 0.088590458 0.039601702 0.995264113
1403636739163555584.000000 2.184751034 -0.002623599 0.832415998 0.004022544 0.103990279 0.039802916 0.993773460
1403636739213555456.000000 2.193048716 0.008414850 0.843952358 0.004504982 0.120645508 0.041578170 0.991814315
1403636739263555584.000000 2.208473921 0.018698549 0.856298447 0.004091783 0.137363076 0.042055294 0.989619195
1403636739313555456.000000 2.211506844 0.025422418 0.864394844 0.003489597 0.154463246 0.040670507 0.987154961
1403636739363555584.000000 2.227395535 0.040865179 0.874015689 0.003028844 0.170990258 0.039494235 0.984476268
1403636739413555456.000000 2.251866341 0.053127714 0.871491849 0.002672908 0.185346052 0.040184151 0.981847763
1403636739463555584.000000 2.274212122 0.061471596 0.868809819 0.002451991 0.199300975 0.041955929 0.979036689
1403636739513555456.000000 2.278491735 0.069279850 0.890509248 0.001831653 0.213070050 0.045078922 0.975994766
1403636739563555584.000000 2.294065952 0.077626504 0.898524344 0.003655892 0.223930389 0.050399426 0.973294318
1403636739613555456.000000 2.313221931 0.079899758 0.895072758 0.004467965 0.232122317 0.056028616 0.971061349
1403636739663555584.000000 2.320639610 0.079414472 0.893938243 0.003120547 0.240058541 0.057813663 0.969030321
1403636739713555456.000000 2.334870815 0.085564733 0.900456071 0.004364996 0.245876208 0.059911925 0.967438102
1403636739763555584.000000 2.344602108 0.088570282 0.897527575 0.005336806 0.249453455 0.064750634 0.966204941
1403636739813555456.000000 2.352358818 0.089598656 0.900071561 0.005705999 0.252462208 0.067118265 0.965259254
1403636739863555584.000000 2.358106852 0.087294213 0.902428508 0.004928790 0.255300671 0.068328142 0.964431763
1403636739913555456.000000 2.372685909 0.088863023 0.901013613 0.004733710 0.256383210 0.068635061 0.964123726
1403636739963555584.000000 2.383260965 0.098127447 0.901193023 0.004840942 0.257253349 0.068465054 0.963903427
1403636740013555456.000000 2.393893480 0.122957826 0.916807890 0.005120747 0.257925749 0.068163626 0.963743687
1403636740063555584.000000 2.399375916 0.120081171 0.915734649 0.003312607 0.258323699 0.065917127 0.963801265
1403636740113555456.000000 2.413145065 0.141670018 0.920422316 0.003820343 0.258505642 0.063040778 0.963943005
1403636740163555584.000000 2.427043200 0.157225758 0.927585185 0.003282643 0.258723944 0.059419613 0.964116454
1403636740213555456.000000 2.438753605 0.162984744 0.925014019 0.002558716 0.258781552 0.054685466 0.964383245
1403636740263555584.000000 2.444947004 0.173222557 0.930314720 0.001434488 0.258925945 0.050795820 0.964559555
1403636740313555456.000000 2.456388950 0.179498941 0.925341368 0.002978330 0.257419229 0.050163943 0.964992285
1403636740363555584.000000 2.469460964 0.199611634 0.929476261 0.004539451 0.254754096 0.052359622 0.965576708
1403636740413555456.000000 2.483737707 0.224534646 0.928812385 0.007097490 0.252161205 0.056113005 0.966030896
1403636740463555584.000000 2.490520239 0.235467553 0.932417750 0.006773267 0.250393391 0.058317628 0.966362417
1403636740513555456.000000 2.499933004 0.255446911 0.933893561 0.009814922 0.248236835 0.060154974 0.966779947
1403636740563555584.000000 2.507674694 0.275024354 0.939117670 0.010754189 0.247232214 0.059798189 0.967049479
1403636740613555456.000000 2.515970469 0.291220397 0.949051857 0.011167512 0.245935917 0.059410997 0.967399240
1403636740663555584.000000 2.523625374 0.306264281 0.950170338 0.010626381 0.244404584 0.061032806 0.967692316
1403636740713555456.000000 2.517458916 0.303194702 0.952793241 0.007496414 0.243988946 0.060670473 0.967849314
1403636740763555584.000000 2.529136658 0.325768828 0.943798780 0.005476715 0.242783368 0.060998727 0.968145370
1403636740813555456.000000 2.533139706 0.335660964 0.950690985 0.004997129 0.242129222 0.061005227 0.968311429
1403636740863555584.000000 2.541148424 0.348240763 0.950899363 0.005929521 0.241439253 0.060731728 0.968495548
1403636740913555456.000000 2.547431231 0.358507872 0.951091290 0.006456675 0.241846085 0.057076823 0.968612969
1403636740963555584.000000 2.562638521 0.370769978 0.945415616 0.007411222 0.242317632 0.052849811 0.968728125
1403636741013555456.000000 2.568226099 0.393858820 0.947296739 0.007280640 0.244353294 0.045148402 0.968607306
1403636741063555584.000000 2.582575321 0.420420647 0.945959687 0.008195996 0.246782526 0.039488174 0.968231380
1403636741113555456.000000 2.592729568 0.438909948 0.950793386 0.009547792 0.249593571 0.038409952 0.967541516
1403636741163555584.000000 2.595160007 0.455064595 0.953884244 0.011029167 0.253517449 0.039713401 0.966452360
1403636741213555456.000000 2.604628801 0.476143628 0.954850554 0.013398914 0.256438285 0.044496354 0.965442896
1403636741263555584.000000 2.606585979 0.498785973 0.958716989 0.015307521 0.258735299 0.050743934 0.964493036
1403636741313555456.000000 2.613510132 0.522660792 0.962074518 0.015488197 0.259945810 0.056655489 0.963835299
1403636741363555584.000000 2.616547585 0.547861874 0.961485684 0.012390973 0.261176705 0.063165732 0.963142455
1403636741413555456.000000 2.617871523 0.571813583 0.965983748 0.008907506 0.263053358 0.067235306 0.962394476
1403636741463555584.000000 2.622932911 0.594782114 0.967670023 0.004625129 0.264476329 0.070050612 0.961833596
1403636741513555456.000000 2.624437332 0.619888604 0.969716012 -0.002555992 0.265783608 0.073122174 0.961252153
1403636741563555584.000000 2.629199028 0.638260245 0.966954827 -0.005694491 0.265346885 0.078910351 0.960901558
1403636741613555456.000000 2.628815889 0.656809986 0.970604241 -0.010193042 0.267291605 0.077277929 0.960457921
1403636741663555584.000000 2.632526636 0.674807429 0.968957841 -0.011942443 0.267800570 0.077442452 0.960282743
1403636741713555456.000000 2.637460232 0.685046375 0.969584346 -0.011914756 0.268341571 0.076396182 0.960215867
1403636741763555584.000000 2.643311262 0.696389854 0.969478726 -0.009851577 0.268690646 0.073979400 0.960330904
1403636741813555456.000000 2.649448872 0.709279358 0.967941880 -0.007627350 0.268869728 0.071519949 0.960487306
1403636741863555584.000000 2.652091265 0.717844307 0.968579412 -0.005370071 0.269267499 0.067432061 0.960686803
1403636741913555456.000000 2.661192417 0.730280519 0.970539868 -0.004823534 0.269073874 0.063397378 0.961018622
1403636741963555584.000000 2.667721033 0.744137585 0.968528807 -0.004681392 0.269011408 0.057579648 0.961402953
1403636742013555456.000000 2.670999050 0.759275734 0.974678576 -0.007074968 0.269138247 0.053304821 0.961599290
1403636742063555584.000000 2.679213047 0.777986288 0.976360679 -0.010169507 0.267414957 0.051931523 0.962127328
1403636742113555456.000000 2.681335926 0.792706788 0.984704733 -0.014983865 0.265294194 0.053510804 0.962564886
1403636742163555584.000000 2.685765028 0.809675217 0.985060334 -0.017397495 0.262620211 0.056765877 0.963070929
1403636742213555456.000000 2.688742876 0.815330923 0.993024826 -0.018954873 0.260512412 0.058949422 0.963482738
1403636742263555584.000000 2.695066690 0.823697150 0.995713353 -0.018624937 0.257429540 0.062936857 0.964065433
1403636742313555456.000000 2.694937229 0.825933218 1.005965710 -0.016283892 0.255791426 0.063045926 0.964536548
1403636742363555584.000000 2.701998711 0.832625151 1.005892396 -0.011426701 0.254287720 0.064195685 0.964928091
1403636742413555456.000000 2.705375671 0.830324292 1.012224078 -0.007399456 0.253068507 0.063001119 0.965366483
1403636742463555584.000000 2.709539175 0.835095167 1.018341303 -0.004059236 0.252226442 0.063081920 0.965601385
1403636742513555456.000000 2.714956522 0.836257279 1.026842237 -0.001967318 0.251323581 0.062302720 0.965893865
1403636742563555584.000000 2.714612484 0.835184097 1.030122161 -0.000930070 0.250627905 0.061485808 0.966128528
1403636742613555456.000000 2.724966288 0.838796735 1.035087824 0.001384742 0.249822214 0.060589481 0.966393292
1403636742663555584.000000 2.727785826 0.832373559 1.043658137 0.003649954 0.249849036 0.059510533 0.966447473
1403636742713555456.000000 2.735501051 0.837133408 1.044403315 0.006609821 0.248718083 0.059050780 0.966751635
1403636742763555584.000000 2.745399237 0.844401300 1.046068192 0.008947618 0.247606024 0.058951356 0.967024326
1403636742813555456.000000 2.746802092 0.846794844 1.054229379 0.009992099 0.247512281 0.057622585 0.967118144
1403636742863555584.000000 2.756018639 0.859258056 1.060435891 0.011738556 0.246169493 0.058667261 0.967378438
1403636742913555456.000000 2.761871338 0.871345520 1.065414190 0.012771505 0.245317191 0.059080366 0.967556655
1403636742963555584.000000 2.765126467 0.883266807 1.077064991 0.012959999 0.246091679 0.060027264 0.967299163
1403636743013555456.000000 2.767171144 0.885109484 1.083155632 0.009963194 0.248324066 0.060995210 0.966703415
1403636743063555584.000000 2.783090830 0.910984337 1.083260655 0.005099989 0.249909371 0.064906381 0.966077864
1403636743113555456.000000 2.787084579 0.923213959 1.095674992 -0.004000691 0.252830297 0.068789572 0.965053856
1403636743163555584.000000 2.796104670 0.941866696 1.099311590 -0.015138729 0.254733324 0.073740408 0.964076817
1403636743213555456.000000 2.801518440 0.954248190 1.110594034 -0.023911657 0.256989300 0.076786399 0.963062108
1403636743263555584.000000 2.810066223 0.971453309 1.117140770 -0.032703370 0.259045780 0.078734882 0.962094963
1403636743313555456.000000 2.816066027 0.984451175 1.131018162 -0.036019836 0.260947704 0.081103444 0.961265385
1403636743363555584.000000 2.826015949 0.993559062 1.142195106 -0.037444290 0.261780560 0.083106264 0.960813344
1403636743413555456.000000 2.840477228 0.996594667 1.151653767 -0.037245736 0.262523919 0.084561974 0.960491180
1403636743463555584.000000 2.849631310 0.999787867 1.165144682 -0.033599872 0.263838738 0.083684243 0.960342228
1403636743513555456.000000 2.860303879 0.994476855 1.178312063 -0.030463453 0.265147448 0.082787707 0.960164070
1403636743563555584.000000 2.873834610 1.004696727 1.191077948 -0.024810214 0.266411155 0.081099138 0.960121095
1403636743613555456.000000 2.887795210 1.002618670 1.201436639 -0.020550705 0.267437160 0.077734627 0.960214794
1403636743663555584.000000 2.905703306 1.007219195 1.219772935 -0.017375393 0.268348664 0.075029418 0.960238338
1403636743713555456.000000 2.923715115 1.018607855 1.237306118 -0.012671875 0.269805610 0.070981473 0.960211456
1403636743763555584.000000 2.938277245 1.023490787 1.253818035 -0.007926540 0.272736967 0.067698114 0.959671199
1403636743813555456.000000 2.959990025 1.037045002 1.273137808 -0.004249828 0.275526166 0.068941250 0.958808899
1403636743863555584.000000 2.970320225 1.040696383 1.297897339 -0.000375929 0.278677821 0.071842007 0.957693756
1403636743913555456.000000 2.992643833 1.050866723 1.309774995 0.002329532 0.281816810 0.070912205 0.956841350
1403636743963555584.000000 3.014623880 1.069323063 1.331720710 0.005804463 0.284222543 0.071001962 0.956108034
1403636744013555456.000000 3.027989626 1.083620787 1.356340647 0.007117175 0.286784977 0.071420945 0.955302477
1403636744063555584.000000 3.048988104 1.098885298 1.371916294 0.008131562 0.290397912 0.070399776 0.954278171
1403636744113555456.000000 3.063287973 1.119216919 1.394317627 0.009087334 0.294935137 0.071029611 0.952830315
1403636744163555584.000000 3.081841469 1.138678432 1.416307211 0.010357590 0.299047977 0.072418481 0.951429784
1403636744213555456.000000 3.100089788 1.154659033 1.438597918 0.011936360 0.302108943 0.074787036 0.950260341
1403636744263555584.000000 3.110521078 1.175682783 1.461240292 0.014743950 0.304737180 0.077479109 0.949165404
1403636744313555456.000000 3.120907307 1.195119739 1.483688116 0.015255713 0.307217658 0.078924477 0.948238134
1403636744363555584.000000 3.139236927 1.224503279 1.502989173 0.016843477 0.307826042 0.082847998 0.947679102
1403636744413555456.000000 3.151854515 1.248012424 1.526490450 0.018001480 0.308048248 0.086251840 0.947281897
1403636744463555584.000000 3.166787148 1.275807619 1.545053720 0.019493287 0.307534397 0.090328075 0.947039366
1403636744513555456.000000 3.176285505 1.303804636 1.566550732 0.021770280 0.306008726 0.095328212 0.946993828
1403636744563555584.000000 3.193141937 1.331730604 1.587615013 0.023879126 0.305322140 0.096279182 0.947068393
1403636744613555456.000000 3.203507662 1.364006400 1.611223936 0.026378766 0.304466069 0.098521851 0.947046995
1403636744663555584.000000 3.219554663 1.398878932 1.630396605 0.028361471 0.303868175 0.098334268 0.947201192
1403636744713555456.000000 3.232351065 1.430362940 1.648257017 0.029406132 0.304806858 0.095026635 0.947205365
1403636744763555584.000000 3.247107983 1.467638373 1.665171385 0.028812768 0.306338012 0.089750171 0.947244346
1403636744813555456.000000 3.261888742 1.493338108 1.678679109 0.026685571 0.307401627 0.086403660 0.947273254
1403636744863555584.000000 3.279662132 1.526122093 1.691686630 0.023775088 0.308108509 0.083639637 0.947369158
1403636744913555456.000000 3.292888165 1.562507510 1.708085299 0.018634450 0.308976024 0.080786571 0.947449267
1403636744963555584.000000 3.309096336 1.603877068 1.727530360 0.015931966 0.308551252 0.079739526 0.947725654
1403636745013555456.000000 3.325409651 1.625411868 1.735979915 0.010949250 0.306996703 0.080842890 0.948207617
1403636745063555584.000000 3.333713293 1.639305830 1.739544868 0.006878011 0.305423945 0.081629850 0.948686182
1403636745113555456.000000 3.347268343 1.661814451 1.748837233 0.001951821 0.303200454 0.082716361 0.949328005
1403636745163555584.000000 3.361388206 1.683101654 1.757884502 0.000786457 0.300432444 0.084881969 0.950018346
1403636745213555456.000000 3.373497963 1.700815678 1.766708612 -0.000559331 0.298573315 0.083081111 0.950763464
1403636745263555584.000000 3.387225389 1.717700720 1.776699305 -0.001801414 0.296441108 0.081945479 0.951527417
1403636745313555456.000000 3.399526358 1.736509323 1.788753271 -0.001122689 0.294639587 0.079497129 0.952295363
1403636745363555584.000000 3.414676666 1.749005556 1.795262098 0.002604143 0.292701393 0.076375507 0.953145266
1403636745413555456.000000 3.427112341 1.757401824 1.803682804 0.007320235 0.291815162 0.073206894 0.953640997
1403636745463555584.000000 3.439934969 1.766424298 1.813195944 0.010874158 0.291841000 0.070196621 0.953825474
1403636745513555456.000000 3.452216387 1.773610950 1.819213390 0.014188010 0.291810602 0.069800675 0.953820288
1403636745563555584.000000 3.465588808 1.780653358 1.828859210 0.015788626 0.292807639 0.069567330 0.953506589
1403636745613555456.000000 3.478594065 1.784647822 1.833923697 0.017196082 0.294315249 0.069970228 0.952988446
1403636745663555584.000000 3.489416122 1.788249373 1.841030359 0.017827665 0.296808720 0.070010006 0.952200294
1403636745713555456.000000 3.502323151 1.790525913 1.844091177 0.018418258 0.299465179 0.069845751 0.951368988
1403636745763555584.000000 3.511435747 1.790226936 1.846177816 0.017700179 0.303066075 0.068833604 0.950315595
1403636745813555456.000000 3.522001028 1.789452434 1.848598480 0.016249450 0.306203812 0.068782531 0.949338794
1403636745863555584.000000 3.531562567 1.785629034 1.853106737 0.015037403 0.310443938 0.067451820 0.948076308
1403636745913555456.000000 3.538802147 1.777012229 1.850338221 0.014455634 0.314239323 0.067061961 0.946861923
1403636745963555584.000000 3.545201063 1.773979068 1.854020357 0.013326220 0.318875909 0.065074764 0.945465982
1403636746013555456.000000 3.554706335 1.764546990 1.852474689 0.011826184 0.322420418 0.063913964 0.944362342
1403636746063555584.000000 3.557377815 1.753207326 1.849372745 0.010172582 0.325978190 0.062676169 0.943242550
1403636746113555456.000000 3.557671309 1.746009588 1.855683446 0.007783104 0.329847872 0.061029565 0.942027211
1403636746163555584.000000 3.562617540 1.731253386 1.852571249 0.008294614 0.331736654 0.060815148 0.941373229
1403636746213555456.000000 3.562505007 1.719082832 1.853138804 0.009938308 0.333732188 0.059911437 0.940709651
1403636746263555584.000000 3.556951523 1.701591253 1.851515293 0.014401446 0.335462183 0.059099682 0.940087795
1403636746313555456.000000 3.555007458 1.684673429 1.850364804 0.022897072 0.337077767 0.056716662 0.939487994
1403636746363555584.000000 3.546928883 1.669614792 1.855705857 0.029346444 0.338153869 0.056442328 0.938938320
1403636746413555456.000000 3.539747238 1.656224012 1.855272651 0.032367144 0.338474870 0.055881444 0.938756883
1403636746463555584.000000 3.532317162 1.648562908 1.857727051 0.031036388 0.336986631 0.059632391 0.939106345
1403636746513555456.000000 3.520645142 1.641114116 1.858807683 0.026247082 0.335331082 0.063673608 0.939579606
1403636746563555584.000000 3.510512590 1.641366839 1.864708543 0.018611599 0.332500309 0.070147887 0.940306544
1403636746613555456.000000 3.496566772 1.640879154 1.868246078 0.008313084 0.329388767 0.076039754 0.941090822
1403636746663555584.000000 3.485587835 1.639080644 1.875360727 -0.002210500 0.325171858 0.083669402 0.941943645
1403636746713555456.000000 3.471993685 1.642373681 1.877808094 -0.010552063 0.320486218 0.092399776 0.942676842
1403636746763555584.000000 3.457780361 1.640975714 1.885596752 -0.015577110 0.316672862 0.099572152 0.943165481
1403636746813555456.000000 3.445791483 1.642280221 1.890259147 -0.016170425 0.313210964 0.104651563 0.943761408
1403636746863555584.000000 3.435990095 1.640188456 1.900091410 -0.015395158 0.310746700 0.108414195 0.944164157
1403636746913555456.000000 3.428092957 1.641886950 1.904321671 -0.013169519 0.308589041 0.109735638 0.944752574
1403636746963555584.000000 3.420776367 1.638402939 1.910678387 -0.011977767 0.307497084 0.108565830 0.945259571
1403636747013555456.000000 3.415965557 1.630962372 1.917909384 -0.010049995 0.306876570 0.107664213 0.945586741
1403636747063555584.000000 3.411731720 1.625986218 1.923636436 -0.007502472 0.308132708 0.101029426 0.945933998
1403636747113555456.000000 3.407274723 1.617736936 1.930748820 -0.005169590 0.310337722 0.093648374 0.945988297
1403636747163555584.000000 3.405765533 1.606529832 1.936734200 -0.001554746 0.311712831 0.088907778 0.946006477
1403636747213555456.000000 3.403587341 1.594236016 1.941496611 0.000115942 0.313932300 0.082517013 0.945852757
1403636747263555584.000000 3.403296232 1.579208612 1.946789026 0.001935456 0.315471977 0.078705877 0.945663333
1403636747313555456.000000 3.401844025 1.564784527 1.951854706 0.002364156 0.316864133 0.075866222 0.945428967
1403636747363555584.000000 3.400314808 1.549771309 1.958639860 0.002960010 0.317808509 0.074634291 0.945208371
1403636747413555456.000000 3.395867825 1.530825734 1.962669611 0.003358958 0.319061995 0.074025989 0.944832444
1403636747463555584.000000 3.394087315 1.515947700 1.969740629 0.003461980 0.320391446 0.073418044 0.944429517
1403636747513555456.000000 3.390533924 1.502589822 1.978763342 0.002553957 0.321477056 0.075152442 0.943926990
1403636747563555584.000000 3.385855198 1.487320542 1.986573458 0.001262662 0.322236359 0.076482214 0.943563819
1403636747613555456.000000 3.383028269 1.477108955 1.995942950 0.000958250 0.322914302 0.078264520 0.943186164
1403636747663555584.000000 3.377797365 1.462336183 2.003648520 0.000036458 0.323967606 0.079062097 0.942758858
1403636747713555456.000000 3.371452570 1.449797153 2.011865616 0.000019869 0.325227320 0.079791099 0.942263603
1403636747763555584.000000 3.370053291 1.434763074 2.023138046 -0.000883221 0.326478928 0.080042318 0.941808879
1403636747813555456.000000 3.363096476 1.414385200 2.031003952 -0.000920075 0.327621043 0.080994777 0.941330731
1403636747863555584.000000 3.357357025 1.391499877 2.042432785 0.000343263 0.328477830 0.082645208 0.940889001
1403636747913555456.000000 3.351751804 1.367634535 2.049106359 0.003379065 0.327595741 0.089566752 0.940557003
1403636747963555584.000000 3.346501112 1.343461752 2.058052540 0.009235116 0.326671720 0.096823387 0.940119982
1403636748013555456.000000 3.339903355 1.318278074 2.066709518 0.012875303 0.325494707 0.104723990 0.939638436
1403636748063555584.000000 3.334223270 1.299001098 2.075752020 0.015460980 0.325281769 0.109699778 0.939105272
